0 verbose cli /usr/local/nvm/versions/node/v24.16.0/bin/node /usr/local/nvm/versions/node/v24.16.0/bin/npm
1 info using npm@11.17.0
2 info using node@v24.16.0
3 silly config load:file:/usr/local/nvm/versions/node/v24.16.0/lib/node_modules/npm/npmrc
4 silly config load:file:/home/facundogonzalezsolanoyt/.npmrc
5 silly config load:file:/usr/local/nvm/versions/node/v24.16.0/etc/npmrc
6 verbose title npm install firebase-tools
7 verbose argv "install" "--global" "firebase-tools"
8 verbose logfile logs-max:10 dir:/home/facundogonzalezsolanoyt/.npm/_logs/2026-07-01T22_38_16_351Z-
9 verbose logfile /home/facundogonzalezsolanoyt/.npm/_logs/2026-07-01T22_38_16_351Z-debug-0.log
10 silly packumentCache heap:2348810240 maxSize:587202560 maxEntrySize:293601280
11 silly logfile done cleaning log files
12 silly idealTree buildDeps
13 silly fetch manifest firebase-tools@*
14 silly packumentCache full:https://registry.npmjs.org/firebase-tools cache-miss
15 http fetch GET 200 https://registry.npmjs.org/npm 199ms
16 http fetch GET 200 https://registry.npmjs.org/firebase-tools 248ms (cache miss)
17 silly packumentCache full:https://registry.npmjs.org/firebase-tools set size:undefined disposed:false
18 silly placeDep ROOT firebase-tools@15.22.4 OK for:  want: *
19 silly fetch manifest @apphosting/common@^0.0.8
20 silly packumentCache full:https://registry.npmjs.org/@apphosting%2fcommon cache-miss
21 silly fetch manifest @electric-sql/pglite@^0.3.3
22 silly packumentCache full:https://registry.npmjs.org/@electric-sql%2fpglite cache-miss
23 http fetch GET 200 https://registry.npmjs.org/@apphosting%2fcommon 69ms (cache miss)
24 silly packumentCache full:https://registry.npmjs.org/@apphosting%2fcommon set size:undefined disposed:false
25 silly fetch manifest @electric-sql/pglite-tools@^0.2.8
26 silly packumentCache full:https://registry.npmjs.org/@electric-sql%2fpglite-tools cache-miss
27 http fetch GET 200 https://registry.npmjs.org/@electric-sql%2fpglite 77ms (cache miss)
28 silly packumentCache full:https://registry.npmjs.org/@electric-sql%2fpglite set size:undefined disposed:false
29 silly fetch manifest @google-cloud/cloud-sql-connector@^1.3.3
30 silly packumentCache full:https://registry.npmjs.org/@google-cloud%2fcloud-sql-connector cache-miss
31 http fetch GET 200 https://registry.npmjs.org/@electric-sql%2fpglite-tools 60ms (cache miss)
32 silly packumentCache full:https://registry.npmjs.org/@electric-sql%2fpglite-tools set size:undefined disposed:false
33 silly fetch manifest @google-cloud/pubsub@^5.2.0
34 silly packumentCache full:https://registry.npmjs.org/@google-cloud%2fpubsub cache-miss
35 http fetch GET 200 https://registry.npmjs.org/@google-cloud%2fpubsub 75ms (cache miss)
36 silly packumentCache full:https://registry.npmjs.org/@google-cloud%2fpubsub set size:undefined disposed:false
37 silly fetch manifest @inquirer/prompts@^7.10.1
38 silly packumentCache full:https://registry.npmjs.org/@inquirer%2fprompts cache-miss
39 http fetch GET 200 https://registry.npmjs.org/@google-cloud%2fcloud-sql-connector 141ms (cache miss)
40 silly packumentCache full:https://registry.npmjs.org/@google-cloud%2fcloud-sql-connector set size:undefined disposed:false
41 silly fetch manifest @modelcontextprotocol/sdk@^1.24.0
42 silly packumentCache full:https://registry.npmjs.org/@modelcontextprotocol%2fsdk cache-miss
43 http fetch GET 200 https://registry.npmjs.org/@inquirer%2fprompts 80ms (cache miss)
44 silly packumentCache full:https://registry.npmjs.org/@inquirer%2fprompts set size:undefined disposed:false
45 silly fetch manifest abort-controller@^3.0.0
46 silly packumentCache full:https://registry.npmjs.org/abort-controller cache-miss
47 http fetch GET 200 https://registry.npmjs.org/@modelcontextprotocol%2fsdk 82ms (cache miss)
48 silly packumentCache full:https://registry.npmjs.org/@modelcontextprotocol%2fsdk set size:undefined disposed:false
49 silly fetch manifest ajv@^8.17.1
50 silly packumentCache full:https://registry.npmjs.org/ajv cache-miss
51 http fetch GET 200 https://registry.npmjs.org/abort-controller 42ms (cache miss)
52 silly packumentCache full:https://registry.npmjs.org/abort-controller set size:undefined disposed:false
53 silly fetch manifest ajv-formats@3.0.1
54 silly packumentCache full:https://registry.npmjs.org/ajv-formats cache-miss
55 http fetch GET 200 https://registry.npmjs.org/ajv 68ms (cache miss)
56 silly packumentCache full:https://registry.npmjs.org/ajv set size:undefined disposed:false
57 silly fetch manifest archiver@^7.0.0
58 silly packumentCache full:https://registry.npmjs.org/archiver cache-miss
59 http fetch GET 200 https://registry.npmjs.org/ajv-formats 52ms (cache miss)
60 silly packumentCache full:https://registry.npmjs.org/ajv-formats set size:undefined disposed:false
61 silly fetch manifest async-lock@1.4.1
62 silly packumentCache full:https://registry.npmjs.org/async-lock cache-miss
63 http fetch GET 200 https://registry.npmjs.org/archiver 48ms (cache miss)
64 silly packumentCache full:https://registry.npmjs.org/archiver set size:undefined disposed:false
65 silly fetch manifest body-parser@^1.19.0
66 silly packumentCache full:https://registry.npmjs.org/body-parser cache-miss
67 http fetch GET 200 https://registry.npmjs.org/async-lock 46ms (cache miss)
68 silly packumentCache full:https://registry.npmjs.org/async-lock set size:undefined disposed:false
69 silly fetch manifest chokidar@^3.6.0
70 silly packumentCache full:https://registry.npmjs.org/chokidar cache-miss
71 http fetch GET 200 https://registry.npmjs.org/body-parser 53ms (cache miss)
72 silly packumentCache full:https://registry.npmjs.org/body-parser set size:undefined disposed:false
73 silly fetch manifest cjson@^0.3.1
74 silly packumentCache full:https://registry.npmjs.org/cjson cache-miss
75 http fetch GET 200 https://registry.npmjs.org/chokidar 59ms (cache miss)
76 silly packumentCache full:https://registry.npmjs.org/chokidar set size:undefined disposed:false
77 silly fetch manifest cli-table3@0.6.5
78 silly packumentCache full:https://registry.npmjs.org/cli-table3 cache-miss
79 http fetch GET 200 https://registry.npmjs.org/cjson 47ms (cache miss)
80 silly packumentCache full:https://registry.npmjs.org/cjson set size:undefined disposed:false
81 silly fetch manifest colorette@^2.0.19
82 silly packumentCache full:https://registry.npmjs.org/colorette cache-miss
83 http fetch GET 200 https://registry.npmjs.org/cli-table3 40ms (cache miss)
84 silly packumentCache full:https://registry.npmjs.org/cli-table3 set size:undefined disposed:false
85 silly fetch manifest commander@^5.1.0
86 silly packumentCache full:https://registry.npmjs.org/commander cache-miss
87 http fetch GET 200 https://registry.npmjs.org/colorette 55ms (cache miss)
88 silly packumentCache full:https://registry.npmjs.org/colorette set size:undefined disposed:false
89 silly fetch manifest configstore@^5.0.1
90 silly packumentCache full:https://registry.npmjs.org/configstore cache-miss
91 http fetch GET 200 https://registry.npmjs.org/commander 62ms (cache miss)
92 silly packumentCache full:https://registry.npmjs.org/commander set size:undefined disposed:false
93 silly fetch manifest cors@^2.8.5
94 silly packumentCache full:https://registry.npmjs.org/cors cache-miss
95 http fetch GET 200 https://registry.npmjs.org/configstore 36ms (cache miss)
96 silly packumentCache full:https://registry.npmjs.org/configstore set size:undefined disposed:false
97 silly fetch manifest cross-env@^7.0.3
98 silly packumentCache full:https://registry.npmjs.org/cross-env cache-miss
99 http fetch GET 200 https://registry.npmjs.org/cors 40ms (cache miss)
100 silly packumentCache full:https://registry.npmjs.org/cors set size:undefined disposed:false
101 silly fetch manifest cross-spawn@^7.0.5
102 silly packumentCache full:https://registry.npmjs.org/cross-spawn cache-miss
103 http fetch GET 200 https://registry.npmjs.org/cross-env 39ms (cache miss)
104 silly packumentCache full:https://registry.npmjs.org/cross-env set size:undefined disposed:false
105 silly fetch manifest csv-parse@^5.0.4
106 silly packumentCache full:https://registry.npmjs.org/csv-parse cache-miss
107 http fetch GET 200 https://registry.npmjs.org/cross-spawn 37ms (cache miss)
108 silly packumentCache full:https://registry.npmjs.org/cross-spawn set size:undefined disposed:false
109 silly fetch manifest exegesis@^4.2.0
110 silly packumentCache full:https://registry.npmjs.org/exegesis cache-miss
111 http fetch GET 200 https://registry.npmjs.org/csv-parse 58ms (cache miss)
112 silly packumentCache full:https://registry.npmjs.org/csv-parse set size:undefined disposed:false
113 silly fetch manifest exegesis-express@^4.0.0
114 silly packumentCache full:https://registry.npmjs.org/exegesis-express cache-miss
115 http fetch GET 200 https://registry.npmjs.org/exegesis 57ms (cache miss)
116 silly packumentCache full:https://registry.npmjs.org/exegesis set size:undefined disposed:false
117 silly fetch manifest express@^4.16.4
118 silly packumentCache full:https://registry.npmjs.org/express cache-miss
119 http fetch GET 200 https://registry.npmjs.org/exegesis-express 46ms (cache miss)
120 silly packumentCache full:https://registry.npmjs.org/exegesis-express set size:undefined disposed:false
121 silly fetch manifest form-data@^4.0.1
122 silly packumentCache full:https://registry.npmjs.org/form-data cache-miss
123 http fetch GET 200 https://registry.npmjs.org/express 70ms (cache miss)
124 silly packumentCache full:https://registry.npmjs.org/express set size:undefined disposed:false
125 silly fetch manifest fs-extra@^10.1.0
126 silly packumentCache full:https://registry.npmjs.org/fs-extra cache-miss
127 http fetch GET 200 https://registry.npmjs.org/form-data 55ms (cache miss)
128 silly packumentCache full:https://registry.npmjs.org/form-data set size:undefined disposed:false
129 silly fetch manifest fuzzy@^0.1.3
130 silly packumentCache full:https://registry.npmjs.org/fuzzy cache-miss
131 http fetch GET 200 https://registry.npmjs.org/fuzzy 37ms (cache miss)
132 silly packumentCache full:https://registry.npmjs.org/fuzzy set size:undefined disposed:false
133 silly fetch manifest gaxios@^6.7.0
134 silly packumentCache full:https://registry.npmjs.org/gaxios cache-miss
135 http fetch GET 200 https://registry.npmjs.org/fs-extra 57ms (cache miss)
136 silly packumentCache full:https://registry.npmjs.org/fs-extra set size:undefined disposed:false
137 silly fetch manifest glob@^10.5.0
138 silly packumentCache full:https://registry.npmjs.org/glob cache-miss
139 http fetch GET 200 https://registry.npmjs.org/gaxios 55ms (cache miss)
140 silly packumentCache full:https://registry.npmjs.org/gaxios set size:undefined disposed:false
141 silly fetch manifest google-auth-library@^9.11.0
142 silly packumentCache full:https://registry.npmjs.org/google-auth-library cache-miss
143 http fetch GET 200 https://registry.npmjs.org/glob 56ms (cache miss)
144 silly packumentCache full:https://registry.npmjs.org/glob set size:undefined disposed:false
145 silly fetch manifest ignore@^7.0.4
146 silly packumentCache full:https://registry.npmjs.org/ignore cache-miss
147 http fetch GET 200 https://registry.npmjs.org/ignore 50ms (cache miss)
148 silly packumentCache full:https://registry.npmjs.org/ignore set size:undefined disposed:false
149 silly fetch manifest js-yaml@^4.2.0
150 silly packumentCache full:https://registry.npmjs.org/js-yaml cache-miss
151 http fetch GET 200 https://registry.npmjs.org/google-auth-library 75ms (cache miss)
152 silly packumentCache full:https://registry.npmjs.org/google-auth-library set size:undefined disposed:false
153 silly fetch manifest jsonwebtoken@^9.0.2
154 silly packumentCache full:https://registry.npmjs.org/jsonwebtoken cache-miss
155 http fetch GET 200 https://registry.npmjs.org/js-yaml 41ms (cache miss)
156 silly packumentCache full:https://registry.npmjs.org/js-yaml set size:undefined disposed:false
157 silly fetch manifest libsodium-wrappers@^0.7.10
158 silly packumentCache full:https://registry.npmjs.org/libsodium-wrappers cache-miss
159 http fetch GET 200 https://registry.npmjs.org/jsonwebtoken 53ms (cache miss)
160 silly packumentCache full:https://registry.npmjs.org/jsonwebtoken set size:undefined disposed:false
161 silly fetch manifest lodash@^4.18.0
162 silly packumentCache full:https://registry.npmjs.org/lodash cache-miss
163 http fetch GET 200 https://registry.npmjs.org/libsodium-wrappers 38ms (cache miss)
164 silly packumentCache full:https://registry.npmjs.org/libsodium-wrappers set size:undefined disposed:false
165 silly fetch manifest lsofi@^2.0.0
166 silly packumentCache full:https://registry.npmjs.org/lsofi cache-miss
167 http fetch GET 200 https://registry.npmjs.org/lsofi 38ms (cache miss)
168 silly packumentCache full:https://registry.npmjs.org/lsofi set size:undefined disposed:false
169 silly fetch manifest marked@^13.0.2
170 silly packumentCache full:https://registry.npmjs.org/marked cache-miss
171 http fetch GET 200 https://registry.npmjs.org/lodash 54ms (cache miss)
172 silly packumentCache full:https://registry.npmjs.org/lodash set size:undefined disposed:false
173 silly fetch manifest marked-terminal@^7.0.0
174 silly packumentCache full:https://registry.npmjs.org/marked-terminal cache-miss
175 http fetch GET 200 https://registry.npmjs.org/marked-terminal 45ms (cache miss)
176 silly packumentCache full:https://registry.npmjs.org/marked-terminal set size:undefined disposed:false
177 silly fetch manifest mime@^2.5.2
178 silly packumentCache full:https://registry.npmjs.org/mime cache-miss
179 http fetch GET 200 https://registry.npmjs.org/marked 64ms (cache miss)
180 silly packumentCache full:https://registry.npmjs.org/marked set size:undefined disposed:false
181 silly fetch manifest minimatch@^3.0.4
182 silly packumentCache full:https://registry.npmjs.org/minimatch cache-miss
183 http fetch GET 200 https://registry.npmjs.org/mime 42ms (cache miss)
184 silly packumentCache full:https://registry.npmjs.org/mime set size:undefined disposed:false
185 silly fetch manifest morgan@^1.10.0
186 silly packumentCache full:https://registry.npmjs.org/morgan cache-miss
187 http fetch GET 200 https://registry.npmjs.org/minimatch 48ms (cache miss)
188 silly packumentCache full:https://registry.npmjs.org/minimatch set size:undefined disposed:false
189 silly fetch manifest node-fetch@^2.6.7
190 silly packumentCache full:https://registry.npmjs.org/node-fetch cache-miss
191 http fetch GET 200 https://registry.npmjs.org/morgan 41ms (cache miss)
192 silly packumentCache full:https://registry.npmjs.org/morgan set size:undefined disposed:false
193 silly fetch manifest open@^6.3.0
194 silly packumentCache full:https://registry.npmjs.org/open cache-miss
195 http fetch GET 200 https://registry.npmjs.org/open 50ms (cache miss)
196 silly packumentCache full:https://registry.npmjs.org/open set size:undefined disposed:false
197 silly fetch manifest ora@^5.4.1
198 silly packumentCache full:https://registry.npmjs.org/ora cache-miss
199 http fetch GET 200 https://registry.npmjs.org/node-fetch 77ms (cache miss)
200 silly packumentCache full:https://registry.npmjs.org/node-fetch set size:undefined disposed:false
201 silly fetch manifest pg@^8.11.3
202 silly packumentCache full:https://registry.npmjs.org/pg cache-miss
203 http fetch GET 200 https://registry.npmjs.org/ora 41ms (cache miss)
204 silly packumentCache full:https://registry.npmjs.org/ora set size:undefined disposed:false
205 silly fetch manifest pg-gateway@^0.3.0-beta.4
206 silly packumentCache full:https://registry.npmjs.org/pg-gateway cache-miss
207 http fetch GET 200 https://registry.npmjs.org/pg 54ms (cache miss)
208 silly packumentCache full:https://registry.npmjs.org/pg set size:undefined disposed:false
209 silly fetch manifest pglite-2@npm:@electric-sql/pglite@0.2.17
210 silly packumentCache full:https://registry.npmjs.org/@electric-sql%2fpglite cache-miss
211 http cache https://registry.npmjs.org/@electric-sql%2fpglite 14ms (cache hit)
212 silly packumentCache full:https://registry.npmjs.org/@electric-sql%2fpglite set size:339066 disposed:false
213 silly fetch manifest portfinder@^1.0.32
214 silly packumentCache full:https://registry.npmjs.org/portfinder cache-miss
215 http fetch GET 200 https://registry.npmjs.org/pg-gateway 58ms (cache miss)
216 silly packumentCache full:https://registry.npmjs.org/pg-gateway set size:undefined disposed:false
217 silly fetch manifest progress@^2.0.3
218 silly packumentCache full:https://registry.npmjs.org/progress cache-miss
219 http fetch GET 200 https://registry.npmjs.org/progress 38ms (cache miss)
220 silly packumentCache full:https://registry.npmjs.org/progress set size:undefined disposed:false
221 silly fetch manifest proxy-agent@^6.3.0
222 silly packumentCache full:https://registry.npmjs.org/proxy-agent cache-miss
223 http fetch GET 200 https://registry.npmjs.org/portfinder 46ms (cache miss)
224 silly packumentCache full:https://registry.npmjs.org/portfinder set size:undefined disposed:false
225 silly fetch manifest retry@^0.13.1
226 silly packumentCache full:https://registry.npmjs.org/retry cache-miss
227 http fetch GET 200 https://registry.npmjs.org/proxy-agent 42ms (cache miss)
228 silly packumentCache full:https://registry.npmjs.org/proxy-agent set size:undefined disposed:false
229 silly fetch manifest semver@^7.5.2
230 silly packumentCache full:https://registry.npmjs.org/semver cache-miss
231 http fetch GET 200 https://registry.npmjs.org/retry 43ms (cache miss)
232 silly packumentCache full:https://registry.npmjs.org/retry set size:undefined disposed:false
233 silly fetch manifest sql-formatter@^15.3.0
234 silly packumentCache full:https://registry.npmjs.org/sql-formatter cache-miss
235 http fetch GET 200 https://registry.npmjs.org/semver 47ms (cache miss)
236 silly packumentCache full:https://registry.npmjs.org/semver set size:undefined disposed:false
237 silly fetch manifest stream-chain@^2.2.4
238 silly packumentCache full:https://registry.npmjs.org/stream-chain cache-miss
239 http fetch GET 200 https://registry.npmjs.org/sql-formatter 60ms (cache miss)
240 silly packumentCache full:https://registry.npmjs.org/sql-formatter set size:undefined disposed:false
241 silly fetch manifest stream-json@^1.7.3
242 silly packumentCache full:https://registry.npmjs.org/stream-json cache-miss
243 http fetch GET 200 https://registry.npmjs.org/stream-chain 55ms (cache miss)
244 silly packumentCache full:https://registry.npmjs.org/stream-chain set size:undefined disposed:false
245 silly fetch manifest superstatic@^10.0.0
246 silly packumentCache full:https://registry.npmjs.org/superstatic cache-miss
247 http fetch GET 200 https://registry.npmjs.org/stream-json 44ms (cache miss)
248 silly packumentCache full:https://registry.npmjs.org/stream-json set size:undefined disposed:false
249 silly fetch manifest tar@^7.5.11
250 silly packumentCache full:https://registry.npmjs.org/tar cache-miss
251 http fetch GET 200 https://registry.npmjs.org/superstatic 52ms (cache miss)
252 silly packumentCache full:https://registry.npmjs.org/superstatic set size:undefined disposed:false
253 silly fetch manifest tcp-port-used@^1.0.2
254 silly packumentCache full:https://registry.npmjs.org/tcp-port-used cache-miss
255 http fetch GET 200 https://registry.npmjs.org/tar 58ms (cache miss)
256 silly packumentCache full:https://registry.npmjs.org/tar set size:undefined disposed:false
257 silly fetch manifest tmp@^0.2.3
258 silly packumentCache full:https://registry.npmjs.org/tmp cache-miss
259 http fetch GET 200 https://registry.npmjs.org/tcp-port-used 38ms (cache miss)
260 silly packumentCache full:https://registry.npmjs.org/tcp-port-used set size:undefined disposed:false
261 silly fetch manifest triple-beam@^1.3.0
262 silly packumentCache full:https://registry.npmjs.org/triple-beam cache-miss
263 http fetch GET 200 https://registry.npmjs.org/tmp 39ms (cache miss)
264 silly packumentCache full:https://registry.npmjs.org/tmp set size:undefined disposed:false
265 silly fetch manifest universal-analytics@^0.5.3
266 silly packumentCache full:https://registry.npmjs.org/universal-analytics cache-miss
267 http fetch GET 200 https://registry.npmjs.org/triple-beam 33ms (cache miss)
268 silly packumentCache full:https://registry.npmjs.org/triple-beam set size:undefined disposed:false
269 silly fetch manifest update-notifier-cjs@^5.1.6
270 silly packumentCache full:https://registry.npmjs.org/update-notifier-cjs cache-miss
271 http fetch GET 200 https://registry.npmjs.org/universal-analytics 48ms (cache miss)
272 silly packumentCache full:https://registry.npmjs.org/universal-analytics set size:undefined disposed:false
273 silly fetch manifest winston@^3.0.0
274 silly packumentCache full:https://registry.npmjs.org/winston cache-miss
275 http fetch GET 200 https://registry.npmjs.org/winston 44ms (cache miss)
276 silly packumentCache full:https://registry.npmjs.org/winston set size:undefined disposed:false
277 silly fetch manifest winston-transport@^4.4.0
278 silly packumentCache full:https://registry.npmjs.org/winston-transport cache-miss
279 http fetch GET 200 https://registry.npmjs.org/update-notifier-cjs 109ms (cache miss)
280 silly packumentCache full:https://registry.npmjs.org/update-notifier-cjs set size:undefined disposed:false
281 silly fetch manifest ws@^7.5.10
282 silly packumentCache full:https://registry.npmjs.org/ws cache-miss
283 http fetch GET 200 https://registry.npmjs.org/winston-transport 36ms (cache miss)
284 silly packumentCache full:https://registry.npmjs.org/winston-transport set size:undefined disposed:false
285 silly fetch manifest yaml@^2.8.3
286 silly packumentCache full:https://registry.npmjs.org/yaml cache-miss
287 http fetch GET 200 https://registry.npmjs.org/ws 50ms (cache miss)
288 silly packumentCache full:https://registry.npmjs.org/ws set size:undefined disposed:false
289 silly fetch manifest zod@^4.0.0
290 silly packumentCache full:https://registry.npmjs.org/zod cache-miss
291 http fetch GET 200 https://registry.npmjs.org/yaml 55ms (cache miss)
292 silly packumentCache full:https://registry.npmjs.org/yaml set size:undefined disposed:false
293 http fetch GET 200 https://registry.npmjs.org/zod 106ms (cache miss)
294 silly packumentCache full:https://registry.npmjs.org/zod set size:undefined disposed:false
295 silly fetch manifest @types/node@>=18
296 silly packumentCache full:https://registry.npmjs.org/@types%2fnode cache-miss
297 http fetch GET 200 https://registry.npmjs.org/@types%2fnode 210ms (cache miss)
298 silly packumentCache full:https://registry.npmjs.org/@types%2fnode set size:undefined disposed:false
299 silly fetch manifest @cfworker/json-schema@^4.1.1
300 silly packumentCache full:https://registry.npmjs.org/@cfworker%2fjson-schema cache-miss
301 http fetch GET 200 https://registry.npmjs.org/@cfworker%2fjson-schema 58ms (cache miss)
302 silly packumentCache full:https://registry.npmjs.org/@cfworker%2fjson-schema set size:undefined disposed:false
303 silly fetch manifest encoding@^0.1.0
304 silly packumentCache full:https://registry.npmjs.org/encoding cache-miss
305 http fetch GET 200 https://registry.npmjs.org/encoding 35ms (cache miss)
306 silly packumentCache full:https://registry.npmjs.org/encoding set size:undefined disposed:false
307 silly fetch manifest pg-native@>=3.0.1
308 silly packumentCache full:https://registry.npmjs.org/pg-native cache-miss
309 http fetch GET 200 https://registry.npmjs.org/pg-native 40ms (cache miss)
310 silly packumentCache full:https://registry.npmjs.org/pg-native set size:undefined disposed:false
311 silly fetch manifest bufferutil@^4.0.1
312 silly packumentCache full:https://registry.npmjs.org/bufferutil cache-miss
313 http fetch GET 200 https://registry.npmjs.org/bufferutil 35ms (cache miss)
314 silly packumentCache full:https://registry.npmjs.org/bufferutil set size:undefined disposed:false
315 silly fetch manifest utf-8-validate@^5.0.2
316 silly packumentCache full:https://registry.npmjs.org/utf-8-validate cache-miss
317 http fetch GET 200 https://registry.npmjs.org/utf-8-validate 37ms (cache miss)
318 silly packumentCache full:https://registry.npmjs.org/utf-8-validate set size:undefined disposed:false
319 silly placeDep node_modules/firebase-tools @apphosting/common@0.0.8 OK for: firebase-tools@15.22.4 want: ^0.0.8
320 silly placeDep node_modules/firebase-tools @electric-sql/pglite@0.3.16 OK for: firebase-tools@15.22.4 want: ^0.3.3
321 silly placeDep node_modules/firebase-tools @electric-sql/pglite-tools@0.2.21 OK for: firebase-tools@15.22.4 want: ^0.2.8
322 silly placeDep node_modules/firebase-tools @google-cloud/cloud-sql-connector@1.11.2 OK for: firebase-tools@15.22.4 want: ^1.3.3
323 silly placeDep node_modules/firebase-tools @google-cloud/pubsub@5.3.1 OK for: firebase-tools@15.22.4 want: ^5.2.0
324 silly placeDep node_modules/firebase-tools @inquirer/prompts@7.10.1 OK for: firebase-tools@15.22.4 want: ^7.10.1
325 silly placeDep node_modules/firebase-tools @modelcontextprotocol/sdk@1.29.0 OK for: firebase-tools@15.22.4 want: ^1.24.0
326 silly placeDep node_modules/firebase-tools abort-controller@3.0.0 OK for: firebase-tools@15.22.4 want: ^3.0.0
327 silly placeDep node_modules/firebase-tools ajv@8.20.0 OK for: firebase-tools@15.22.4 want: ^8.17.1
328 silly placeDep node_modules/firebase-tools ajv-formats@3.0.1 OK for: firebase-tools@15.22.4 want: 3.0.1
329 silly placeDep node_modules/firebase-tools archiver@7.0.1 OK for: firebase-tools@15.22.4 want: ^7.0.0
330 silly placeDep node_modules/firebase-tools async-lock@1.4.1 OK for: firebase-tools@15.22.4 want: 1.4.1
331 silly placeDep node_modules/firebase-tools body-parser@1.20.5 OK for: firebase-tools@15.22.4 want: ^1.19.0
332 silly placeDep node_modules/firebase-tools chokidar@3.6.0 OK for: firebase-tools@15.22.4 want: ^3.6.0
333 silly placeDep node_modules/firebase-tools cjson@0.3.3 OK for: firebase-tools@15.22.4 want: ^0.3.1
334 silly placeDep node_modules/firebase-tools cli-table3@0.6.5 OK for: firebase-tools@15.22.4 want: 0.6.5
335 silly placeDep node_modules/firebase-tools colorette@2.0.20 OK for: firebase-tools@15.22.4 want: ^2.0.19
336 silly placeDep node_modules/firebase-tools commander@5.1.0 OK for: firebase-tools@15.22.4 want: ^5.1.0
337 silly placeDep node_modules/firebase-tools configstore@5.0.1 OK for: firebase-tools@15.22.4 want: ^5.0.1
338 silly placeDep node_modules/firebase-tools cors@2.8.6 OK for: firebase-tools@15.22.4 want: ^2.8.5
339 silly placeDep node_modules/firebase-tools cross-env@7.0.3 OK for: firebase-tools@15.22.4 want: ^7.0.3
340 silly placeDep node_modules/firebase-tools cross-spawn@7.0.6 OK for: firebase-tools@15.22.4 want: ^7.0.5
341 silly placeDep node_modules/firebase-tools csv-parse@5.6.0 OK for: firebase-tools@15.22.4 want: ^5.0.4
342 silly placeDep node_modules/firebase-tools exegesis@4.3.0 OK for: firebase-tools@15.22.4 want: ^4.2.0
343 silly placeDep node_modules/firebase-tools exegesis-express@4.0.0 OK for: firebase-tools@15.22.4 want: ^4.0.0
344 silly placeDep node_modules/firebase-tools express@4.22.2 OK for: firebase-tools@15.22.4 want: ^4.16.4
345 silly placeDep node_modules/firebase-tools form-data@4.0.6 OK for: firebase-tools@15.22.4 want: ^4.0.1
346 silly placeDep node_modules/firebase-tools fs-extra@10.1.0 OK for: firebase-tools@15.22.4 want: ^10.1.0
347 silly placeDep node_modules/firebase-tools fuzzy@0.1.3 OK for: firebase-tools@15.22.4 want: ^0.1.3
348 silly placeDep node_modules/firebase-tools gaxios@6.7.1 OK for: firebase-tools@15.22.4 want: ^6.7.0
349 silly placeDep node_modules/firebase-tools glob@10.5.0 OK for: firebase-tools@15.22.4 want: ^10.5.0
350 silly placeDep node_modules/firebase-tools google-auth-library@9.15.1 OK for: firebase-tools@15.22.4 want: ^9.11.0
351 silly placeDep node_modules/firebase-tools ignore@7.0.5 OK for: firebase-tools@15.22.4 want: ^7.0.4
352 silly placeDep node_modules/firebase-tools js-yaml@4.3.0 OK for: firebase-tools@15.22.4 want: ^4.2.0
353 silly placeDep node_modules/firebase-tools jsonwebtoken@9.0.3 OK for: firebase-tools@15.22.4 want: ^9.0.2
354 silly placeDep node_modules/firebase-tools libsodium-wrappers@0.7.16 OK for: firebase-tools@15.22.4 want: ^0.7.10
355 silly placeDep node_modules/firebase-tools lodash@4.18.1 OK for: firebase-tools@15.22.4 want: ^4.18.0
356 silly placeDep node_modules/firebase-tools lsofi@2.0.0 OK for: firebase-tools@15.22.4 want: ^2.0.0
357 silly placeDep node_modules/firebase-tools marked@13.0.3 OK for: firebase-tools@15.22.4 want: ^13.0.2
358 silly placeDep node_modules/firebase-tools marked-terminal@7.3.0 OK for: firebase-tools@15.22.4 want: ^7.0.0
359 silly placeDep node_modules/firebase-tools mime@2.6.0 OK for: firebase-tools@15.22.4 want: ^2.5.2
360 silly placeDep node_modules/firebase-tools minimatch@3.1.5 OK for: firebase-tools@15.22.4 want: ^3.0.4
361 silly placeDep node_modules/firebase-tools morgan@1.11.0 OK for: firebase-tools@15.22.4 want: ^1.10.0
362 silly placeDep node_modules/firebase-tools node-fetch@2.7.0 OK for: firebase-tools@15.22.4 want: ^2.6.7
363 silly placeDep node_modules/firebase-tools open@6.4.0 OK for: firebase-tools@15.22.4 want: ^6.3.0
364 silly placeDep node_modules/firebase-tools ora@5.4.1 OK for: firebase-tools@15.22.4 want: ^5.4.1
365 silly placeDep node_modules/firebase-tools pg@8.22.0 OK for: firebase-tools@15.22.4 want: ^8.11.3
366 silly placeDep node_modules/firebase-tools pg-gateway@0.3.0-beta.4 OK for: firebase-tools@15.22.4 want: ^0.3.0-beta.4
367 silly placeDep node_modules/firebase-tools pglite-2@0.2.17 OK for: firebase-tools@15.22.4 want: npm:@electric-sql/pglite@0.2.17
368 silly placeDep node_modules/firebase-tools portfinder@1.0.38 OK for: firebase-tools@15.22.4 want: ^1.0.32
369 silly placeDep node_modules/firebase-tools progress@2.0.3 OK for: firebase-tools@15.22.4 want: ^2.0.3
370 silly placeDep node_modules/firebase-tools proxy-agent@6.5.0 OK for: firebase-tools@15.22.4 want: ^6.3.0
371 silly placeDep node_modules/firebase-tools retry@0.13.1 OK for: firebase-tools@15.22.4 want: ^0.13.1
372 silly placeDep node_modules/firebase-tools semver@7.8.5 OK for: firebase-tools@15.22.4 want: ^7.5.2
373 silly placeDep node_modules/firebase-tools sql-formatter@15.8.2 OK for: firebase-tools@15.22.4 want: ^15.3.0
374 silly placeDep node_modules/firebase-tools stream-chain@2.2.5 OK for: firebase-tools@15.22.4 want: ^2.2.4
375 silly placeDep node_modules/firebase-tools stream-json@1.9.1 OK for: firebase-tools@15.22.4 want: ^1.7.3
376 silly placeDep node_modules/firebase-tools superstatic@10.0.0 OK for: firebase-tools@15.22.4 want: ^10.0.0
377 silly placeDep node_modules/firebase-tools tar@7.5.19 OK for: firebase-tools@15.22.4 want: ^7.5.11
378 silly placeDep node_modules/firebase-tools tcp-port-used@1.0.3 OK for: firebase-tools@15.22.4 want: ^1.0.2
379 silly placeDep node_modules/firebase-tools tmp@0.2.7 OK for: firebase-tools@15.22.4 want: ^0.2.3
380 silly placeDep node_modules/firebase-tools triple-beam@1.4.1 OK for: firebase-tools@15.22.4 want: ^1.3.0
381 silly placeDep node_modules/firebase-tools universal-analytics@0.5.4 OK for: firebase-tools@15.22.4 want: ^0.5.3
382 silly placeDep node_modules/firebase-tools update-notifier-cjs@5.1.7 OK for: firebase-tools@15.22.4 want: ^5.1.6
383 silly placeDep node_modules/firebase-tools winston@3.19.0 OK for: firebase-tools@15.22.4 want: ^3.0.0
384 silly placeDep node_modules/firebase-tools winston-transport@4.9.0 OK for: firebase-tools@15.22.4 want: ^4.4.0
385 silly placeDep node_modules/firebase-tools ws@7.5.11 OK for: firebase-tools@15.22.4 want: ^7.5.10
386 silly placeDep node_modules/firebase-tools yaml@2.9.0 OK for: firebase-tools@15.22.4 want: ^2.8.3
387 silly placeDep node_modules/firebase-tools zod@4.4.3 OK for: firebase-tools@15.22.4 want: ^4.0.0
388 silly fetch manifest @googleapis/sqladmin@^37.0.0
389 silly packumentCache full:https://registry.npmjs.org/@googleapis%2fsqladmin cache-miss
390 silly fetch manifest gaxios@^7.1.4
391 silly packumentCache full:https://registry.npmjs.org/gaxios cache-miss
392 http cache https://registry.npmjs.org/gaxios 7ms (cache hit)
393 silly packumentCache full:https://registry.npmjs.org/gaxios set size:348857 disposed:false
394 silly fetch manifest google-auth-library@^10.6.2
395 silly packumentCache full:https://registry.npmjs.org/google-auth-library cache-miss
396 http cache https://registry.npmjs.org/google-auth-library 6ms (cache hit)
397 silly packumentCache full:https://registry.npmjs.org/google-auth-library set size:730700 disposed:false
398 silly fetch manifest p-throttle@^7.0.0
399 silly packumentCache full:https://registry.npmjs.org/p-throttle cache-miss
400 http fetch GET 200 https://registry.npmjs.org/@googleapis%2fsqladmin 67ms (cache miss)
401 silly packumentCache full:https://registry.npmjs.org/@googleapis%2fsqladmin set size:undefined disposed:false
402 silly fetch manifest @google-cloud/paginator@^6.0.0
403 silly packumentCache full:https://registry.npmjs.org/@google-cloud%2fpaginator cache-miss
404 http fetch GET 200 https://registry.npmjs.org/p-throttle 42ms (cache miss)
405 silly packumentCache full:https://registry.npmjs.org/p-throttle set size:undefined disposed:false
406 silly fetch manifest @google-cloud/precise-date@^5.0.0
407 silly packumentCache full:https://registry.npmjs.org/@google-cloud%2fprecise-date cache-miss
408 http fetch GET 200 https://registry.npmjs.org/@google-cloud%2fpaginator 60ms (cache miss)
409 silly packumentCache full:https://registry.npmjs.org/@google-cloud%2fpaginator set size:undefined disposed:false
410 silly fetch manifest @google-cloud/projectify@^5.0.0
411 silly packumentCache full:https://registry.npmjs.org/@google-cloud%2fprojectify cache-miss
412 http fetch GET 200 https://registry.npmjs.org/@google-cloud%2fprecise-date 64ms (cache miss)
413 silly packumentCache full:https://registry.npmjs.org/@google-cloud%2fprecise-date set size:undefined disposed:false
414 silly fetch manifest @google-cloud/promisify@^5.0.0
415 silly packumentCache full:https://registry.npmjs.org/@google-cloud%2fpromisify cache-miss
416 http fetch GET 200 https://registry.npmjs.org/@google-cloud%2fpromisify 65ms (cache miss)
417 silly packumentCache full:https://registry.npmjs.org/@google-cloud%2fpromisify set size:undefined disposed:false
418 silly fetch manifest @opentelemetry/api@~1.9.0
419 silly packumentCache full:https://registry.npmjs.org/@opentelemetry%2fapi cache-miss
420 http fetch GET 200 https://registry.npmjs.org/@google-cloud%2fprojectify 126ms (cache miss)
421 silly packumentCache full:https://registry.npmjs.org/@google-cloud%2fprojectify set size:undefined disposed:false
422 silly fetch manifest @opentelemetry/core@^1.30.1
423 silly packumentCache full:https://registry.npmjs.org/@opentelemetry%2fcore cache-miss
424 http fetch GET 200 https://registry.npmjs.org/@opentelemetry%2fapi 64ms (cache miss)
425 silly packumentCache full:https://registry.npmjs.org/@opentelemetry%2fapi set size:undefined disposed:false
426 silly fetch manifest @opentelemetry/semantic-conventions@~1.39.0
427 silly packumentCache full:https://registry.npmjs.org/@opentelemetry%2fsemantic-conventions cache-miss
428 http fetch GET 200 https://registry.npmjs.org/@opentelemetry%2fcore 88ms (cache miss)
429 silly packumentCache full:https://registry.npmjs.org/@opentelemetry%2fcore set size:undefined disposed:false
430 silly fetch manifest arrify@^2.0.0
431 silly packumentCache full:https://registry.npmjs.org/arrify cache-miss
432 http fetch GET 200 https://registry.npmjs.org/@opentelemetry%2fsemantic-conventions 87ms (cache miss)
433 silly packumentCache full:https://registry.npmjs.org/@opentelemetry%2fsemantic-conventions set size:undefined disposed:false
434 silly fetch manifest extend@^3.0.2
435 silly packumentCache full:https://registry.npmjs.org/extend cache-miss
436 http fetch GET 200 https://registry.npmjs.org/arrify 36ms (cache miss)
437 silly packumentCache full:https://registry.npmjs.org/arrify set size:undefined disposed:false
438 silly fetch manifest google-auth-library@^10.5.0
439 silly packumentCache full:https://registry.npmjs.org/google-auth-library cache-hit
440 silly fetch manifest google-gax@^5.0.5
441 silly packumentCache full:https://registry.npmjs.org/google-gax cache-miss
442 http fetch GET 200 https://registry.npmjs.org/extend 36ms (cache miss)
443 silly packumentCache full:https://registry.npmjs.org/extend set size:undefined disposed:false
444 silly fetch manifest google-logging-utils@^1.1.3
445 silly packumentCache full:https://registry.npmjs.org/google-logging-utils cache-miss
446 http fetch GET 200 https://registry.npmjs.org/google-logging-utils 36ms (cache miss)
447 silly packumentCache full:https://registry.npmjs.org/google-logging-utils set size:undefined disposed:false
448 silly fetch manifest heap-js@^2.6.0
449 silly packumentCache full:https://registry.npmjs.org/heap-js cache-miss
450 http fetch GET 200 https://registry.npmjs.org/heap-js 46ms (cache miss)
451 silly packumentCache full:https://registry.npmjs.org/heap-js set size:undefined disposed:false
452 silly fetch manifest is-stream-ended@^0.1.4
453 silly packumentCache full:https://registry.npmjs.org/is-stream-ended cache-miss
454 http fetch GET 200 https://registry.npmjs.org/google-gax 113ms (cache miss)
455 silly packumentCache full:https://registry.npmjs.org/google-gax set size:undefined disposed:false
456 silly fetch manifest lodash.snakecase@^4.1.1
457 silly packumentCache full:https://registry.npmjs.org/lodash.snakecase cache-miss
458 http fetch GET 200 https://registry.npmjs.org/is-stream-ended 40ms (cache miss)
459 silly packumentCache full:https://registry.npmjs.org/is-stream-ended set size:undefined disposed:false
460 silly fetch manifest long@^5.3.1
461 silly packumentCache full:https://registry.npmjs.org/long cache-miss
462 http fetch GET 200 https://registry.npmjs.org/lodash.snakecase 43ms (cache miss)
463 silly packumentCache full:https://registry.npmjs.org/lodash.snakecase set size:undefined disposed:false
464 silly fetch manifest p-defer@^3.0.0
465 silly packumentCache full:https://registry.npmjs.org/p-defer cache-miss
466 http fetch GET 200 https://registry.npmjs.org/long 45ms (cache miss)
467 silly packumentCache full:https://registry.npmjs.org/long set size:undefined disposed:false
468 silly fetch manifest @inquirer/input@^4.3.1
469 silly packumentCache full:https://registry.npmjs.org/@inquirer%2finput cache-miss
470 http fetch GET 200 https://registry.npmjs.org/p-defer 44ms (cache miss)
471 silly packumentCache full:https://registry.npmjs.org/p-defer set size:undefined disposed:false
472 silly fetch manifest @inquirer/editor@^4.2.23
473 silly packumentCache full:https://registry.npmjs.org/@inquirer%2feditor cache-miss
474 http fetch GET 200 https://registry.npmjs.org/@inquirer%2finput 63ms (cache miss)
475 silly packumentCache full:https://registry.npmjs.org/@inquirer%2finput set size:undefined disposed:false
476 silly fetch manifest @inquirer/expand@^4.0.23
477 silly packumentCache full:https://registry.npmjs.org/@inquirer%2fexpand cache-miss
478 http fetch GET 200 https://registry.npmjs.org/@inquirer%2feditor 70ms (cache miss)
479 silly packumentCache full:https://registry.npmjs.org/@inquirer%2feditor set size:undefined disposed:false
480 silly fetch manifest @inquirer/number@^3.0.23
481 silly packumentCache full:https://registry.npmjs.org/@inquirer%2fnumber cache-miss
482 http fetch GET 200 https://registry.npmjs.org/@inquirer%2fexpand 61ms (cache miss)
483 silly packumentCache full:https://registry.npmjs.org/@inquirer%2fexpand set size:undefined disposed:false
484 silly fetch manifest @inquirer/search@^3.2.2
485 silly packumentCache full:https://registry.npmjs.org/@inquirer%2fsearch cache-miss
486 http fetch GET 200 https://registry.npmjs.org/@inquirer%2fnumber 62ms (cache miss)
487 silly packumentCache full:https://registry.npmjs.org/@inquirer%2fnumber set size:undefined disposed:false
488 silly fetch manifest @inquirer/select@^4.4.2
489 silly packumentCache full:https://registry.npmjs.org/@inquirer%2fselect cache-miss
490 http fetch GET 200 https://registry.npmjs.org/@inquirer%2fsearch 59ms (cache miss)
491 silly packumentCache full:https://registry.npmjs.org/@inquirer%2fsearch set size:undefined disposed:false
492 silly fetch manifest @inquirer/confirm@^5.1.21
493 silly packumentCache full:https://registry.npmjs.org/@inquirer%2fconfirm cache-miss
494 http fetch GET 200 https://registry.npmjs.org/@inquirer%2fselect 63ms (cache miss)
495 silly packumentCache full:https://registry.npmjs.org/@inquirer%2fselect set size:undefined disposed:false
496 silly fetch manifest @inquirer/rawlist@^4.1.11
497 silly packumentCache full:https://registry.npmjs.org/@inquirer%2frawlist cache-miss
498 http fetch GET 200 https://registry.npmjs.org/@inquirer%2fconfirm 66ms (cache miss)
499 silly packumentCache full:https://registry.npmjs.org/@inquirer%2fconfirm set size:undefined disposed:false
500 silly fetch manifest @inquirer/checkbox@^4.3.2
501 silly packumentCache full:https://registry.npmjs.org/@inquirer%2fcheckbox cache-miss
502 http fetch GET 200 https://registry.npmjs.org/@inquirer%2frawlist 82ms (cache miss)
503 silly packumentCache full:https://registry.npmjs.org/@inquirer%2frawlist set size:undefined disposed:false
504 silly fetch manifest @inquirer/password@^4.0.23
505 silly packumentCache full:https://registry.npmjs.org/@inquirer%2fpassword cache-miss
506 http fetch GET 200 https://registry.npmjs.org/@inquirer%2fcheckbox 68ms (cache miss)
507 silly packumentCache full:https://registry.npmjs.org/@inquirer%2fcheckbox set size:undefined disposed:false
508 silly fetch manifest zod@^3.25 || ^4.0
509 silly packumentCache full:https://registry.npmjs.org/zod cache-miss
510 http cache https://registry.npmjs.org/zod 14ms (cache hit)
511 silly packumentCache full:https://registry.npmjs.org/zod set size:3552562 disposed:false
512 silly fetch manifest hono@^4.11.4
513 silly packumentCache full:https://registry.npmjs.org/hono cache-miss
514 http fetch GET 200 https://registry.npmjs.org/@inquirer%2fpassword 74ms (cache miss)
515 silly packumentCache full:https://registry.npmjs.org/@inquirer%2fpassword set size:undefined disposed:false
516 silly fetch manifest jose@^6.1.3
517 silly packumentCache full:https://registry.npmjs.org/jose cache-miss
518 http fetch GET 200 https://registry.npmjs.org/jose 88ms (cache miss)
519 silly packumentCache full:https://registry.npmjs.org/jose set size:undefined disposed:false
520 silly fetch manifest express@^5.2.1
521 silly packumentCache full:https://registry.npmjs.org/express cache-miss
522 http cache https://registry.npmjs.org/express 15ms (cache hit)
523 silly packumentCache full:https://registry.npmjs.org/express set size:804933 disposed:false
524 silly fetch manifest raw-body@^3.0.0
525 silly packumentCache full:https://registry.npmjs.org/raw-body cache-miss
526 http fetch GET 200 https://registry.npmjs.org/hono 204ms (cache miss)
527 silly packumentCache full:https://registry.npmjs.org/hono set size:undefined disposed:false
528 silly fetch manifest ajv-formats@^3.0.1
529 silly packumentCache full:https://registry.npmjs.org/ajv-formats cache-miss
530 http fetch GET 200 https://registry.npmjs.org/raw-body 112ms (cache miss)
531 silly packumentCache full:https://registry.npmjs.org/raw-body set size:undefined disposed:false
532 silly fetch manifest eventsource@^3.0.2
533 silly packumentCache full:https://registry.npmjs.org/eventsource cache-miss
534 http cache https://registry.npmjs.org/ajv-formats 30ms (cache hit)
535 silly packumentCache full:https://registry.npmjs.org/ajv-formats set size:141264 disposed:false
536 silly fetch manifest content-type@^1.0.5
537 silly packumentCache full:https://registry.npmjs.org/content-type cache-miss
538 http fetch GET 200 https://registry.npmjs.org/eventsource 50ms (cache miss)
539 silly packumentCache full:https://registry.npmjs.org/eventsource set size:undefined disposed:false
540 silly fetch manifest pkce-challenge@^5.0.0
541 silly packumentCache full:https://registry.npmjs.org/pkce-challenge cache-miss
542 http fetch GET 200 https://registry.npmjs.org/content-type 46ms (cache miss)
543 silly packumentCache full:https://registry.npmjs.org/content-type set size:undefined disposed:false
544 silly fetch manifest @hono/node-server@^1.19.9
545 silly packumentCache full:https://registry.npmjs.org/@hono%2fnode-server cache-miss
546 http fetch GET 200 https://registry.npmjs.org/pkce-challenge 35ms (cache miss)
547 silly packumentCache full:https://registry.npmjs.org/pkce-challenge set size:undefined disposed:false
548 silly fetch manifest json-schema-typed@^8.0.2
549 silly packumentCache full:https://registry.npmjs.org/json-schema-typed cache-miss
550 http fetch GET 200 https://registry.npmjs.org/json-schema-typed 43ms (cache miss)
551 silly packumentCache full:https://registry.npmjs.org/json-schema-typed set size:undefined disposed:false
552 silly fetch manifest eventsource-parser@^3.0.0
553 silly packumentCache full:https://registry.npmjs.org/eventsource-parser cache-miss
554 http fetch GET 200 https://registry.npmjs.org/@hono%2fnode-server 80ms (cache miss)
555 silly packumentCache full:https://registry.npmjs.org/@hono%2fnode-server set size:undefined disposed:false
556 silly fetch manifest express-rate-limit@^8.2.1
557 silly packumentCache full:https://registry.npmjs.org/express-rate-limit cache-miss
558 http fetch GET 200 https://registry.npmjs.org/eventsource-parser 34ms (cache miss)
559 silly packumentCache full:https://registry.npmjs.org/eventsource-parser set size:undefined disposed:false
560 silly fetch manifest zod-to-json-schema@^3.25.1
561 silly packumentCache full:https://registry.npmjs.org/zod-to-json-schema cache-miss
562 http fetch GET 200 https://registry.npmjs.org/express-rate-limit 57ms (cache miss)
563 silly packumentCache full:https://registry.npmjs.org/express-rate-limit set size:undefined disposed:false
564 silly fetch manifest event-target-shim@^5.0.0
565 silly packumentCache full:https://registry.npmjs.org/event-target-shim cache-miss
566 http fetch GET 200 https://registry.npmjs.org/zod-to-json-schema 45ms (cache miss)
567 silly packumentCache full:https://registry.npmjs.org/zod-to-json-schema set size:undefined disposed:false
568 silly fetch manifest fast-deep-equal@^3.1.3
569 silly packumentCache full:https://registry.npmjs.org/fast-deep-equal cache-miss
570 http fetch GET 200 https://registry.npmjs.org/event-target-shim 46ms (cache miss)
571 silly packumentCache full:https://registry.npmjs.org/event-target-shim set size:undefined disposed:false
572 silly fetch manifest fast-uri@^3.0.1
573 silly packumentCache full:https://registry.npmjs.org/fast-uri cache-miss
574 http fetch GET 200 https://registry.npmjs.org/fast-deep-equal 39ms (cache miss)
575 silly packumentCache full:https://registry.npmjs.org/fast-deep-equal set size:undefined disposed:false
576 silly fetch manifest json-schema-traverse@^1.0.0
577 silly packumentCache full:https://registry.npmjs.org/json-schema-traverse cache-miss
578 http fetch GET 200 https://registry.npmjs.org/fast-uri 37ms (cache miss)
579 silly packumentCache full:https://registry.npmjs.org/fast-uri set size:undefined disposed:false
580 silly fetch manifest require-from-string@^2.0.2
581 silly packumentCache full:https://registry.npmjs.org/require-from-string cache-miss
582 http fetch GET 200 https://registry.npmjs.org/json-schema-traverse 36ms (cache miss)
583 silly packumentCache full:https://registry.npmjs.org/json-schema-traverse set size:undefined disposed:false
584 silly fetch manifest async@^3.2.4
585 silly packumentCache full:https://registry.npmjs.org/async cache-miss
586 http fetch GET 200 https://registry.npmjs.org/require-from-string 35ms (cache miss)
587 silly packumentCache full:https://registry.npmjs.org/require-from-string set size:undefined disposed:false
588 silly fetch manifest tar-stream@^3.0.0
589 silly packumentCache full:https://registry.npmjs.org/tar-stream cache-miss
590 http fetch GET 200 https://registry.npmjs.org/async 47ms (cache miss)
591 silly packumentCache full:https://registry.npmjs.org/async set size:undefined disposed:false
592 silly fetch manifest zip-stream@^6.0.1
593 silly packumentCache full:https://registry.npmjs.org/zip-stream cache-miss
594 http fetch GET 200 https://registry.npmjs.org/tar-stream 41ms (cache miss)
595 silly packumentCache full:https://registry.npmjs.org/tar-stream set size:undefined disposed:false
596 silly fetch manifest buffer-crc32@^1.0.0
597 silly packumentCache full:https://registry.npmjs.org/buffer-crc32 cache-miss
598 http fetch GET 200 https://registry.npmjs.org/zip-stream 39ms (cache miss)
599 silly packumentCache full:https://registry.npmjs.org/zip-stream set size:undefined disposed:false
600 silly fetch manifest readdir-glob@^1.1.2
601 silly packumentCache full:https://registry.npmjs.org/readdir-glob cache-miss
602 http fetch GET 200 https://registry.npmjs.org/buffer-crc32 38ms (cache miss)
603 silly packumentCache full:https://registry.npmjs.org/buffer-crc32 set size:undefined disposed:false
604 silly fetch manifest archiver-utils@^5.0.2
605 silly packumentCache full:https://registry.npmjs.org/archiver-utils cache-miss
606 http fetch GET 200 https://registry.npmjs.org/readdir-glob 40ms (cache miss)
607 silly packumentCache full:https://registry.npmjs.org/readdir-glob set size:undefined disposed:false
608 silly fetch manifest readable-stream@^4.0.0
609 silly packumentCache full:https://registry.npmjs.org/readable-stream cache-miss
610 http fetch GET 200 https://registry.npmjs.org/archiver-utils 39ms (cache miss)
611 silly packumentCache full:https://registry.npmjs.org/archiver-utils set size:undefined disposed:false
612 silly fetch manifest qs@~6.15.1
613 silly packumentCache full:https://registry.npmjs.org/qs cache-miss
614 http fetch GET 200 https://registry.npmjs.org/readable-stream 47ms (cache miss)
615 silly packumentCache full:https://registry.npmjs.org/readable-stream set size:undefined disposed:false
616 silly fetch manifest depd@2.0.0
617 silly packumentCache full:https://registry.npmjs.org/depd cache-miss
618 http fetch GET 200 https://registry.npmjs.org/qs 45ms (cache miss)
619 silly packumentCache full:https://registry.npmjs.org/qs set size:undefined disposed:false
620 silly fetch manifest bytes@~3.1.2
621 silly packumentCache full:https://registry.npmjs.org/bytes cache-miss
622 http fetch GET 200 https://registry.npmjs.org/depd 36ms (cache miss)
623 silly packumentCache full:https://registry.npmjs.org/depd set size:undefined disposed:false
624 silly fetch manifest debug@2.6.9
625 silly packumentCache full:https://registry.npmjs.org/debug cache-miss
626 http fetch GET 200 https://registry.npmjs.org/bytes 35ms (cache miss)
627 silly packumentCache full:https://registry.npmjs.org/bytes set size:undefined disposed:false
628 silly fetch manifest unpipe@~1.0.0
629 silly packumentCache full:https://registry.npmjs.org/unpipe cache-miss
630 http fetch GET 200 https://registry.npmjs.org/debug 46ms (cache miss)
631 silly packumentCache full:https://registry.npmjs.org/debug set size:undefined disposed:false
632 silly fetch manifest destroy@~1.2.0
633 silly packumentCache full:https://registry.npmjs.org/destroy cache-miss
634 http fetch GET 200 https://registry.npmjs.org/unpipe 35ms (cache miss)
635 silly packumentCache full:https://registry.npmjs.org/unpipe set size:undefined disposed:false
636 silly fetch manifest type-is@~1.6.18
637 silly packumentCache full:https://registry.npmjs.org/type-is cache-miss
638 http fetch GET 200 https://registry.npmjs.org/destroy 38ms (cache miss)
639 silly packumentCache full:https://registry.npmjs.org/destroy set size:undefined disposed:false
640 silly fetch manifest raw-body@~2.5.3
641 silly packumentCache full:https://registry.npmjs.org/raw-body cache-miss
642 http cache https://registry.npmjs.org/raw-body 6ms (cache hit)
643 silly packumentCache full:https://registry.npmjs.org/raw-body set size:117822 disposed:false
644 silly fetch manifest iconv-lite@~0.4.24
645 silly packumentCache full:https://registry.npmjs.org/iconv-lite cache-miss
646 http fetch GET 200 https://registry.npmjs.org/type-is 49ms (cache miss)
647 silly packumentCache full:https://registry.npmjs.org/type-is set size:undefined disposed:false
648 silly fetch manifest http-errors@~2.0.1
649 silly packumentCache full:https://registry.npmjs.org/http-errors cache-miss
650 http fetch GET 200 https://registry.npmjs.org/iconv-lite 44ms (cache miss)
651 silly packumentCache full:https://registry.npmjs.org/iconv-lite set size:undefined disposed:false
652 silly fetch manifest on-finished@~2.4.1
653 silly packumentCache full:https://registry.npmjs.org/on-finished cache-miss
654 http fetch GET 200 https://registry.npmjs.org/http-errors 42ms (cache miss)
655 silly packumentCache full:https://registry.npmjs.org/http-errors set size:undefined disposed:false
656 silly fetch manifest content-type@~1.0.5
657 silly packumentCache full:https://registry.npmjs.org/content-type cache-miss
658 http cache https://registry.npmjs.org/content-type 5ms (cache hit)
659 silly packumentCache full:https://registry.npmjs.org/content-type set size:18994 disposed:false
660 silly fetch manifest braces@~3.0.2
661 silly packumentCache full:https://registry.npmjs.org/braces cache-miss
662 http fetch GET 200 https://registry.npmjs.org/on-finished 44ms (cache miss)
663 silly packumentCache full:https://registry.npmjs.org/on-finished set size:undefined disposed:false
664 silly fetch manifest is-glob@~4.0.1
665 silly packumentCache full:https://registry.npmjs.org/is-glob cache-miss
666 http fetch GET 200 https://registry.npmjs.org/braces 39ms (cache miss)
667 silly packumentCache full:https://registry.npmjs.org/braces set size:undefined disposed:false
668 silly fetch manifest anymatch@~3.1.2
669 silly packumentCache full:https://registry.npmjs.org/anymatch cache-miss
670 http fetch GET 200 https://registry.npmjs.org/is-glob 46ms (cache miss)
671 silly packumentCache full:https://registry.npmjs.org/is-glob set size:undefined disposed:false
672 silly fetch manifest readdirp@~3.6.0
673 silly packumentCache full:https://registry.npmjs.org/readdirp cache-miss
674 http fetch GET 200 https://registry.npmjs.org/anymatch 43ms (cache miss)
675 silly packumentCache full:https://registry.npmjs.org/anymatch set size:undefined disposed:false
676 silly fetch manifest glob-parent@~5.1.2
677 silly packumentCache full:https://registry.npmjs.org/glob-parent cache-miss
678 http fetch GET 200 https://registry.npmjs.org/readdirp 39ms (cache miss)
679 silly packumentCache full:https://registry.npmjs.org/readdirp set size:undefined disposed:false
680 silly fetch manifest is-binary-path@~2.1.0
681 silly packumentCache full:https://registry.npmjs.org/is-binary-path cache-miss
682 http fetch GET 200 https://registry.npmjs.org/glob-parent 42ms (cache miss)
683 silly packumentCache full:https://registry.npmjs.org/glob-parent set size:undefined disposed:false
684 silly fetch manifest normalize-path@~3.0.0
685 silly packumentCache full:https://registry.npmjs.org/normalize-path cache-miss
686 http fetch GET 200 https://registry.npmjs.org/is-binary-path 39ms (cache miss)
687 silly packumentCache full:https://registry.npmjs.org/is-binary-path set size:undefined disposed:false
688 silly fetch manifest fsevents@~2.3.2
689 silly packumentCache full:https://registry.npmjs.org/fsevents cache-miss
690 http fetch GET 200 https://registry.npmjs.org/normalize-path 42ms (cache miss)
691 silly packumentCache full:https://registry.npmjs.org/normalize-path set size:undefined disposed:false
692 silly fetch manifest json-parse-helpfulerror@^1.0.3
693 silly packumentCache full:https://registry.npmjs.org/json-parse-helpfulerror cache-miss
694 http fetch GET 200 https://registry.npmjs.org/fsevents 44ms (cache miss)
695 silly packumentCache full:https://registry.npmjs.org/fsevents set size:undefined disposed:false
696 silly fetch manifest string-width@^4.2.0
697 silly packumentCache full:https://registry.npmjs.org/string-width cache-miss
698 http fetch GET 200 https://registry.npmjs.org/json-parse-helpfulerror 40ms (cache miss)
699 silly packumentCache full:https://registry.npmjs.org/json-parse-helpfulerror set size:undefined disposed:false
700 silly fetch manifest @colors/colors@1.5.0
701 silly packumentCache full:https://registry.npmjs.org/@colors%2fcolors cache-miss
702 http fetch GET 200 https://registry.npmjs.org/string-width 44ms (cache miss)
703 silly packumentCache full:https://registry.npmjs.org/string-width set size:undefined disposed:false
704 silly fetch manifest dot-prop@^5.2.0
705 silly packumentCache full:https://registry.npmjs.org/dot-prop cache-miss
706 http fetch GET 200 https://registry.npmjs.org/@colors%2fcolors 55ms (cache miss)
707 silly packumentCache full:https://registry.npmjs.org/@colors%2fcolors set size:undefined disposed:false
708 silly fetch manifest make-dir@^3.0.0
709 silly packumentCache full:https://registry.npmjs.org/make-dir cache-miss
710 http fetch GET 200 https://registry.npmjs.org/dot-prop 40ms (cache miss)
711 silly packumentCache full:https://registry.npmjs.org/dot-prop set size:undefined disposed:false
712 silly fetch manifest graceful-fs@^4.1.2
713 silly packumentCache full:https://registry.npmjs.org/graceful-fs cache-miss
714 http fetch GET 200 https://registry.npmjs.org/make-dir 35ms (cache miss)
715 silly packumentCache full:https://registry.npmjs.org/make-dir set size:undefined disposed:false
716 silly fetch manifest xdg-basedir@^4.0.0
717 silly packumentCache full:https://registry.npmjs.org/xdg-basedir cache-miss
718 http fetch GET 200 https://registry.npmjs.org/graceful-fs 42ms (cache miss)
719 silly packumentCache full:https://registry.npmjs.org/graceful-fs set size:undefined disposed:false
720 silly fetch manifest unique-string@^2.0.0
721 silly packumentCache full:https://registry.npmjs.org/unique-string cache-miss
722 http fetch GET 200 https://registry.npmjs.org/xdg-basedir 41ms (cache miss)
723 silly packumentCache full:https://registry.npmjs.org/xdg-basedir set size:undefined disposed:false
724 silly fetch manifest write-file-atomic@^3.0.0
725 silly packumentCache full:https://registry.npmjs.org/write-file-atomic cache-miss
726 http fetch GET 200 https://registry.npmjs.org/unique-string 37ms (cache miss)
727 silly packumentCache full:https://registry.npmjs.org/unique-string set size:undefined disposed:false
728 silly fetch manifest object-assign@^4
729 silly packumentCache full:https://registry.npmjs.org/object-assign cache-miss
730 http fetch GET 200 https://registry.npmjs.org/write-file-atomic 43ms (cache miss)
731 silly packumentCache full:https://registry.npmjs.org/write-file-atomic set size:undefined disposed:false
732 silly fetch manifest vary@^1
733 silly packumentCache full:https://registry.npmjs.org/vary cache-miss
734 http fetch GET 200 https://registry.npmjs.org/object-assign 39ms (cache miss)
735 silly packumentCache full:https://registry.npmjs.org/object-assign set size:undefined disposed:false
736 silly fetch manifest cross-spawn@^7.0.1
737 silly packumentCache full:https://registry.npmjs.org/cross-spawn cache-miss
738 http cache https://registry.npmjs.org/cross-spawn 11ms (cache hit)
739 silly packumentCache full:https://registry.npmjs.org/cross-spawn set size:109066 disposed:false
740 silly fetch manifest which@^2.0.1
741 silly packumentCache full:https://registry.npmjs.org/which cache-miss
742 http fetch GET 200 https://registry.npmjs.org/vary 48ms (cache miss)
743 silly packumentCache full:https://registry.npmjs.org/vary set size:undefined disposed:false
744 silly fetch manifest path-key@^3.1.0
745 silly packumentCache full:https://registry.npmjs.org/path-key cache-miss
746 http fetch GET 200 https://registry.npmjs.org/which 39ms (cache miss)
747 silly packumentCache full:https://registry.npmjs.org/which set size:undefined disposed:false
748 silly fetch manifest shebang-command@^2.0.0
749 silly packumentCache full:https://registry.npmjs.org/shebang-command cache-miss
750 http fetch GET 200 https://registry.npmjs.org/path-key 41ms (cache miss)
751 silly packumentCache full:https://registry.npmjs.org/path-key set size:undefined disposed:false
752 silly fetch manifest @apidevtools/json-schema-ref-parser@^9.0.3
753 silly packumentCache full:https://registry.npmjs.org/@apidevtools%2fjson-schema-ref-parser cache-miss
754 http fetch GET 200 https://registry.npmjs.org/shebang-command 39ms (cache miss)
755 silly packumentCache full:https://registry.npmjs.org/shebang-command set size:undefined disposed:false
756 silly fetch manifest ajv-formats@^2.1.0
757 silly packumentCache full:https://registry.npmjs.org/ajv-formats cache-hit
758 silly fetch manifest content-type@^1.0.4
759 silly packumentCache full:https://registry.npmjs.org/content-type cache-hit
760 silly fetch manifest deep-freeze@0.0.1
761 silly packumentCache full:https://registry.npmjs.org/deep-freeze cache-miss
762 http fetch GET 200 https://registry.npmjs.org/deep-freeze 38ms (cache miss)
763 silly packumentCache full:https://registry.npmjs.org/deep-freeze set size:undefined disposed:false
764 silly fetch manifest events-listener@^1.1.0
765 silly packumentCache full:https://registry.npmjs.org/events-listener cache-miss
766 http fetch GET 200 https://registry.npmjs.org/@apidevtools%2fjson-schema-ref-parser 73ms (cache miss)
767 silly packumentCache full:https://registry.npmjs.org/@apidevtools%2fjson-schema-ref-parser set size:undefined disposed:false
768 silly fetch manifest glob@^10.3.10
769 silly packumentCache full:https://registry.npmjs.org/glob cache-miss
770 http cache https://registry.npmjs.org/glob 6ms (cache hit)
771 silly packumentCache full:https://registry.npmjs.org/glob set size:469465 disposed:false
772 silly fetch manifest json-ptr@^3.0.1
773 silly packumentCache full:https://registry.npmjs.org/json-ptr cache-miss
774 http fetch GET 200 https://registry.npmjs.org/events-listener 40ms (cache miss)
775 silly packumentCache full:https://registry.npmjs.org/events-listener set size:undefined disposed:false
776 silly fetch manifest lodash@^4.17.11
777 silly packumentCache full:https://registry.npmjs.org/lodash cache-miss
778 http cache https://registry.npmjs.org/lodash 4ms (cache hit)
779 silly packumentCache full:https://registry.npmjs.org/lodash set size:247652 disposed:false
780 silly fetch manifest openapi3-ts@^3.1.1
781 silly packumentCache full:https://registry.npmjs.org/openapi3-ts cache-miss
782 http fetch GET 200 https://registry.npmjs.org/openapi3-ts 44ms (cache miss)
783 silly packumentCache full:https://registry.npmjs.org/openapi3-ts set size:undefined disposed:false
784 silly fetch manifest promise-breaker@^6.0.0
785 silly packumentCache full:https://registry.npmjs.org/promise-breaker cache-miss
786 http fetch GET 200 https://registry.npmjs.org/json-ptr 79ms (cache miss)
787 silly packumentCache full:https://registry.npmjs.org/json-ptr set size:undefined disposed:false
788 silly fetch manifest qs@^6.6.0
789 silly packumentCache full:https://registry.npmjs.org/qs cache-miss
790 http cache https://registry.npmjs.org/qs 16ms (cache hit)
791 silly packumentCache full:https://registry.npmjs.org/qs set size:360318 disposed:false
792 silly fetch manifest raw-body@^2.3.3
793 silly packumentCache full:https://registry.npmjs.org/raw-body cache-hit
794 silly fetch manifest semver@^7.0.0
795 silly packumentCache full:https://registry.npmjs.org/semver cache-miss
796 http cache https://registry.npmjs.org/semver 7ms (cache hit)
797 silly packumentCache full:https://registry.npmjs.org/semver set size:246125 disposed:false
798 silly fetch manifest etag@~1.8.1
799 silly packumentCache full:https://registry.npmjs.org/etag cache-miss
800 http fetch GET 200 https://registry.npmjs.org/promise-breaker 53ms (cache miss)
801 silly packumentCache full:https://registry.npmjs.org/promise-breaker set size:undefined disposed:false
802 silly fetch manifest send@~0.19.0
803 silly packumentCache full:https://registry.npmjs.org/send cache-miss
804 http fetch GET 200 https://registry.npmjs.org/etag 38ms (cache miss)
805 silly packumentCache full:https://registry.npmjs.org/etag set size:undefined disposed:false
806 silly fetch manifest vary@~1.1.2
807 silly packumentCache full:https://registry.npmjs.org/vary cache-miss
808 http cache https://registry.npmjs.org/vary 4ms (cache hit)
809 silly packumentCache full:https://registry.npmjs.org/vary set size:15994 disposed:false
810 silly fetch manifest fresh@~0.5.2
811 silly packumentCache full:https://registry.npmjs.org/fresh cache-miss
812 http fetch GET 200 https://registry.npmjs.org/send 47ms (cache miss)
813 silly packumentCache full:https://registry.npmjs.org/send set size:undefined disposed:false
814 silly fetch manifest cookie@~0.7.1
815 silly packumentCache full:https://registry.npmjs.org/cookie cache-miss
816 http fetch GET 200 https://registry.npmjs.org/fresh 36ms (cache miss)
817 silly packumentCache full:https://registry.npmjs.org/fresh set size:undefined disposed:false
818 silly fetch manifest accepts@~1.3.8
819 silly packumentCache full:https://registry.npmjs.org/accepts cache-miss
820 http fetch GET 200 https://registry.npmjs.org/cookie 45ms (cache miss)
821 silly packumentCache full:https://registry.npmjs.org/cookie set size:undefined disposed:false
822 silly fetch manifest methods@~1.1.2
823 silly packumentCache full:https://registry.npmjs.org/methods cache-miss
824 http fetch GET 200 https://registry.npmjs.org/accepts 41ms (cache miss)
825 silly packumentCache full:https://registry.npmjs.org/accepts set size:undefined disposed:false
826 silly fetch manifest parseurl@~1.3.3
827 silly packumentCache full:https://registry.npmjs.org/parseurl cache-miss
828 http fetch GET 200 https://registry.npmjs.org/methods 32ms (cache miss)
829 silly packumentCache full:https://registry.npmjs.org/methods set size:undefined disposed:false
830 silly fetch manifest statuses@~2.0.1
831 silly packumentCache full:https://registry.npmjs.org/statuses cache-miss
832 http fetch GET 200 https://registry.npmjs.org/parseurl 37ms (cache miss)
833 silly packumentCache full:https://registry.npmjs.org/parseurl set size:undefined disposed:false
834 silly fetch manifest encodeurl@~2.0.0
835 silly packumentCache full:https://registry.npmjs.org/encodeurl cache-miss
836 http fetch GET 200 https://registry.npmjs.org/statuses 36ms (cache miss)
837 silly packumentCache full:https://registry.npmjs.org/statuses set size:undefined disposed:false
838 silly fetch manifest proxy-addr@~2.0.7
839 silly packumentCache full:https://registry.npmjs.org/proxy-addr cache-miss
840 http fetch GET 200 https://registry.npmjs.org/encodeurl 39ms (cache miss)
841 silly packumentCache full:https://registry.npmjs.org/encodeurl set size:undefined disposed:false
842 silly fetch manifest escape-html@~1.0.3
843 silly packumentCache full:https://registry.npmjs.org/escape-html cache-miss
844 http fetch GET 200 https://registry.npmjs.org/proxy-addr 40ms (cache miss)
845 silly packumentCache full:https://registry.npmjs.org/proxy-addr set size:undefined disposed:false
846 silly fetch manifest http-errors@~2.0.0
847 silly packumentCache full:https://registry.npmjs.org/http-errors cache-miss
848 http cache https://registry.npmjs.org/http-errors 6ms (cache hit)
849 silly packumentCache full:https://registry.npmjs.org/http-errors set size:71987 disposed:false
850 silly fetch manifest safe-buffer@5.2.1
851 silly packumentCache full:https://registry.npmjs.org/safe-buffer cache-miss
852 http fetch GET 200 https://registry.npmjs.org/escape-html 39ms (cache miss)
853 silly packumentCache full:https://registry.npmjs.org/escape-html set size:undefined disposed:false
854 silly fetch manifest utils-merge@1.0.1
855 silly packumentCache full:https://registry.npmjs.org/utils-merge cache-miss
856 http fetch GET 200 https://registry.npmjs.org/safe-buffer 35ms (cache miss)
857 silly packumentCache full:https://registry.npmjs.org/safe-buffer set size:undefined disposed:false
858 silly fetch manifest content-type@~1.0.4
859 silly packumentCache full:https://registry.npmjs.org/content-type cache-hit
860 silly fetch manifest finalhandler@~1.3.1
861 silly packumentCache full:https://registry.npmjs.org/finalhandler cache-miss
862 http fetch GET 200 https://registry.npmjs.org/utils-merge 43ms (cache miss)
863 silly packumentCache full:https://registry.npmjs.org/utils-merge set size:undefined disposed:false
864 silly fetch manifest range-parser@~1.2.1
865 silly packumentCache full:https://registry.npmjs.org/range-parser cache-miss
866 http fetch GET 200 https://registry.npmjs.org/finalhandler 39ms (cache miss)
867 silly packumentCache full:https://registry.npmjs.org/finalhandler set size:undefined disposed:false
868 silly fetch manifest serve-static@~1.16.2
869 silly packumentCache full:https://registry.npmjs.org/serve-static cache-miss
870 http fetch GET 200 https://registry.npmjs.org/range-parser 35ms (cache miss)
871 silly packumentCache full:https://registry.npmjs.org/range-parser set size:undefined disposed:false
872 silly fetch manifest array-flatten@1.1.1
873 silly packumentCache full:https://registry.npmjs.org/array-flatten cache-miss
874 http fetch GET 200 https://registry.npmjs.org/serve-static 38ms (cache miss)
875 silly packumentCache full:https://registry.npmjs.org/serve-static set size:undefined disposed:false
876 silly fetch manifest path-to-regexp@~0.1.12
877 silly packumentCache full:https://registry.npmjs.org/path-to-regexp cache-miss
878 http fetch GET 200 https://registry.npmjs.org/array-flatten 37ms (cache miss)
879 silly packumentCache full:https://registry.npmjs.org/array-flatten set size:undefined disposed:false
880 silly fetch manifest setprototypeof@1.2.0
881 silly packumentCache full:https://registry.npmjs.org/setprototypeof cache-miss
882 http fetch GET 200 https://registry.npmjs.org/path-to-regexp 40ms (cache miss)
883 silly packumentCache full:https://registry.npmjs.org/path-to-regexp set size:undefined disposed:false
884 silly fetch manifest cookie-signature@~1.0.6
885 silly packumentCache full:https://registry.npmjs.org/cookie-signature cache-miss
886 http fetch GET 200 https://registry.npmjs.org/setprototypeof 38ms (cache miss)
887 silly packumentCache full:https://registry.npmjs.org/setprototypeof set size:undefined disposed:false
888 silly fetch manifest merge-descriptors@1.0.3
889 silly packumentCache full:https://registry.npmjs.org/merge-descriptors cache-miss
890 http fetch GET 200 https://registry.npmjs.org/cookie-signature 41ms (cache miss)
891 silly packumentCache full:https://registry.npmjs.org/cookie-signature set size:undefined disposed:false
892 silly fetch manifest content-disposition@~0.5.4
893 silly packumentCache full:https://registry.npmjs.org/content-disposition cache-miss
894 http fetch GET 200 https://registry.npmjs.org/merge-descriptors 36ms (cache miss)
895 silly packumentCache full:https://registry.npmjs.org/merge-descriptors set size:undefined disposed:false
896 silly fetch manifest hasown@^2.0.4
897 silly packumentCache full:https://registry.npmjs.org/hasown cache-miss
898 http fetch GET 200 https://registry.npmjs.org/content-disposition 36ms (cache miss)
899 silly packumentCache full:https://registry.npmjs.org/content-disposition set size:undefined disposed:false
900 silly fetch manifest asynckit@^0.4.0
901 silly packumentCache full:https://registry.npmjs.org/asynckit cache-miss
902 http fetch GET 200 https://registry.npmjs.org/hasown 38ms (cache miss)
903 silly packumentCache full:https://registry.npmjs.org/hasown set size:undefined disposed:false
904 silly fetch manifest mime-types@^2.1.35
905 silly packumentCache full:https://registry.npmjs.org/mime-types cache-miss
906 http fetch GET 200 https://registry.npmjs.org/asynckit 40ms (cache miss)
907 silly packumentCache full:https://registry.npmjs.org/asynckit set size:undefined disposed:false
908 silly fetch manifest combined-stream@^1.0.8
909 silly packumentCache full:https://registry.npmjs.org/combined-stream cache-miss
910 http fetch GET 200 https://registry.npmjs.org/mime-types 38ms (cache miss)
911 silly packumentCache full:https://registry.npmjs.org/mime-types set size:undefined disposed:false
912 silly fetch manifest es-set-tostringtag@^2.1.0
913 silly packumentCache full:https://registry.npmjs.org/es-set-tostringtag cache-miss
914 http fetch GET 200 https://registry.npmjs.org/es-set-tostringtag 35ms (cache miss)
915 silly packumentCache full:https://registry.npmjs.org/es-set-tostringtag set size:undefined disposed:false
916 silly fetch manifest jsonfile@^6.0.1
917 silly packumentCache full:https://registry.npmjs.org/jsonfile cache-miss
918 http fetch GET 200 https://registry.npmjs.org/combined-stream 51ms (cache miss)
919 silly packumentCache full:https://registry.npmjs.org/combined-stream set size:undefined disposed:false
920 silly fetch manifest graceful-fs@^4.2.0
921 silly packumentCache full:https://registry.npmjs.org/graceful-fs cache-miss
922 http cache https://registry.npmjs.org/graceful-fs 4ms (cache hit)
923 silly packumentCache full:https://registry.npmjs.org/graceful-fs set size:124285 disposed:false
924 silly fetch manifest universalify@^2.0.0
925 silly packumentCache full:https://registry.npmjs.org/universalify cache-miss
926 http fetch GET 200 https://registry.npmjs.org/universalify 46ms (cache miss)
927 silly packumentCache full:https://registry.npmjs.org/universalify set size:undefined disposed:false
928 silly fetch manifest uuid@^9.0.1
929 silly packumentCache full:https://registry.npmjs.org/uuid cache-miss
930 http fetch GET 200 https://registry.npmjs.org/jsonfile 58ms (cache miss)
931 silly packumentCache full:https://registry.npmjs.org/jsonfile set size:undefined disposed:false
932 silly fetch manifest is-stream@^2.0.0
933 silly packumentCache full:https://registry.npmjs.org/is-stream cache-miss
934 http fetch GET 200 https://registry.npmjs.org/is-stream 37ms (cache miss)
935 silly packumentCache full:https://registry.npmjs.org/is-stream set size:undefined disposed:false
936 silly fetch manifest node-fetch@^2.6.9
937 silly packumentCache full:https://registry.npmjs.org/node-fetch cache-miss
938 http fetch GET 200 https://registry.npmjs.org/uuid 45ms (cache miss)
939 silly packumentCache full:https://registry.npmjs.org/uuid set size:undefined disposed:false
940 silly fetch manifest https-proxy-agent@^7.0.1
941 silly packumentCache full:https://registry.npmjs.org/https-proxy-agent cache-miss
942 http cache https://registry.npmjs.org/node-fetch 12ms (cache hit)
943 silly packumentCache full:https://registry.npmjs.org/node-fetch set size:896010 disposed:false
944 silly fetch manifest minipass@^7.1.2
945 silly packumentCache full:https://registry.npmjs.org/minipass cache-miss
946 http fetch GET 200 https://registry.npmjs.org/https-proxy-agent 35ms (cache miss)
947 silly packumentCache full:https://registry.npmjs.org/https-proxy-agent set size:undefined disposed:false
948 silly fetch manifest jackspeak@^3.1.2
949 silly packumentCache full:https://registry.npmjs.org/jackspeak cache-miss
950 http fetch GET 200 https://registry.npmjs.org/minipass 46ms (cache miss)
951 silly packumentCache full:https://registry.npmjs.org/minipass set size:undefined disposed:false
952 silly fetch manifest minimatch@^9.0.4
953 silly packumentCache full:https://registry.npmjs.org/minimatch cache-miss
954 http cache https://registry.npmjs.org/minimatch 5ms (cache hit)
955 silly packumentCache full:https://registry.npmjs.org/minimatch set size:375282 disposed:false
956 silly fetch manifest path-scurry@^1.11.1
957 silly packumentCache full:https://registry.npmjs.org/path-scurry cache-miss
958 http fetch GET 200 https://registry.npmjs.org/jackspeak 46ms (cache miss)
959 silly packumentCache full:https://registry.npmjs.org/jackspeak set size:undefined disposed:false
960 silly fetch manifest foreground-child@^3.1.0
961 silly packumentCache full:https://registry.npmjs.org/foreground-child cache-miss
962 http fetch GET 200 https://registry.npmjs.org/path-scurry 42ms (cache miss)
963 silly packumentCache full:https://registry.npmjs.org/path-scurry set size:undefined disposed:false
964 silly fetch manifest package-json-from-dist@^1.0.0
965 silly packumentCache full:https://registry.npmjs.org/package-json-from-dist cache-miss
966 http fetch GET 200 https://registry.npmjs.org/foreground-child 38ms (cache miss)
967 silly packumentCache full:https://registry.npmjs.org/foreground-child set size:undefined disposed:false
968 silly fetch manifest jws@^4.0.0
969 silly packumentCache full:https://registry.npmjs.org/jws cache-miss
970 http fetch GET 200 https://registry.npmjs.org/package-json-from-dist 38ms (cache miss)
971 silly packumentCache full:https://registry.npmjs.org/package-json-from-dist set size:undefined disposed:false
972 silly fetch manifest gtoken@^7.0.0
973 silly packumentCache full:https://registry.npmjs.org/gtoken cache-miss
974 http fetch GET 200 https://registry.npmjs.org/jws 37ms (cache miss)
975 silly packumentCache full:https://registry.npmjs.org/jws set size:undefined disposed:false
976 silly fetch manifest base64-js@^1.3.0
977 silly packumentCache full:https://registry.npmjs.org/base64-js cache-miss
978 http fetch GET 200 https://registry.npmjs.org/gtoken 45ms (cache miss)
979 silly packumentCache full:https://registry.npmjs.org/gtoken set size:undefined disposed:false
980 silly fetch manifest gcp-metadata@^6.1.0
981 silly packumentCache full:https://registry.npmjs.org/gcp-metadata cache-miss
982 http fetch GET 200 https://registry.npmjs.org/base64-js 46ms (cache miss)
983 silly packumentCache full:https://registry.npmjs.org/base64-js set size:undefined disposed:false
984 silly fetch manifest ecdsa-sig-formatter@^1.0.11
985 silly packumentCache full:https://registry.npmjs.org/ecdsa-sig-formatter cache-miss
986 http fetch GET 200 https://registry.npmjs.org/ecdsa-sig-formatter 45ms (cache miss)
987 silly packumentCache full:https://registry.npmjs.org/ecdsa-sig-formatter set size:undefined disposed:false
988 silly fetch manifest argparse@^2.0.1
989 silly packumentCache full:https://registry.npmjs.org/argparse cache-miss
990 http fetch GET 200 https://registry.npmjs.org/gcp-metadata 55ms (cache miss)
991 silly packumentCache full:https://registry.npmjs.org/gcp-metadata set size:undefined disposed:false
992 silly fetch manifest ms@^2.1.1
993 silly packumentCache full:https://registry.npmjs.org/ms cache-miss
994 http fetch GET 200 https://registry.npmjs.org/ms 44ms (cache miss)
995 silly packumentCache full:https://registry.npmjs.org/ms set size:undefined disposed:false
996 silly fetch manifest jws@^4.0.1
997 silly packumentCache full:https://registry.npmjs.org/jws cache-miss
998 http cache https://registry.npmjs.org/jws 6ms (cache hit)
999 silly packumentCache full:https://registry.npmjs.org/jws set size:48740 disposed:false
1000 silly fetch manifest semver@^7.5.4
1001 silly packumentCache full:https://registry.npmjs.org/semver cache-hit
1002 silly fetch manifest lodash.once@^4.0.0
1003 silly packumentCache full:https://registry.npmjs.org/lodash.once cache-miss
1004 http fetch GET 200 https://registry.npmjs.org/argparse 62ms (cache miss)
1005 silly packumentCache full:https://registry.npmjs.org/argparse set size:undefined disposed:false
1006 silly fetch manifest lodash.includes@^4.3.0
1007 silly packumentCache full:https://registry.npmjs.org/lodash.includes cache-miss
1008 http fetch GET 200 https://registry.npmjs.org/lodash.once 36ms (cache miss)
1009 silly packumentCache full:https://registry.npmjs.org/lodash.once set size:undefined disposed:false
1010 silly fetch manifest lodash.isnumber@^3.0.3
1011 silly packumentCache full:https://registry.npmjs.org/lodash.isnumber cache-miss
1012 http fetch GET 200 https://registry.npmjs.org/lodash.includes 43ms (cache miss)
1013 silly packumentCache full:https://registry.npmjs.org/lodash.includes set size:undefined disposed:false
1014 silly fetch manifest lodash.isstring@^4.0.1
1015 silly packumentCache full:https://registry.npmjs.org/lodash.isstring cache-miss
1016 http fetch GET 200 https://registry.npmjs.org/lodash.isnumber 35ms (cache miss)
1017 silly packumentCache full:https://registry.npmjs.org/lodash.isnumber set size:undefined disposed:false
1018 silly fetch manifest lodash.isboolean@^3.0.3
1019 silly packumentCache full:https://registry.npmjs.org/lodash.isboolean cache-miss
1020 http fetch GET 200 https://registry.npmjs.org/lodash.isstring 42ms (cache miss)
1021 silly packumentCache full:https://registry.npmjs.org/lodash.isstring set size:undefined disposed:false
1022 silly fetch manifest lodash.isinteger@^4.0.4
1023 silly packumentCache full:https://registry.npmjs.org/lodash.isinteger cache-miss
1024 http fetch GET 200 https://registry.npmjs.org/lodash.isboolean 37ms (cache miss)
1025 silly packumentCache full:https://registry.npmjs.org/lodash.isboolean set size:undefined disposed:false
1026 silly fetch manifest lodash.isplainobject@^4.0.6
1027 silly packumentCache full:https://registry.npmjs.org/lodash.isplainobject cache-miss
1028 http fetch GET 200 https://registry.npmjs.org/lodash.isinteger 39ms (cache miss)
1029 silly packumentCache full:https://registry.npmjs.org/lodash.isinteger set size:undefined disposed:false
1030 silly fetch manifest libsodium@^0.7.16
1031 silly packumentCache full:https://registry.npmjs.org/libsodium cache-miss
1032 http fetch GET 200 https://registry.npmjs.org/lodash.isplainobject 37ms (cache miss)
1033 silly packumentCache full:https://registry.npmjs.org/lodash.isplainobject set size:undefined disposed:false
1034 silly fetch manifest ansi-escapes@^7.0.0
1035 silly packumentCache full:https://registry.npmjs.org/ansi-escapes cache-miss
1036 http fetch GET 200 https://registry.npmjs.org/libsodium 41ms (cache miss)
1037 silly packumentCache full:https://registry.npmjs.org/libsodium set size:undefined disposed:false
1038 silly fetch manifest ansi-regex@^6.1.0
1039 silly packumentCache full:https://registry.npmjs.org/ansi-regex cache-miss
1040 http fetch GET 200 https://registry.npmjs.org/ansi-escapes 37ms (cache miss)
1041 silly packumentCache full:https://registry.npmjs.org/ansi-escapes set size:undefined disposed:false
1042 silly fetch manifest chalk@^5.4.1
1043 silly packumentCache full:https://registry.npmjs.org/chalk cache-miss
1044 http fetch GET 200 https://registry.npmjs.org/ansi-regex 36ms (cache miss)
1045 silly packumentCache full:https://registry.npmjs.org/ansi-regex set size:undefined disposed:false
1046 silly fetch manifest cli-highlight@^2.1.11
1047 silly packumentCache full:https://registry.npmjs.org/cli-highlight cache-miss
1048 http fetch GET 200 https://registry.npmjs.org/chalk 40ms (cache miss)
1049 silly packumentCache full:https://registry.npmjs.org/chalk set size:undefined disposed:false
1050 silly fetch manifest node-emoji@^2.2.0
1051 silly packumentCache full:https://registry.npmjs.org/node-emoji cache-miss
1052 http fetch GET 200 https://registry.npmjs.org/cli-highlight 38ms (cache miss)
1053 silly packumentCache full:https://registry.npmjs.org/cli-highlight set size:undefined disposed:false
1054 silly fetch manifest supports-hyperlinks@^3.1.0
1055 silly packumentCache full:https://registry.npmjs.org/supports-hyperlinks cache-miss
1056 http fetch GET 200 https://registry.npmjs.org/node-emoji 47ms (cache miss)
1057 silly packumentCache full:https://registry.npmjs.org/node-emoji set size:undefined disposed:false
1058 silly fetch manifest brace-expansion@^1.1.7
1059 silly packumentCache full:https://registry.npmjs.org/brace-expansion cache-miss
1060 http fetch GET 200 https://registry.npmjs.org/supports-hyperlinks 37ms (cache miss)
1061 silly packumentCache full:https://registry.npmjs.org/supports-hyperlinks set size:undefined disposed:false
1062 silly fetch manifest basic-auth@~2.0.1
1063 silly packumentCache full:https://registry.npmjs.org/basic-auth cache-miss
1064 http fetch GET 200 https://registry.npmjs.org/basic-auth 43ms (cache miss)
1065 silly packumentCache full:https://registry.npmjs.org/basic-auth set size:undefined disposed:false
1066 silly fetch manifest depd@~2.0.0
1067 silly packumentCache full:https://registry.npmjs.org/depd cache-miss
1068 http fetch GET 200 https://registry.npmjs.org/brace-expansion 54ms (cache miss)
1069 silly packumentCache full:https://registry.npmjs.org/brace-expansion set size:undefined disposed:false
1070 silly fetch manifest on-headers@~1.1.0
1071 silly packumentCache full:https://registry.npmjs.org/on-headers cache-miss
1072 http cache https://registry.npmjs.org/depd 10ms (cache hit)
1073 silly packumentCache full:https://registry.npmjs.org/depd set size:40182 disposed:false
1074 silly fetch manifest whatwg-url@^5.0.0
1075 silly packumentCache full:https://registry.npmjs.org/whatwg-url cache-miss
1076 http fetch GET 200 https://registry.npmjs.org/on-headers 38ms (cache miss)
1077 silly packumentCache full:https://registry.npmjs.org/on-headers set size:undefined disposed:false
1078 silly fetch manifest is-wsl@^1.1.0
1079 silly packumentCache full:https://registry.npmjs.org/is-wsl cache-miss
1080 http fetch GET 200 https://registry.npmjs.org/whatwg-url 40ms (cache miss)
1081 silly packumentCache full:https://registry.npmjs.org/whatwg-url set size:undefined disposed:false
1082 silly fetch manifest bl@^4.1.0
1083 silly packumentCache full:https://registry.npmjs.org/bl cache-miss
1084 http fetch GET 200 https://registry.npmjs.org/is-wsl 42ms (cache miss)
1085 silly packumentCache full:https://registry.npmjs.org/is-wsl set size:undefined disposed:false
1086 silly fetch manifest chalk@^4.1.0
1087 silly packumentCache full:https://registry.npmjs.org/chalk cache-miss
1088 http cache https://registry.npmjs.org/chalk 5ms (cache hit)
1089 silly packumentCache full:https://registry.npmjs.org/chalk set size:117861 disposed:false
1090 silly fetch manifest wcwidth@^1.0.1
1091 silly packumentCache full:https://registry.npmjs.org/wcwidth cache-miss
1092 http fetch GET 200 https://registry.npmjs.org/bl 49ms (cache miss)
1093 silly packumentCache full:https://registry.npmjs.org/bl set size:undefined disposed:false
1094 silly fetch manifest cli-cursor@^3.1.0
1095 silly packumentCache full:https://registry.npmjs.org/cli-cursor cache-miss
1096 http fetch GET 200 https://registry.npmjs.org/wcwidth 36ms (cache miss)
1097 silly packumentCache full:https://registry.npmjs.org/wcwidth set size:undefined disposed:false
1098 silly fetch manifest strip-ansi@^6.0.0
1099 silly packumentCache full:https://registry.npmjs.org/strip-ansi cache-miss
1100 http fetch GET 200 https://registry.npmjs.org/cli-cursor 38ms (cache miss)
1101 silly packumentCache full:https://registry.npmjs.org/cli-cursor set size:undefined disposed:false
1102 silly fetch manifest log-symbols@^4.1.0
1103 silly packumentCache full:https://registry.npmjs.org/log-symbols cache-miss
1104 http fetch GET 200 https://registry.npmjs.org/strip-ansi 38ms (cache miss)
1105 silly packumentCache full:https://registry.npmjs.org/strip-ansi set size:undefined disposed:false
1106 silly fetch manifest cli-spinners@^2.5.0
1107 silly packumentCache full:https://registry.npmjs.org/cli-spinners cache-miss
1108 http fetch GET 200 https://registry.npmjs.org/log-symbols 37ms (cache miss)
1109 silly packumentCache full:https://registry.npmjs.org/log-symbols set size:undefined disposed:false
1110 silly fetch manifest is-interactive@^1.0.0
1111 silly packumentCache full:https://registry.npmjs.org/is-interactive cache-miss
1112 http fetch GET 200 https://registry.npmjs.org/cli-spinners 42ms (cache miss)
1113 silly packumentCache full:https://registry.npmjs.org/cli-spinners set size:undefined disposed:false
1114 silly fetch manifest is-unicode-supported@^0.1.0
1115 silly packumentCache full:https://registry.npmjs.org/is-unicode-supported cache-miss
1116 http fetch GET 200 https://registry.npmjs.org/is-interactive 38ms (cache miss)
1117 silly packumentCache full:https://registry.npmjs.org/is-interactive set size:undefined disposed:false
1118 silly fetch manifest pgpass@1.0.5
1119 silly packumentCache full:https://registry.npmjs.org/pgpass cache-miss
1120 http fetch GET 200 https://registry.npmjs.org/is-unicode-supported 46ms (cache miss)
1121 silly packumentCache full:https://registry.npmjs.org/is-unicode-supported set size:undefined disposed:false
1122 silly fetch manifest pg-pool@^3.14.0
1123 silly packumentCache full:https://registry.npmjs.org/pg-pool cache-miss
1124 http fetch GET 200 https://registry.npmjs.org/pgpass 43ms (cache miss)
1125 silly packumentCache full:https://registry.npmjs.org/pgpass set size:undefined disposed:false
1126 silly fetch manifest pg-types@2.2.0
1127 silly packumentCache full:https://registry.npmjs.org/pg-types cache-miss
1128 http fetch GET 200 https://registry.npmjs.org/pg-pool 42ms (cache miss)
1129 silly packumentCache full:https://registry.npmjs.org/pg-pool set size:undefined disposed:false
1130 silly fetch manifest pg-protocol@^1.15.0
1131 silly packumentCache full:https://registry.npmjs.org/pg-protocol cache-miss
1132 http fetch GET 200 https://registry.npmjs.org/pg-types 49ms (cache miss)
1133 silly packumentCache full:https://registry.npmjs.org/pg-types set size:undefined disposed:false
1134 silly fetch manifest pg-connection-string@^2.14.0
1135 silly packumentCache full:https://registry.npmjs.org/pg-connection-string cache-miss
1136 http fetch GET 200 https://registry.npmjs.org/pg-protocol 37ms (cache miss)
1137 silly packumentCache full:https://registry.npmjs.org/pg-protocol set size:undefined disposed:false
1138 silly fetch manifest pg-cloudflare@^1.4.0
1139 silly packumentCache full:https://registry.npmjs.org/pg-cloudflare cache-miss
1140 http fetch GET 200 https://registry.npmjs.org/pg-connection-string 49ms (cache miss)
1141 silly packumentCache full:https://registry.npmjs.org/pg-connection-string set size:undefined disposed:false
1142 silly fetch manifest async@^3.2.6
1143 silly packumentCache full:https://registry.npmjs.org/async cache-miss
1144 http cache https://registry.npmjs.org/async 6ms (cache hit)
1145 silly packumentCache full:https://registry.npmjs.org/async set size:230482 disposed:false
1146 silly fetch manifest debug@^4.3.6
1147 silly packumentCache full:https://registry.npmjs.org/debug cache-miss
1148 http cache https://registry.npmjs.org/debug 7ms (cache hit)
1149 silly packumentCache full:https://registry.npmjs.org/debug set size:195840 disposed:false
1150 silly fetch manifest debug@^4.3.4
1151 silly packumentCache full:https://registry.npmjs.org/debug cache-hit
1152 silly fetch manifest lru-cache@^7.14.1
1153 silly packumentCache full:https://registry.npmjs.org/lru-cache cache-miss
1154 http fetch GET 200 https://registry.npmjs.org/pg-cloudflare 47ms (cache miss)
1155 silly packumentCache full:https://registry.npmjs.org/pg-cloudflare set size:undefined disposed:false
1156 silly fetch manifest agent-base@^7.1.2
1157 silly packumentCache full:https://registry.npmjs.org/agent-base cache-miss
1158 http fetch GET 200 https://registry.npmjs.org/agent-base 37ms (cache miss)
1159 silly packumentCache full:https://registry.npmjs.org/agent-base set size:undefined disposed:false
1160 silly fetch manifest proxy-from-env@^1.1.0
1161 silly packumentCache full:https://registry.npmjs.org/proxy-from-env cache-miss
1162 http fetch GET 200 https://registry.npmjs.org/lru-cache 75ms (cache miss)
1163 silly packumentCache full:https://registry.npmjs.org/lru-cache set size:undefined disposed:false
1164 silly fetch manifest pac-proxy-agent@^7.1.0
1165 silly packumentCache full:https://registry.npmjs.org/pac-proxy-agent cache-miss
1166 http fetch GET 200 https://registry.npmjs.org/proxy-from-env 46ms (cache miss)
1167 silly packumentCache full:https://registry.npmjs.org/proxy-from-env set size:undefined disposed:false
1168 silly fetch manifest http-proxy-agent@^7.0.1
1169 silly packumentCache full:https://registry.npmjs.org/http-proxy-agent cache-miss
1170 http fetch GET 200 https://registry.npmjs.org/pac-proxy-agent 41ms (cache miss)
1171 silly packumentCache full:https://registry.npmjs.org/pac-proxy-agent set size:undefined disposed:false
1172 silly fetch manifest https-proxy-agent@^7.0.6
1173 silly packumentCache full:https://registry.npmjs.org/https-proxy-agent cache-miss
1174 http cache https://registry.npmjs.org/https-proxy-agent 7ms (cache hit)
1175 silly packumentCache full:https://registry.npmjs.org/https-proxy-agent set size:83792 disposed:false
1176 silly fetch manifest socks-proxy-agent@^8.0.5
1177 silly packumentCache full:https://registry.npmjs.org/socks-proxy-agent cache-miss
1178 http fetch GET 200 https://registry.npmjs.org/http-proxy-agent 51ms (cache miss)
1179 silly packumentCache full:https://registry.npmjs.org/http-proxy-agent set size:undefined disposed:false
1180 silly fetch manifest nearley@^2.20.1
1181 silly packumentCache full:https://registry.npmjs.org/nearley cache-miss
1182 http fetch GET 200 https://registry.npmjs.org/socks-proxy-agent 63ms (cache miss)
1183 silly packumentCache full:https://registry.npmjs.org/socks-proxy-agent set size:undefined disposed:false
1184 silly fetch manifest basic-auth-connect@^1.1.0
1185 silly packumentCache full:https://registry.npmjs.org/basic-auth-connect cache-miss
1186 http fetch GET 200 https://registry.npmjs.org/nearley 61ms (cache miss)
1187 silly packumentCache full:https://registry.npmjs.org/nearley set size:undefined disposed:false
1188 silly fetch manifest commander@^10.0.0
1189 silly packumentCache full:https://registry.npmjs.org/commander cache-miss
1190 http cache https://registry.npmjs.org/commander 5ms (cache hit)
1191 silly packumentCache full:https://registry.npmjs.org/commander set size:353115 disposed:false
1192 silly fetch manifest compression@^1.7.0
1193 silly packumentCache full:https://registry.npmjs.org/compression cache-miss
1194 http fetch GET 200 https://registry.npmjs.org/basic-auth-connect 38ms (cache miss)
1195 silly packumentCache full:https://registry.npmjs.org/basic-auth-connect set size:undefined disposed:false
1196 silly fetch manifest connect@^3.7.0
1197 silly packumentCache full:https://registry.npmjs.org/connect cache-miss
1198 http fetch GET 200 https://registry.npmjs.org/compression 40ms (cache miss)
1199 silly packumentCache full:https://registry.npmjs.org/compression set size:undefined disposed:false
1200 silly fetch manifest destroy@^1.0.4
1201 silly packumentCache full:https://registry.npmjs.org/destroy cache-miss
1202 http cache https://registry.npmjs.org/destroy 3ms (cache hit)
1203 silly packumentCache full:https://registry.npmjs.org/destroy set size:15738 disposed:false
1204 silly fetch manifest glob-slasher@^1.0.1
1205 silly packumentCache full:https://registry.npmjs.org/glob-slasher cache-miss
1206 http fetch GET 200 https://registry.npmjs.org/connect 47ms (cache miss)
1207 silly packumentCache full:https://registry.npmjs.org/connect set size:undefined disposed:false
1208 silly fetch manifest is-url@^1.2.2
1209 silly packumentCache full:https://registry.npmjs.org/is-url cache-miss
1210 http fetch GET 200 https://registry.npmjs.org/glob-slasher 47ms (cache miss)
1211 silly packumentCache full:https://registry.npmjs.org/glob-slasher set size:undefined disposed:false
1212 silly fetch manifest join-path@^1.1.1
1213 silly packumentCache full:https://registry.npmjs.org/join-path cache-miss
1214 http fetch GET 200 https://registry.npmjs.org/is-url 58ms (cache miss)
1215 silly packumentCache full:https://registry.npmjs.org/is-url set size:undefined disposed:false
1216 silly fetch manifest minimatch@^6.1.6
1217 silly packumentCache full:https://registry.npmjs.org/minimatch cache-hit
1218 silly fetch manifest on-finished@^2.2.0
1219 silly packumentCache full:https://registry.npmjs.org/on-finished cache-miss
1220 http cache https://registry.npmjs.org/on-finished 5ms (cache hit)
1221 silly packumentCache full:https://registry.npmjs.org/on-finished set size:23212 disposed:false
1222 silly fetch manifest on-headers@^1.0.0
1223 silly packumentCache full:https://registry.npmjs.org/on-headers cache-miss
1224 http fetch GET 200 https://registry.npmjs.org/join-path 47ms (cache miss)
1225 silly packumentCache full:https://registry.npmjs.org/join-path set size:undefined disposed:false
1226 silly fetch manifest path-to-regexp@^1.9.0
1227 silly packumentCache full:https://registry.npmjs.org/path-to-regexp cache-miss
1228 http cache https://registry.npmjs.org/on-headers 5ms (cache hit)
1229 silly packumentCache full:https://registry.npmjs.org/on-headers set size:13226 disposed:false
1230 silly fetch manifest router@^2.0.0
1231 silly packumentCache full:https://registry.npmjs.org/router cache-miss
1232 http cache https://registry.npmjs.org/path-to-regexp 5ms (cache hit)
1233 silly packumentCache full:https://registry.npmjs.org/path-to-regexp set size:216334 disposed:false
1234 silly fetch manifest re2@^1.17.7
1235 silly packumentCache full:https://registry.npmjs.org/re2 cache-miss
1236 http fetch GET 200 https://registry.npmjs.org/router 51ms (cache miss)
1237 silly packumentCache full:https://registry.npmjs.org/router set size:undefined disposed:false
1238 silly fetch manifest @isaacs/fs-minipass@^4.0.0
1239 silly packumentCache full:https://registry.npmjs.org/@isaacs%2ffs-minipass cache-miss
1240 http fetch GET 200 https://registry.npmjs.org/re2 58ms (cache miss)
1241 silly packumentCache full:https://registry.npmjs.org/re2 set size:undefined disposed:false
1242 silly fetch manifest chownr@^3.0.0
1243 silly packumentCache full:https://registry.npmjs.org/chownr cache-miss
1244 http fetch GET 200 https://registry.npmjs.org/chownr 46ms (cache miss)
1245 silly packumentCache full:https://registry.npmjs.org/chownr set size:undefined disposed:false
1246 silly fetch manifest minizlib@^3.1.0
1247 silly packumentCache full:https://registry.npmjs.org/minizlib cache-miss
1248 http fetch GET 200 https://registry.npmjs.org/@isaacs%2ffs-minipass 63ms (cache miss)
1249 silly packumentCache full:https://registry.npmjs.org/@isaacs%2ffs-minipass set size:undefined disposed:false
1250 silly fetch manifest yallist@^5.0.0
1251 silly packumentCache full:https://registry.npmjs.org/yallist cache-miss
1252 http fetch GET 200 https://registry.npmjs.org/minizlib 44ms (cache miss)
1253 silly packumentCache full:https://registry.npmjs.org/minizlib set size:undefined disposed:false
1254 silly fetch manifest debug@4.3.1
1255 silly packumentCache full:https://registry.npmjs.org/debug cache-hit
1256 silly fetch manifest is2@2.0.1
1257 silly packumentCache full:https://registry.npmjs.org/is2 cache-miss
1258 http fetch GET 200 https://registry.npmjs.org/yallist 45ms (cache miss)
1259 silly packumentCache full:https://registry.npmjs.org/yallist set size:undefined disposed:false
1260 silly fetch manifest debug@^4.3.1
1261 silly packumentCache full:https://registry.npmjs.org/debug cache-hit
1262 silly fetch manifest uuid@^14.0.0
1263 silly packumentCache full:https://registry.npmjs.org/uuid cache-miss
1264 http cache https://registry.npmjs.org/uuid 5ms (cache hit)
1265 silly packumentCache full:https://registry.npmjs.org/uuid set size:256419 disposed:false
1266 silly fetch manifest boxen@^5.0.0
1267 silly packumentCache full:https://registry.npmjs.org/boxen cache-miss
1268 http fetch GET 200 https://registry.npmjs.org/is2 45ms (cache miss)
1269 silly packumentCache full:https://registry.npmjs.org/is2 set size:undefined disposed:false
1270 silly fetch manifest has-yarn@^2.1.0
1271 silly packumentCache full:https://registry.npmjs.org/has-yarn cache-miss
1272 http fetch GET 200 https://registry.npmjs.org/boxen 41ms (cache miss)
1273 silly packumentCache full:https://registry.npmjs.org/boxen set size:undefined disposed:false
1274 silly fetch manifest import-lazy@^2.1.0
1275 silly packumentCache full:https://registry.npmjs.org/import-lazy cache-miss
1276 http fetch GET 200 https://registry.npmjs.org/has-yarn 43ms (cache miss)
1277 silly packumentCache full:https://registry.npmjs.org/has-yarn set size:undefined disposed:false
1278 silly fetch manifest is-ci@^2.0.0
1279 silly packumentCache full:https://registry.npmjs.org/is-ci cache-miss
1280 http fetch GET 200 https://registry.npmjs.org/import-lazy 41ms (cache miss)
1281 silly packumentCache full:https://registry.npmjs.org/import-lazy set size:undefined disposed:false
1282 silly fetch manifest is-installed-globally@^0.4.0
1283 silly packumentCache full:https://registry.npmjs.org/is-installed-globally cache-miss
1284 http fetch GET 200 https://registry.npmjs.org/is-ci 38ms (cache miss)
1285 silly packumentCache full:https://registry.npmjs.org/is-ci set size:undefined disposed:false
1286 silly fetch manifest is-npm@^5.0.0
1287 silly packumentCache full:https://registry.npmjs.org/is-npm cache-miss
1288 http fetch GET 200 https://registry.npmjs.org/is-installed-globally 38ms (cache miss)
1289 silly packumentCache full:https://registry.npmjs.org/is-installed-globally set size:undefined disposed:false
1290 silly fetch manifest is-yarn-global@^0.3.0
1291 silly packumentCache full:https://registry.npmjs.org/is-yarn-global cache-miss
1292 http fetch GET 200 https://registry.npmjs.org/is-yarn-global 32ms (cache miss)
1293 silly packumentCache full:https://registry.npmjs.org/is-yarn-global set size:undefined disposed:false
1294 silly fetch manifest isomorphic-fetch@^3.0.0
1295 silly packumentCache full:https://registry.npmjs.org/isomorphic-fetch cache-miss
1296 http fetch GET 200 https://registry.npmjs.org/is-npm 39ms (cache miss)
1297 silly packumentCache full:https://registry.npmjs.org/is-npm set size:undefined disposed:false
1298 silly fetch manifest pupa@^2.1.1
1299 silly packumentCache full:https://registry.npmjs.org/pupa cache-miss
1300 http fetch GET 200 https://registry.npmjs.org/pupa 37ms (cache miss)
1301 silly packumentCache full:https://registry.npmjs.org/pupa set size:undefined disposed:false
1302 silly fetch manifest registry-auth-token@^5.0.1
1303 silly packumentCache full:https://registry.npmjs.org/registry-auth-token cache-miss
1304 http fetch GET 200 https://registry.npmjs.org/isomorphic-fetch 42ms (cache miss)
1305 silly packumentCache full:https://registry.npmjs.org/isomorphic-fetch set size:undefined disposed:false
1306 silly fetch manifest registry-url@^5.1.0
1307 silly packumentCache full:https://registry.npmjs.org/registry-url cache-miss
1308 http fetch GET 200 https://registry.npmjs.org/registry-auth-token 42ms (cache miss)
1309 silly packumentCache full:https://registry.npmjs.org/registry-auth-token set size:undefined disposed:false
1310 silly fetch manifest semver-diff@^3.1.1
1311 silly packumentCache full:https://registry.npmjs.org/semver-diff cache-miss
1312 http fetch GET 200 https://registry.npmjs.org/semver-diff 37ms (cache miss)
1313 silly packumentCache full:https://registry.npmjs.org/semver-diff set size:undefined disposed:false
1314 silly fetch manifest async@^3.2.3
1315 silly packumentCache full:https://registry.npmjs.org/async cache-hit
1316 silly fetch manifest logform@^2.7.0
1317 silly packumentCache full:https://registry.npmjs.org/logform cache-miss
1318 http fetch GET 200 https://registry.npmjs.org/registry-url 97ms (cache miss)
1319 silly packumentCache full:https://registry.npmjs.org/registry-url set size:undefined disposed:false
1320 silly fetch manifest one-time@^1.0.0
1321 silly packumentCache full:https://registry.npmjs.org/one-time cache-miss
1322 http fetch GET 200 https://registry.npmjs.org/logform 40ms (cache miss)
1323 silly packumentCache full:https://registry.npmjs.org/logform set size:undefined disposed:false
1324 silly fetch manifest stack-trace@0.0.x
1325 silly packumentCache full:https://registry.npmjs.org/stack-trace cache-miss
1326 http fetch GET 200 https://registry.npmjs.org/one-time 33ms (cache miss)
1327 silly packumentCache full:https://registry.npmjs.org/one-time set size:undefined disposed:false
1328 silly fetch manifest @colors/colors@^1.6.0
1329 silly packumentCache full:https://registry.npmjs.org/@colors%2fcolors cache-miss
1330 http cache https://registry.npmjs.org/@colors%2fcolors 3ms (cache hit)
1331 silly packumentCache full:https://registry.npmjs.org/@colors%2fcolors set size:12042 disposed:false
1332 silly fetch manifest readable-stream@^3.4.0
1333 silly packumentCache full:https://registry.npmjs.org/readable-stream cache-miss
1334 http cache https://registry.npmjs.org/readable-stream 4ms (cache hit)
1335 silly packumentCache full:https://registry.npmjs.org/readable-stream set size:261096 disposed:false
1336 silly fetch manifest @dabh/diagnostics@^2.0.8
1337 silly packumentCache full:https://registry.npmjs.org/@dabh%2fdiagnostics cache-miss
1338 http fetch GET 200 https://registry.npmjs.org/stack-trace 39ms (cache miss)
1339 silly packumentCache full:https://registry.npmjs.org/stack-trace set size:undefined disposed:false
1340 silly fetch manifest winston-transport@^4.9.0
1341 silly packumentCache full:https://registry.npmjs.org/winston-transport cache-miss
1342 http cache https://registry.npmjs.org/winston-transport 4ms (cache hit)
1343 silly packumentCache full:https://registry.npmjs.org/winston-transport set size:60135 disposed:false
1344 silly fetch manifest safe-stable-stringify@^2.3.1
1345 silly packumentCache full:https://registry.npmjs.org/safe-stable-stringify cache-miss
1346 http fetch GET 200 https://registry.npmjs.org/@dabh%2fdiagnostics 54ms (cache miss)
1347 silly packumentCache full:https://registry.npmjs.org/@dabh%2fdiagnostics set size:undefined disposed:false
1348 silly fetch manifest readable-stream@^3.6.2
1349 silly packumentCache full:https://registry.npmjs.org/readable-stream cache-hit
1350 http fetch GET 200 https://registry.npmjs.org/safe-stable-stringify 36ms (cache miss)
1351 silly packumentCache full:https://registry.npmjs.org/safe-stable-stringify set size:undefined disposed:false
1352 silly placeDep node_modules/firebase-tools @googleapis/sqladmin@37.0.0 OK for: @google-cloud/cloud-sql-connector@1.11.2 want: ^37.0.0
1353 silly placeDep node_modules/firebase-tools/node_modules/@google-cloud/cloud-sql-connector gaxios@7.1.5 OK for: @google-cloud/cloud-sql-connector@1.11.2 want: ^7.1.4
1354 silly placeDep node_modules/firebase-tools/node_modules/@google-cloud/cloud-sql-connector google-auth-library@10.9.0 OK for: @google-cloud/cloud-sql-connector@1.11.2 want: ^10.6.2
1355 silly placeDep node_modules/firebase-tools p-throttle@7.0.0 OK for: @google-cloud/cloud-sql-connector@1.11.2 want: ^7.0.0
1356 silly fetch manifest googleapis-common@^8.0.0
1357 silly packumentCache full:https://registry.npmjs.org/googleapis-common cache-miss
1358 silly fetch manifest node-fetch@^3.3.2
1359 silly packumentCache full:https://registry.npmjs.org/node-fetch cache-hit
1360 silly fetch manifest gcp-metadata@8.1.2
1361 silly packumentCache full:https://registry.npmjs.org/gcp-metadata cache-miss
1362 http cache https://registry.npmjs.org/gcp-metadata 9ms (cache hit)
1363 silly packumentCache full:https://registry.npmjs.org/gcp-metadata set size:194327 disposed:false
1364 silly fetch manifest google-logging-utils@1.1.3
1365 silly packumentCache full:https://registry.npmjs.org/google-logging-utils cache-miss
1366 http cache https://registry.npmjs.org/google-logging-utils 6ms (cache hit)
1367 silly packumentCache full:https://registry.npmjs.org/google-logging-utils set size:23839 disposed:false
1368 http fetch GET 200 https://registry.npmjs.org/googleapis-common 48ms (cache miss)
1369 silly packumentCache full:https://registry.npmjs.org/googleapis-common set size:undefined disposed:false
1370 silly placeDep node_modules/firebase-tools @google-cloud/paginator@6.0.2 OK for: @google-cloud/pubsub@5.3.1 want: ^6.0.0
1371 silly placeDep node_modules/firebase-tools @google-cloud/precise-date@5.0.1 OK for: @google-cloud/pubsub@5.3.1 want: ^5.0.0
1372 silly placeDep node_modules/firebase-tools @google-cloud/projectify@5.0.1 OK for: @google-cloud/pubsub@5.3.1 want: ^5.0.0
1373 silly placeDep node_modules/firebase-tools @google-cloud/promisify@5.0.1 OK for: @google-cloud/pubsub@5.3.1 want: ^5.0.0
1374 silly placeDep node_modules/firebase-tools @opentelemetry/api@1.9.1 OK for: @google-cloud/pubsub@5.3.1 want: ~1.9.0
1375 silly placeDep node_modules/firebase-tools @opentelemetry/core@1.30.1 OK for: @google-cloud/pubsub@5.3.1 want: ^1.30.1
1376 silly placeDep node_modules/firebase-tools @opentelemetry/semantic-conventions@1.39.0 OK for: @google-cloud/pubsub@5.3.1 want: ~1.39.0
1377 silly placeDep node_modules/firebase-tools arrify@2.0.1 OK for: @google-cloud/pubsub@5.3.1 want: ^2.0.0
1378 silly placeDep node_modules/firebase-tools extend@3.0.2 OK for: @google-cloud/pubsub@5.3.1 want: ^3.0.2
1379 silly placeDep node_modules/firebase-tools/node_modules/@google-cloud/pubsub google-auth-library@10.9.0 OK for: @google-cloud/pubsub@5.3.1 want: ^10.5.0
1380 silly placeDep node_modules/firebase-tools google-gax@5.0.7 OK for: @google-cloud/pubsub@5.3.1 want: ^5.0.5
1381 silly placeDep node_modules/firebase-tools google-logging-utils@1.1.4 OK for: @google-cloud/pubsub@5.3.1 want: ^1.1.3
1382 silly placeDep node_modules/firebase-tools heap-js@2.7.1 OK for: @google-cloud/pubsub@5.3.1 want: ^2.6.0
1383 silly placeDep node_modules/firebase-tools is-stream-ended@0.1.4 OK for: @google-cloud/pubsub@5.3.1 want: ^0.1.4
1384 silly placeDep node_modules/firebase-tools lodash.snakecase@4.1.1 OK for: @google-cloud/pubsub@5.3.1 want: ^4.1.1
1385 silly placeDep node_modules/firebase-tools long@5.3.2 OK for: @google-cloud/pubsub@5.3.1 want: ^5.3.1
1386 silly placeDep node_modules/firebase-tools p-defer@3.0.0 OK for: @google-cloud/pubsub@5.3.1 want: ^3.0.0
1387 silly fetch manifest @opentelemetry/semantic-conventions@1.28.0
1388 silly packumentCache full:https://registry.npmjs.org/@opentelemetry%2fsemantic-conventions cache-miss
1389 silly fetch manifest @grpc/grpc-js@^1.12.6
1390 silly packumentCache full:https://registry.npmjs.org/@grpc%2fgrpc-js cache-miss
1391 http cache https://registry.npmjs.org/@opentelemetry%2fsemantic-conventions 7ms (cache hit)
1392 silly packumentCache full:https://registry.npmjs.org/@opentelemetry%2fsemantic-conventions set size:421726 disposed:false
1393 silly fetch manifest @grpc/proto-loader@^0.8.0
1394 silly packumentCache full:https://registry.npmjs.org/@grpc%2fproto-loader cache-miss
1395 http fetch GET 200 https://registry.npmjs.org/@grpc%2fproto-loader 61ms (cache miss)
1396 silly packumentCache full:https://registry.npmjs.org/@grpc%2fproto-loader set size:undefined disposed:false
1397 silly fetch manifest duplexify@^4.1.3
1398 silly packumentCache full:https://registry.npmjs.org/duplexify cache-miss
1399 http fetch GET 200 https://registry.npmjs.org/@grpc%2fgrpc-js 82ms (cache miss)
1400 silly packumentCache full:https://registry.npmjs.org/@grpc%2fgrpc-js set size:undefined disposed:false
1401 silly fetch manifest google-auth-library@10.5.0
1402 silly packumentCache full:https://registry.npmjs.org/google-auth-library cache-hit
1403 silly fetch manifest object-hash@^3.0.0
1404 silly packumentCache full:https://registry.npmjs.org/object-hash cache-miss
1405 http fetch GET 200 https://registry.npmjs.org/duplexify 40ms (cache miss)
1406 silly packumentCache full:https://registry.npmjs.org/duplexify set size:undefined disposed:false
1407 silly fetch manifest proto3-json-serializer@3.0.4
1408 silly packumentCache full:https://registry.npmjs.org/proto3-json-serializer cache-miss
1409 http fetch GET 200 https://registry.npmjs.org/object-hash 43ms (cache miss)
1410 silly packumentCache full:https://registry.npmjs.org/object-hash set size:undefined disposed:false
1411 silly fetch manifest protobufjs@^7.5.4
1412 silly packumentCache full:https://registry.npmjs.org/protobufjs cache-miss
1413 http fetch GET 200 https://registry.npmjs.org/protobufjs 58ms (cache miss)
1414 silly packumentCache full:https://registry.npmjs.org/protobufjs set size:undefined disposed:false
1415 silly fetch manifest retry-request@^8.0.2
1416 silly packumentCache full:https://registry.npmjs.org/retry-request cache-miss
1417 http fetch GET 200 https://registry.npmjs.org/proto3-json-serializer 123ms (cache miss)
1418 silly packumentCache full:https://registry.npmjs.org/proto3-json-serializer set size:undefined disposed:false
1419 silly fetch manifest rimraf@^5.0.1
1420 silly packumentCache full:https://registry.npmjs.org/rimraf cache-miss
1421 http fetch GET 200 https://registry.npmjs.org/retry-request 44ms (cache miss)
1422 silly packumentCache full:https://registry.npmjs.org/retry-request set size:undefined disposed:false
1423 http fetch GET 200 https://registry.npmjs.org/rimraf 46ms (cache miss)
1424 silly packumentCache full:https://registry.npmjs.org/rimraf set size:undefined disposed:false
1425 silly placeDep node_modules/firebase-tools googleapis-common@8.0.2 OK for: @googleapis/sqladmin@37.0.0 want: ^8.0.0
1426 silly fetch manifest gaxios@7.1.3
1427 silly packumentCache full:https://registry.npmjs.org/gaxios cache-hit
1428 silly fetch manifest qs@^6.7.0
1429 silly packumentCache full:https://registry.npmjs.org/qs cache-hit
1430 silly fetch manifest url-template@^2.0.8
1431 silly packumentCache full:https://registry.npmjs.org/url-template cache-miss
1432 http fetch GET 200 https://registry.npmjs.org/url-template 51ms (cache miss)
1433 silly packumentCache full:https://registry.npmjs.org/url-template set size:undefined disposed:false
1434 silly placeDep node_modules/firebase-tools @inquirer/checkbox@4.3.2 OK for: @inquirer/prompts@7.10.1 want: ^4.3.2
1435 silly placeDep node_modules/firebase-tools @inquirer/confirm@5.1.21 OK for: @inquirer/prompts@7.10.1 want: ^5.1.21
1436 silly placeDep node_modules/firebase-tools @inquirer/editor@4.2.23 OK for: @inquirer/prompts@7.10.1 want: ^4.2.23
1437 silly placeDep node_modules/firebase-tools @inquirer/expand@4.0.23 OK for: @inquirer/prompts@7.10.1 want: ^4.0.23
1438 silly placeDep node_modules/firebase-tools @inquirer/input@4.3.1 OK for: @inquirer/prompts@7.10.1 want: ^4.3.1
1439 silly placeDep node_modules/firebase-tools @inquirer/number@3.0.23 OK for: @inquirer/prompts@7.10.1 want: ^3.0.23
1440 silly placeDep node_modules/firebase-tools @inquirer/password@4.0.23 OK for: @inquirer/prompts@7.10.1 want: ^4.0.23
1441 silly placeDep node_modules/firebase-tools @inquirer/rawlist@4.1.11 OK for: @inquirer/prompts@7.10.1 want: ^4.1.11
1442 silly placeDep node_modules/firebase-tools @inquirer/search@3.2.2 OK for: @inquirer/prompts@7.10.1 want: ^3.2.2
1443 silly placeDep node_modules/firebase-tools @inquirer/select@4.4.2 OK for: @inquirer/prompts@7.10.1 want: ^4.4.2
1444 silly fetch manifest @inquirer/ansi@^1.0.2
1445 silly packumentCache full:https://registry.npmjs.org/@inquirer%2fansi cache-miss
1446 silly fetch manifest @inquirer/core@^10.3.2
1447 silly packumentCache full:https://registry.npmjs.org/@inquirer%2fcore cache-miss
1448 http fetch GET 200 https://registry.npmjs.org/@inquirer%2fansi 57ms (cache miss)
1449 silly packumentCache full:https://registry.npmjs.org/@inquirer%2fansi set size:undefined disposed:false
1450 silly fetch manifest @inquirer/type@^3.0.10
1451 silly packumentCache full:https://registry.npmjs.org/@inquirer%2ftype cache-miss
1452 http fetch GET 200 https://registry.npmjs.org/@inquirer%2fcore 74ms (cache miss)
1453 silly packumentCache full:https://registry.npmjs.org/@inquirer%2fcore set size:undefined disposed:false
1454 silly fetch manifest yoctocolors-cjs@^2.1.3
1455 silly packumentCache full:https://registry.npmjs.org/yoctocolors-cjs cache-miss
1456 http fetch GET 200 https://registry.npmjs.org/@inquirer%2ftype 56ms (cache miss)
1457 silly packumentCache full:https://registry.npmjs.org/@inquirer%2ftype set size:undefined disposed:false
1458 silly fetch manifest @inquirer/figures@^1.0.15
1459 silly packumentCache full:https://registry.npmjs.org/@inquirer%2ffigures cache-miss
1460 http fetch GET 200 https://registry.npmjs.org/yoctocolors-cjs 69ms (cache miss)
1461 silly packumentCache full:https://registry.npmjs.org/yoctocolors-cjs set size:undefined disposed:false
1462 silly fetch manifest @inquirer/external-editor@^1.0.3
1463 silly packumentCache full:https://registry.npmjs.org/@inquirer%2fexternal-editor cache-miss
1464 http fetch GET 200 https://registry.npmjs.org/@inquirer%2ffigures 82ms (cache miss)
1465 silly packumentCache full:https://registry.npmjs.org/@inquirer%2ffigures set size:undefined disposed:false
1466 http fetch GET 200 https://registry.npmjs.org/@inquirer%2fexternal-editor 90ms (cache miss)
1467 silly packumentCache full:https://registry.npmjs.org/@inquirer%2fexternal-editor set size:undefined disposed:false
1468 silly placeDep node_modules/firebase-tools @inquirer/ansi@1.0.2 OK for: @inquirer/checkbox@4.3.2 want: ^1.0.2
1469 silly placeDep node_modules/firebase-tools @inquirer/core@10.3.2 OK for: @inquirer/checkbox@4.3.2 want: ^10.3.2
1470 silly placeDep node_modules/firebase-tools @inquirer/figures@1.0.15 OK for: @inquirer/checkbox@4.3.2 want: ^1.0.15
1471 silly placeDep node_modules/firebase-tools @inquirer/type@3.0.10 OK for: @inquirer/checkbox@4.3.2 want: ^3.0.10
1472 silly placeDep node_modules/firebase-tools yoctocolors-cjs@2.1.3 OK for: @inquirer/checkbox@4.3.2 want: ^2.1.3
1473 silly fetch manifest cli-width@^4.1.0
1474 silly packumentCache full:https://registry.npmjs.org/cli-width cache-miss
1475 silly fetch manifest wrap-ansi@^6.2.0
1476 silly packumentCache full:https://registry.npmjs.org/wrap-ansi cache-miss
1477 http fetch GET 200 https://registry.npmjs.org/cli-width 42ms (cache miss)
1478 silly packumentCache full:https://registry.npmjs.org/cli-width set size:undefined disposed:false
1479 silly fetch manifest mute-stream@^2.0.0
1480 silly packumentCache full:https://registry.npmjs.org/mute-stream cache-miss
1481 http fetch GET 200 https://registry.npmjs.org/wrap-ansi 46ms (cache miss)
1482 silly packumentCache full:https://registry.npmjs.org/wrap-ansi set size:undefined disposed:false
1483 silly fetch manifest signal-exit@^4.1.0
1484 silly packumentCache full:https://registry.npmjs.org/signal-exit cache-miss
1485 http fetch GET 200 https://registry.npmjs.org/mute-stream 35ms (cache miss)
1486 silly packumentCache full:https://registry.npmjs.org/mute-stream set size:undefined disposed:false
1487 http fetch GET 200 https://registry.npmjs.org/signal-exit 37ms (cache miss)
1488 silly packumentCache full:https://registry.npmjs.org/signal-exit set size:undefined disposed:false
1489 silly placeDep node_modules/firebase-tools cli-width@4.1.0 OK for: @inquirer/core@10.3.2 want: ^4.1.0
1490 silly placeDep node_modules/firebase-tools mute-stream@2.0.0 OK for: @inquirer/core@10.3.2 want: ^2.0.0
1491 silly placeDep node_modules/firebase-tools signal-exit@4.1.0 OK for: @inquirer/core@10.3.2 want: ^4.1.0
1492 silly placeDep node_modules/firebase-tools wrap-ansi@6.2.0 OK for: @inquirer/core@10.3.2 want: ^6.2.0
1493 silly fetch manifest ansi-styles@^4.0.0
1494 silly packumentCache full:https://registry.npmjs.org/ansi-styles cache-miss
1495 silly fetch manifest string-width@^4.1.0
1496 silly packumentCache full:https://registry.npmjs.org/string-width cache-miss
1497 http cache https://registry.npmjs.org/string-width 5ms (cache hit)
1498 silly packumentCache full:https://registry.npmjs.org/string-width set size:70381 disposed:false
1499 http fetch GET 200 https://registry.npmjs.org/ansi-styles 39ms (cache miss)
1500 silly packumentCache full:https://registry.npmjs.org/ansi-styles set size:undefined disposed:false
1501 silly placeDep node_modules/firebase-tools @inquirer/external-editor@1.0.3 OK for: @inquirer/editor@4.2.23 want: ^1.0.3
1502 silly fetch manifest chardet@^2.1.1
1503 silly packumentCache full:https://registry.npmjs.org/chardet cache-miss
1504 silly fetch manifest iconv-lite@^0.7.0
1505 silly packumentCache full:https://registry.npmjs.org/iconv-lite cache-miss
1506 http cache https://registry.npmjs.org/iconv-lite 4ms (cache hit)
1507 silly packumentCache full:https://registry.npmjs.org/iconv-lite set size:120557 disposed:false
1508 http fetch GET 200 https://registry.npmjs.org/chardet 41ms (cache miss)
1509 silly packumentCache full:https://registry.npmjs.org/chardet set size:undefined disposed:false
1510 silly placeDep node_modules/firebase-tools chardet@2.2.0 OK for: @inquirer/external-editor@1.0.3 want: ^2.1.1
1511 silly placeDep node_modules/firebase-tools iconv-lite@0.7.2 OK for: @inquirer/external-editor@1.0.3 want: ^0.7.0
1512 silly fetch manifest safer-buffer@>= 2.1.2 < 3.0.0
1513 silly packumentCache full:https://registry.npmjs.org/safer-buffer cache-miss
1514 http fetch GET 200 https://registry.npmjs.org/safer-buffer 36ms (cache miss)
1515 silly packumentCache full:https://registry.npmjs.org/safer-buffer set size:undefined disposed:false
1516 silly placeDep node_modules/firebase-tools @hono/node-server@1.19.14 OK for: @modelcontextprotocol/sdk@1.29.0 want: ^1.19.9
1517 silly placeDep node_modules/firebase-tools hono@4.12.27 OK for: @hono/node-server@1.19.14 want: ^4
1518 silly placeDep node_modules/firebase-tools content-type@1.0.5 OK for: @modelcontextprotocol/sdk@1.29.0 want: ^1.0.5
1519 silly placeDep node_modules/firebase-tools eventsource@3.0.7 OK for: @modelcontextprotocol/sdk@1.29.0 want: ^3.0.2
1520 silly placeDep node_modules/firebase-tools eventsource-parser@3.1.0 OK for: @modelcontextprotocol/sdk@1.29.0 want: ^3.0.0
1521 silly placeDep node_modules/firebase-tools/node_modules/@modelcontextprotocol/sdk express@5.2.1 OK for: @modelcontextprotocol/sdk@1.29.0 want: ^5.2.1
1522 silly placeDep node_modules/firebase-tools express-rate-limit@8.5.2 OK for: @modelcontextprotocol/sdk@1.29.0 want: ^8.2.1
1523 silly placeDep node_modules/firebase-tools jose@6.2.3 OK for: @modelcontextprotocol/sdk@1.29.0 want: ^6.1.3
1524 silly placeDep node_modules/firebase-tools json-schema-typed@8.0.2 OK for: @modelcontextprotocol/sdk@1.29.0 want: ^8.0.2
1525 silly placeDep node_modules/firebase-tools pkce-challenge@5.0.1 OK for: @modelcontextprotocol/sdk@1.29.0 want: ^5.0.0
1526 silly placeDep node_modules/firebase-tools raw-body@3.0.2 OK for: @modelcontextprotocol/sdk@1.29.0 want: ^3.0.0
1527 silly placeDep node_modules/firebase-tools zod-to-json-schema@3.25.2 OK for: @modelcontextprotocol/sdk@1.29.0 want: ^3.25.1
1528 silly fetch manifest eventsource-parser@^3.0.1
1529 silly packumentCache full:https://registry.npmjs.org/eventsource-parser cache-miss
1530 silly fetch manifest qs@^6.14.0
1531 silly packumentCache full:https://registry.npmjs.org/qs cache-hit
1532 silly fetch manifest depd@^2.0.0
1533 silly packumentCache full:https://registry.npmjs.org/depd cache-hit
1534 silly fetch manifest etag@^1.8.1
1535 silly packumentCache full:https://registry.npmjs.org/etag cache-miss
1536 http cache https://registry.npmjs.org/eventsource-parser 6ms (cache hit)
1537 silly packumentCache full:https://registry.npmjs.org/eventsource-parser set size:78018 disposed:false
1538 silly fetch manifest once@^1.4.0
1539 silly packumentCache full:https://registry.npmjs.org/once cache-miss
1540 http cache https://registry.npmjs.org/etag 8ms (cache hit)
1541 silly packumentCache full:https://registry.npmjs.org/etag set size:30032 disposed:false
1542 silly fetch manifest send@^1.1.0
1543 silly packumentCache full:https://registry.npmjs.org/send cache-miss
1544 http cache https://registry.npmjs.org/send 5ms (cache hit)
1545 silly packumentCache full:https://registry.npmjs.org/send set size:152810 disposed:false
1546 silly fetch manifest vary@^1.1.2
1547 silly packumentCache full:https://registry.npmjs.org/vary cache-hit
1548 silly fetch manifest debug@^4.4.0
1549 silly packumentCache full:https://registry.npmjs.org/debug cache-hit
1550 silly fetch manifest fresh@^2.0.0
1551 silly packumentCache full:https://registry.npmjs.org/fresh cache-miss
1552 http cache https://registry.npmjs.org/fresh 3ms (cache hit)
1553 silly packumentCache full:https://registry.npmjs.org/fresh set size:25427 disposed:false
1554 silly fetch manifest cookie@^0.7.1
1555 silly packumentCache full:https://registry.npmjs.org/cookie cache-miss
1556 http cache https://registry.npmjs.org/cookie 3ms (cache hit)
1557 silly packumentCache full:https://registry.npmjs.org/cookie set size:78274 disposed:false
1558 silly fetch manifest router@^2.2.0
1559 silly packumentCache full:https://registry.npmjs.org/router cache-miss
1560 http cache https://registry.npmjs.org/router 4ms (cache hit)
1561 silly packumentCache full:https://registry.npmjs.org/router set size:116499 disposed:false
1562 silly fetch manifest accepts@^2.0.0
1563 silly packumentCache full:https://registry.npmjs.org/accepts cache-miss
1564 http cache https://registry.npmjs.org/accepts 3ms (cache hit)
1565 silly packumentCache full:https://registry.npmjs.org/accepts set size:77054 disposed:false
1566 silly fetch manifest type-is@^2.0.1
1567 silly packumentCache full:https://registry.npmjs.org/type-is cache-miss
1568 http cache https://registry.npmjs.org/type-is 7ms (cache hit)
1569 silly packumentCache full:https://registry.npmjs.org/type-is set size:88614 disposed:false
1570 silly fetch manifest parseurl@^1.3.3
1571 silly packumentCache full:https://registry.npmjs.org/parseurl cache-miss
1572 http fetch GET 200 https://registry.npmjs.org/once 42ms (cache miss)
1573 silly packumentCache full:https://registry.npmjs.org/once set size:undefined disposed:false
1574 silly fetch manifest statuses@^2.0.1
1575 silly packumentCache full:https://registry.npmjs.org/statuses cache-miss
1576 http cache https://registry.npmjs.org/parseurl 6ms (cache hit)
1577 silly packumentCache full:https://registry.npmjs.org/parseurl set size:24148 disposed:false
1578 silly fetch manifest encodeurl@^2.0.0
1579 silly packumentCache full:https://registry.npmjs.org/encodeurl cache-miss
1580 http cache https://registry.npmjs.org/statuses 6ms (cache hit)
1581 silly packumentCache full:https://registry.npmjs.org/statuses set size:37117 disposed:false
1582 silly fetch manifest mime-types@^3.0.0
1583 silly packumentCache full:https://registry.npmjs.org/mime-types cache-miss
1584 http cache https://registry.npmjs.org/mime-types 6ms (cache hit)
1585 silly packumentCache full:https://registry.npmjs.org/mime-types set size:139110 disposed:false
1586 silly fetch manifest proxy-addr@^2.0.7
1587 silly packumentCache full:https://registry.npmjs.org/proxy-addr cache-miss
1588 http cache https://registry.npmjs.org/encodeurl 11ms (cache hit)
1589 silly packumentCache full:https://registry.npmjs.org/encodeurl set size:12296 disposed:false
1590 silly fetch manifest body-parser@^2.2.1
1591 silly packumentCache full:https://registry.npmjs.org/body-parser cache-miss
1592 http cache https://registry.npmjs.org/proxy-addr 6ms (cache hit)
1593 silly packumentCache full:https://registry.npmjs.org/proxy-addr set size:61619 disposed:false
1594 silly fetch manifest escape-html@^1.0.3
1595 silly packumentCache full:https://registry.npmjs.org/escape-html cache-miss
1596 http cache https://registry.npmjs.org/body-parser 8ms (cache hit)
1597 silly packumentCache full:https://registry.npmjs.org/body-parser set size:224273 disposed:false
1598 silly fetch manifest http-errors@^2.0.0
1599 silly packumentCache full:https://registry.npmjs.org/http-errors cache-hit
1600 silly fetch manifest on-finished@^2.4.1
1601 silly packumentCache full:https://registry.npmjs.org/on-finished cache-hit
1602 silly fetch manifest finalhandler@^2.1.0
1603 silly packumentCache full:https://registry.npmjs.org/finalhandler cache-miss
1604 http cache https://registry.npmjs.org/escape-html 12ms (cache hit)
1605 silly packumentCache full:https://registry.npmjs.org/escape-html set size:7345 disposed:false
1606 silly fetch manifest range-parser@^1.2.1
1607 silly packumentCache full:https://registry.npmjs.org/range-parser cache-miss
1608 http cache https://registry.npmjs.org/finalhandler 8ms (cache hit)
1609 silly packumentCache full:https://registry.npmjs.org/finalhandler set size:79291 disposed:false
1610 silly fetch manifest serve-static@^2.2.0
1611 silly packumentCache full:https://registry.npmjs.org/serve-static cache-miss
1612 http cache https://registry.npmjs.org/serve-static 5ms (cache hit)
1613 silly packumentCache full:https://registry.npmjs.org/serve-static set size:150391 disposed:false
1614 silly fetch manifest cookie-signature@^1.2.1
1615 silly packumentCache full:https://registry.npmjs.org/cookie-signature cache-miss
1616 http cache https://registry.npmjs.org/range-parser 11ms (cache hit)
1617 silly packumentCache full:https://registry.npmjs.org/range-parser set size:24852 disposed:false
1618 silly fetch manifest merge-descriptors@^2.0.0
1619 silly packumentCache full:https://registry.npmjs.org/merge-descriptors cache-miss
1620 http cache https://registry.npmjs.org/cookie-signature 5ms (cache hit)
1621 silly packumentCache full:https://registry.npmjs.org/cookie-signature set size:21777 disposed:false
1622 silly fetch manifest content-disposition@^1.0.0
1623 silly packumentCache full:https://registry.npmjs.org/content-disposition cache-miss
1624 http cache https://registry.npmjs.org/merge-descriptors 5ms (cache hit)
1625 silly packumentCache full:https://registry.npmjs.org/merge-descriptors set size:16527 disposed:false
1626 silly fetch manifest ip-address@^10.2.0
1627 silly packumentCache full:https://registry.npmjs.org/ip-address cache-miss
1628 http cache https://registry.npmjs.org/content-disposition 6ms (cache hit)
1629 silly packumentCache full:https://registry.npmjs.org/content-disposition set size:42862 disposed:false
1630 http fetch GET 200 https://registry.npmjs.org/ip-address 38ms (cache miss)
1631 silly packumentCache full:https://registry.npmjs.org/ip-address set size:undefined disposed:false
1632 silly placeDep node_modules/firebase-tools/node_modules/@opentelemetry/core @opentelemetry/semantic-conventions@1.28.0 OK for: @opentelemetry/core@1.30.1 want: 1.28.0
1633 silly placeDep node_modules/firebase-tools event-target-shim@5.0.1 OK for: abort-controller@3.0.0 want: ^5.0.0
1634 silly placeDep node_modules/firebase-tools fast-deep-equal@3.1.3 OK for: ajv@8.20.0 want: ^3.1.3
1635 silly placeDep node_modules/firebase-tools fast-uri@3.1.3 OK for: ajv@8.20.0 want: ^3.0.1
1636 silly placeDep node_modules/firebase-tools json-schema-traverse@1.0.0 OK for: ajv@8.20.0 want: ^1.0.0
1637 silly placeDep node_modules/firebase-tools require-from-string@2.0.2 OK for: ajv@8.20.0 want: ^2.0.2
1638 silly placeDep node_modules/firebase-tools archiver-utils@5.0.2 OK for: archiver@7.0.1 want: ^5.0.2
1639 silly placeDep node_modules/firebase-tools async@3.2.6 OK for: archiver@7.0.1 want: ^3.2.4
1640 silly placeDep node_modules/firebase-tools buffer-crc32@1.0.0 OK for: archiver@7.0.1 want: ^1.0.0
1641 silly placeDep node_modules/firebase-tools readable-stream@4.7.0 OK for: archiver@7.0.1 want: ^4.0.0
1642 silly placeDep node_modules/firebase-tools readdir-glob@1.1.3 OK for: archiver@7.0.1 want: ^1.1.2
1643 silly placeDep node_modules/firebase-tools tar-stream@3.2.0 OK for: archiver@7.0.1 want: ^3.0.0
1644 silly placeDep node_modules/firebase-tools zip-stream@6.0.1 OK for: archiver@7.0.1 want: ^6.0.1
1645 silly fetch manifest is-stream@^2.0.1
1646 silly packumentCache full:https://registry.npmjs.org/is-stream cache-miss
1647 silly fetch manifest lazystream@^1.0.0
1648 silly packumentCache full:https://registry.npmjs.org/lazystream cache-miss
1649 http cache https://registry.npmjs.org/is-stream 5ms (cache hit)
1650 silly packumentCache full:https://registry.npmjs.org/is-stream set size:18582 disposed:false
1651 silly fetch manifest normalize-path@^3.0.0
1652 silly packumentCache full:https://registry.npmjs.org/normalize-path cache-miss
1653 http cache https://registry.npmjs.org/normalize-path 3ms (cache hit)
1654 silly packumentCache full:https://registry.npmjs.org/normalize-path set size:28713 disposed:false
1655 silly fetch manifest buffer@^6.0.3
1656 silly packumentCache full:https://registry.npmjs.org/buffer cache-miss
1657 http fetch GET 200 https://registry.npmjs.org/lazystream 33ms (cache miss)
1658 silly packumentCache full:https://registry.npmjs.org/lazystream set size:undefined disposed:false
1659 silly fetch manifest events@^3.3.0
1660 silly packumentCache full:https://registry.npmjs.org/events cache-miss
1661 http fetch GET 200 https://registry.npmjs.org/buffer 46ms (cache miss)
1662 silly packumentCache full:https://registry.npmjs.org/buffer set size:undefined disposed:false
1663 silly fetch manifest process@^0.11.10
1664 silly packumentCache full:https://registry.npmjs.org/process cache-miss
1665 http fetch GET 200 https://registry.npmjs.org/events 33ms (cache miss)
1666 silly packumentCache full:https://registry.npmjs.org/events set size:undefined disposed:false
1667 silly fetch manifest string_decoder@^1.3.0
1668 silly packumentCache full:https://registry.npmjs.org/string_decoder cache-miss
1669 http fetch GET 200 https://registry.npmjs.org/process 36ms (cache miss)
1670 silly packumentCache full:https://registry.npmjs.org/process set size:undefined disposed:false
1671 silly fetch manifest minimatch@^5.1.0
1672 silly packumentCache full:https://registry.npmjs.org/minimatch cache-hit
1673 silly fetch manifest b4a@^1.6.4
1674 silly packumentCache full:https://registry.npmjs.org/b4a cache-miss
1675 http fetch GET 200 https://registry.npmjs.org/string_decoder 35ms (cache miss)
1676 silly packumentCache full:https://registry.npmjs.org/string_decoder set size:undefined disposed:false
1677 silly fetch manifest bare-fs@^4.5.5
1678 silly packumentCache full:https://registry.npmjs.org/bare-fs cache-miss
1679 http fetch GET 200 https://registry.npmjs.org/b4a 46ms (cache miss)
1680 silly packumentCache full:https://registry.npmjs.org/b4a set size:undefined disposed:false
1681 silly fetch manifest fast-fifo@^1.2.0
1682 silly packumentCache full:https://registry.npmjs.org/fast-fifo cache-miss
1683 http fetch GET 200 https://registry.npmjs.org/bare-fs 46ms (cache miss)
1684 silly packumentCache full:https://registry.npmjs.org/bare-fs set size:undefined disposed:false
1685 silly fetch manifest streamx@^2.15.0
1686 silly packumentCache full:https://registry.npmjs.org/streamx cache-miss
1687 http fetch GET 200 https://registry.npmjs.org/fast-fifo 46ms (cache miss)
1688 silly packumentCache full:https://registry.npmjs.org/fast-fifo set size:undefined disposed:false
1689 silly fetch manifest compress-commons@^6.0.2
1690 silly packumentCache full:https://registry.npmjs.org/compress-commons cache-miss
1691 http fetch GET 200 https://registry.npmjs.org/streamx 43ms (cache miss)
1692 silly packumentCache full:https://registry.npmjs.org/streamx set size:undefined disposed:false
1693 http fetch GET 200 https://registry.npmjs.org/compress-commons 39ms (cache miss)
1694 silly packumentCache full:https://registry.npmjs.org/compress-commons set size:undefined disposed:false
1695 silly placeDep node_modules/firebase-tools graceful-fs@4.2.11 OK for: archiver-utils@5.0.2 want: ^4.2.0
1696 silly placeDep node_modules/firebase-tools is-stream@2.0.1 OK for: archiver-utils@5.0.2 want: ^2.0.1
1697 silly placeDep node_modules/firebase-tools lazystream@1.0.1 OK for: archiver-utils@5.0.2 want: ^1.0.0
1698 silly placeDep node_modules/firebase-tools normalize-path@3.0.0 OK for: archiver-utils@5.0.2 want: ^3.0.0
1699 silly fetch manifest readable-stream@^2.0.5
1700 silly packumentCache full:https://registry.npmjs.org/readable-stream cache-hit
1701 silly placeDep node_modules/firebase-tools bytes@3.1.2 OK for: body-parser@1.20.5 want: ~3.1.2
1702 silly placeDep node_modules/firebase-tools debug@2.6.9 OK for: body-parser@1.20.5 want: 2.6.9
1703 silly placeDep node_modules/firebase-tools depd@2.0.0 OK for: body-parser@1.20.5 want: 2.0.0
1704 silly placeDep node_modules/firebase-tools destroy@1.2.0 OK for: body-parser@1.20.5 want: ~1.2.0
1705 silly placeDep node_modules/firebase-tools http-errors@2.0.1 OK for: body-parser@1.20.5 want: ~2.0.1
1706 silly placeDep node_modules/firebase-tools/node_modules/body-parser iconv-lite@0.4.24 OK for: body-parser@1.20.5 want: ~0.4.24
1707 silly placeDep node_modules/firebase-tools on-finished@2.4.1 OK for: body-parser@1.20.5 want: ~2.4.1
1708 silly placeDep node_modules/firebase-tools qs@6.15.3 OK for: body-parser@1.20.5 want: ~6.15.1
1709 silly placeDep node_modules/firebase-tools/node_modules/body-parser raw-body@2.5.3 OK for: body-parser@1.20.5 want: ~2.5.3
1710 silly placeDep node_modules/firebase-tools type-is@1.6.18 OK for: body-parser@1.20.5 want: ~1.6.18
1711 silly placeDep node_modules/firebase-tools unpipe@1.0.0 OK for: body-parser@1.20.5 want: ~1.0.0
1712 silly fetch manifest ms@2.0.0
1713 silly packumentCache full:https://registry.npmjs.org/ms cache-miss
1714 silly fetch manifest inherits@~2.0.4
1715 silly packumentCache full:https://registry.npmjs.org/inherits cache-miss
1716 http cache https://registry.npmjs.org/ms 6ms (cache hit)
1717 silly packumentCache full:https://registry.npmjs.org/ms set size:92208 disposed:false
1718 silly fetch manifest setprototypeof@~1.2.0
1719 silly packumentCache full:https://registry.npmjs.org/setprototypeof cache-miss
1720 http cache https://registry.npmjs.org/setprototypeof 3ms (cache hit)
1721 silly packumentCache full:https://registry.npmjs.org/setprototypeof set size:14532 disposed:false
1722 silly fetch manifest statuses@~2.0.2
1723 silly packumentCache full:https://registry.npmjs.org/statuses cache-hit
1724 silly fetch manifest toidentifier@~1.0.1
1725 silly packumentCache full:https://registry.npmjs.org/toidentifier cache-miss
1726 http fetch GET 200 https://registry.npmjs.org/inherits 33ms (cache miss)
1727 silly packumentCache full:https://registry.npmjs.org/inherits set size:undefined disposed:false
1728 silly fetch manifest safer-buffer@>= 2.1.2 < 3
1729 silly packumentCache full:https://registry.npmjs.org/safer-buffer cache-miss
1730 http cache https://registry.npmjs.org/safer-buffer 3ms (cache hit)
1731 silly packumentCache full:https://registry.npmjs.org/safer-buffer set size:18521 disposed:false
1732 silly fetch manifest ee-first@1.1.1
1733 silly packumentCache full:https://registry.npmjs.org/ee-first cache-miss
1734 http fetch GET 200 https://registry.npmjs.org/toidentifier 37ms (cache miss)
1735 silly packumentCache full:https://registry.npmjs.org/toidentifier set size:undefined disposed:false
1736 silly fetch manifest side-channel@^1.1.1
1737 silly packumentCache full:https://registry.npmjs.org/side-channel cache-miss
1738 http fetch GET 200 https://registry.npmjs.org/ee-first 38ms (cache miss)
1739 silly packumentCache full:https://registry.npmjs.org/ee-first set size:undefined disposed:false
1740 silly fetch manifest es-define-property@^1.0.1
1741 silly packumentCache full:https://registry.npmjs.org/es-define-property cache-miss
1742 http fetch GET 200 https://registry.npmjs.org/side-channel 40ms (cache miss)
1743 silly packumentCache full:https://registry.npmjs.org/side-channel set size:undefined disposed:false
1744 silly fetch manifest mime-types@~2.1.24
1745 silly packumentCache full:https://registry.npmjs.org/mime-types cache-hit
1746 silly fetch manifest media-typer@0.3.0
1747 silly packumentCache full:https://registry.npmjs.org/media-typer cache-miss
1748 http fetch GET 200 https://registry.npmjs.org/es-define-property 33ms (cache miss)
1749 silly packumentCache full:https://registry.npmjs.org/es-define-property set size:undefined disposed:false
1750 http fetch GET 200 https://registry.npmjs.org/media-typer 41ms (cache miss)
1751 silly packumentCache full:https://registry.npmjs.org/media-typer set size:undefined disposed:false
1752 silly placeDep node_modules/firebase-tools anymatch@3.1.3 OK for: chokidar@3.6.0 want: ~3.1.2
1753 silly placeDep node_modules/firebase-tools braces@3.0.3 OK for: chokidar@3.6.0 want: ~3.0.2
1754 silly placeDep node_modules/firebase-tools fsevents@2.3.3 OK for: chokidar@3.6.0 want: ~2.3.2
1755 silly placeDep node_modules/firebase-tools glob-parent@5.1.2 OK for: chokidar@3.6.0 want: ~5.1.2
1756 silly placeDep node_modules/firebase-tools is-binary-path@2.1.0 OK for: chokidar@3.6.0 want: ~2.1.0
1757 silly placeDep node_modules/firebase-tools is-glob@4.0.3 OK for: chokidar@3.6.0 want: ~4.0.1
1758 silly placeDep node_modules/firebase-tools readdirp@3.6.0 OK for: chokidar@3.6.0 want: ~3.6.0
1759 silly fetch manifest picomatch@^2.0.4
1760 silly packumentCache full:https://registry.npmjs.org/picomatch cache-miss
1761 silly fetch manifest fill-range@^7.1.1
1762 silly packumentCache full:https://registry.npmjs.org/fill-range cache-miss
1763 http fetch GET 200 https://registry.npmjs.org/picomatch 52ms (cache miss)
1764 silly packumentCache full:https://registry.npmjs.org/picomatch set size:undefined disposed:false
1765 silly fetch manifest is-glob@^4.0.1
1766 silly packumentCache full:https://registry.npmjs.org/is-glob cache-miss
1767 http fetch GET 200 https://registry.npmjs.org/fill-range 55ms (cache miss)
1768 silly packumentCache full:https://registry.npmjs.org/fill-range set size:undefined disposed:false
1769 silly fetch manifest binary-extensions@^2.0.0
1770 silly packumentCache full:https://registry.npmjs.org/binary-extensions cache-miss
1771 http cache https://registry.npmjs.org/is-glob 7ms (cache hit)
1772 silly packumentCache full:https://registry.npmjs.org/is-glob set size:40530 disposed:false
1773 silly fetch manifest is-extglob@^2.1.1
1774 silly packumentCache full:https://registry.npmjs.org/is-extglob cache-miss
1775 http fetch GET 200 https://registry.npmjs.org/binary-extensions 39ms (cache miss)
1776 silly packumentCache full:https://registry.npmjs.org/binary-extensions set size:undefined disposed:false
1777 silly fetch manifest picomatch@^2.2.1
1778 silly packumentCache full:https://registry.npmjs.org/picomatch cache-miss
1779 http fetch GET 200 https://registry.npmjs.org/is-extglob 37ms (cache miss)
1780 silly packumentCache full:https://registry.npmjs.org/is-extglob set size:undefined disposed:false
1781 http cache https://registry.npmjs.org/picomatch 5ms (cache hit)
1782 silly packumentCache full:https://registry.npmjs.org/picomatch set size:126376 disposed:false
1783 silly placeDep node_modules/firebase-tools picomatch@2.3.2 OK for: anymatch@3.1.3 want: ^2.0.4
1784 silly placeDep node_modules/firebase-tools fill-range@7.1.1 OK for: braces@3.0.3 want: ^7.1.1
1785 silly fetch manifest to-regex-range@^5.0.1
1786 silly packumentCache full:https://registry.npmjs.org/to-regex-range cache-miss
1787 http fetch GET 200 https://registry.npmjs.org/to-regex-range 33ms (cache miss)
1788 silly packumentCache full:https://registry.npmjs.org/to-regex-range set size:undefined disposed:false
1789 silly placeDep node_modules/firebase-tools json-parse-helpfulerror@1.0.3 OK for: cjson@0.3.3 want: ^1.0.3
1790 silly fetch manifest jju@^1.1.0
1791 silly packumentCache full:https://registry.npmjs.org/jju cache-miss
1792 http fetch GET 200 https://registry.npmjs.org/jju 57ms (cache miss)
1793 silly packumentCache full:https://registry.npmjs.org/jju set size:undefined disposed:false
1794 silly placeDep node_modules/firebase-tools @colors/colors@1.5.0 OK for: cli-table3@0.6.5 want: 1.5.0
1795 silly placeDep node_modules/firebase-tools string-width@4.2.3 OK for: cli-table3@0.6.5 want: ^4.2.0
1796 silly fetch manifest strip-ansi@^6.0.1
1797 silly packumentCache full:https://registry.npmjs.org/strip-ansi cache-miss
1798 silly fetch manifest emoji-regex@^8.0.0
1799 silly packumentCache full:https://registry.npmjs.org/emoji-regex cache-miss
1800 http cache https://registry.npmjs.org/strip-ansi 5ms (cache hit)
1801 silly packumentCache full:https://registry.npmjs.org/strip-ansi set size:44998 disposed:false
1802 silly fetch manifest is-fullwidth-code-point@^3.0.0
1803 silly packumentCache full:https://registry.npmjs.org/is-fullwidth-code-point cache-miss
1804 http fetch GET 200 https://registry.npmjs.org/is-fullwidth-code-point 40ms (cache miss)
1805 silly packumentCache full:https://registry.npmjs.org/is-fullwidth-code-point set size:undefined disposed:false
1806 http fetch GET 200 https://registry.npmjs.org/emoji-regex 51ms (cache miss)
1807 silly packumentCache full:https://registry.npmjs.org/emoji-regex set size:undefined disposed:false
1808 silly placeDep node_modules/firebase-tools dot-prop@5.3.0 OK for: configstore@5.0.1 want: ^5.2.0
1809 silly placeDep node_modules/firebase-tools make-dir@3.1.0 OK for: configstore@5.0.1 want: ^3.0.0
1810 silly placeDep node_modules/firebase-tools unique-string@2.0.0 OK for: configstore@5.0.1 want: ^2.0.0
1811 silly placeDep node_modules/firebase-tools write-file-atomic@3.0.3 OK for: configstore@5.0.1 want: ^3.0.0
1812 silly placeDep node_modules/firebase-tools xdg-basedir@4.0.0 OK for: configstore@5.0.1 want: ^4.0.0
1813 silly fetch manifest is-obj@^2.0.0
1814 silly packumentCache full:https://registry.npmjs.org/is-obj cache-miss
1815 silly fetch manifest semver@^6.0.0
1816 silly packumentCache full:https://registry.npmjs.org/semver cache-hit
1817 silly fetch manifest crypto-random-string@^2.0.0
1818 silly packumentCache full:https://registry.npmjs.org/crypto-random-string cache-miss
1819 http fetch GET 200 https://registry.npmjs.org/is-obj 35ms (cache miss)
1820 silly packumentCache full:https://registry.npmjs.org/is-obj set size:undefined disposed:false
1821 silly fetch manifest imurmurhash@^0.1.4
1822 silly packumentCache full:https://registry.npmjs.org/imurmurhash cache-miss
1823 http fetch GET 200 https://registry.npmjs.org/crypto-random-string 36ms (cache miss)
1824 silly packumentCache full:https://registry.npmjs.org/crypto-random-string set size:undefined disposed:false
1825 silly fetch manifest signal-exit@^3.0.2
1826 silly packumentCache full:https://registry.npmjs.org/signal-exit cache-miss
1827 http cache https://registry.npmjs.org/signal-exit 5ms (cache hit)
1828 silly packumentCache full:https://registry.npmjs.org/signal-exit set size:53489 disposed:false
1829 silly fetch manifest is-typedarray@^1.0.0
1830 silly packumentCache full:https://registry.npmjs.org/is-typedarray cache-miss
1831 http fetch GET 200 https://registry.npmjs.org/imurmurhash 34ms (cache miss)
1832 silly packumentCache full:https://registry.npmjs.org/imurmurhash set size:undefined disposed:false
1833 silly fetch manifest typedarray-to-buffer@^3.1.5
1834 silly packumentCache full:https://registry.npmjs.org/typedarray-to-buffer cache-miss
1835 http fetch GET 200 https://registry.npmjs.org/is-typedarray 35ms (cache miss)
1836 silly packumentCache full:https://registry.npmjs.org/is-typedarray set size:undefined disposed:false
1837 http fetch GET 200 https://registry.npmjs.org/typedarray-to-buffer 33ms (cache miss)
1838 silly packumentCache full:https://registry.npmjs.org/typedarray-to-buffer set size:undefined disposed:false
1839 silly placeDep node_modules/firebase-tools object-assign@4.1.1 OK for: cors@2.8.6 want: ^4
1840 silly placeDep node_modules/firebase-tools vary@1.1.2 OK for: cors@2.8.6 want: ^1
1841 silly placeDep node_modules/firebase-tools path-key@3.1.1 OK for: cross-spawn@7.0.6 want: ^3.1.0
1842 silly placeDep node_modules/firebase-tools shebang-command@2.0.0 OK for: cross-spawn@7.0.6 want: ^2.0.0
1843 silly placeDep node_modules/firebase-tools which@2.0.2 OK for: cross-spawn@7.0.6 want: ^2.0.1
1844 silly fetch manifest shebang-regex@^3.0.0
1845 silly packumentCache full:https://registry.npmjs.org/shebang-regex cache-miss
1846 silly fetch manifest isexe@^2.0.0
1847 silly packumentCache full:https://registry.npmjs.org/isexe cache-miss
1848 http fetch GET 200 https://registry.npmjs.org/isexe 36ms (cache miss)
1849 silly packumentCache full:https://registry.npmjs.org/isexe set size:undefined disposed:false
1850 http fetch GET 200 https://registry.npmjs.org/shebang-regex 38ms (cache miss)
1851 silly packumentCache full:https://registry.npmjs.org/shebang-regex set size:undefined disposed:false
1852 silly placeDep node_modules/firebase-tools ms@2.0.0 OK for: debug@2.6.9 want: 2.0.0
1853 silly placeDep node_modules/firebase-tools is-obj@2.0.0 OK for: dot-prop@5.3.0 want: ^2.0.0
1854 silly placeDep node_modules/firebase-tools @apidevtools/json-schema-ref-parser@9.1.2 OK for: exegesis@4.3.0 want: ^9.0.3
1855 silly placeDep node_modules/firebase-tools/node_modules/exegesis ajv-formats@2.1.1 OK for: exegesis@4.3.0 want: ^2.1.0
1856 silly placeDep node_modules/firebase-tools deep-freeze@0.0.1 OK for: exegesis@4.3.0 want: 0.0.1
1857 silly placeDep node_modules/firebase-tools events-listener@1.1.0 OK for: exegesis@4.3.0 want: ^1.1.0
1858 silly placeDep node_modules/firebase-tools json-ptr@3.1.1 OK for: exegesis@4.3.0 want: ^3.0.1
1859 silly placeDep node_modules/firebase-tools openapi3-ts@3.2.0 OK for: exegesis@4.3.0 want: ^3.1.1
1860 silly placeDep node_modules/firebase-tools promise-breaker@6.0.0 OK for: exegesis@4.3.0 want: ^6.0.0
1861 silly placeDep node_modules/firebase-tools/node_modules/exegesis raw-body@2.5.3 OK for: exegesis@4.3.0 want: ^2.3.3
1862 silly fetch manifest call-me-maybe@^1.0.1
1863 silly packumentCache full:https://registry.npmjs.org/call-me-maybe cache-miss
1864 silly fetch manifest @jsdevtools/ono@^7.1.3
1865 silly packumentCache full:https://registry.npmjs.org/@jsdevtools%2fono cache-miss
1866 http fetch GET 200 https://registry.npmjs.org/call-me-maybe 33ms (cache miss)
1867 silly packumentCache full:https://registry.npmjs.org/call-me-maybe set size:undefined disposed:false
1868 silly fetch manifest @types/json-schema@^7.0.6
1869 silly packumentCache full:https://registry.npmjs.org/@types%2fjson-schema cache-miss
1870 http fetch GET 200 https://registry.npmjs.org/@jsdevtools%2fono 58ms (cache miss)
1871 silly packumentCache full:https://registry.npmjs.org/@jsdevtools%2fono set size:undefined disposed:false
1872 http fetch GET 200 https://registry.npmjs.org/@types%2fjson-schema 39ms (cache miss)
1873 silly packumentCache full:https://registry.npmjs.org/@types%2fjson-schema set size:undefined disposed:false
1874 silly placeDep node_modules/firebase-tools @jsdevtools/ono@7.1.3 OK for: @apidevtools/json-schema-ref-parser@9.1.2 want: ^7.1.3
1875 silly placeDep node_modules/firebase-tools @types/json-schema@7.0.15 OK for: @apidevtools/json-schema-ref-parser@9.1.2 want: ^7.0.6
1876 silly placeDep node_modules/firebase-tools call-me-maybe@1.0.2 OK for: @apidevtools/json-schema-ref-parser@9.1.2 want: ^1.0.1
1877 silly placeDep node_modules/firebase-tools accepts@1.3.8 OK for: express@4.22.2 want: ~1.3.8
1878 silly placeDep node_modules/firebase-tools array-flatten@1.1.1 OK for: express@4.22.2 want: 1.1.1
1879 silly placeDep node_modules/firebase-tools content-disposition@0.5.4 OK for: express@4.22.2 want: ~0.5.4
1880 silly placeDep node_modules/firebase-tools cookie@0.7.2 OK for: express@4.22.2 want: ~0.7.1
1881 silly placeDep node_modules/firebase-tools cookie-signature@1.0.7 OK for: express@4.22.2 want: ~1.0.6
1882 silly placeDep node_modules/firebase-tools encodeurl@2.0.0 OK for: express@4.22.2 want: ~2.0.0
1883 silly placeDep node_modules/firebase-tools escape-html@1.0.3 OK for: express@4.22.2 want: ~1.0.3
1884 silly placeDep node_modules/firebase-tools etag@1.8.1 OK for: express@4.22.2 want: ~1.8.1
1885 silly placeDep node_modules/firebase-tools finalhandler@1.3.2 OK for: express@4.22.2 want: ~1.3.1
1886 silly placeDep node_modules/firebase-tools fresh@0.5.2 OK for: express@4.22.2 want: ~0.5.2
1887 silly placeDep node_modules/firebase-tools merge-descriptors@1.0.3 OK for: express@4.22.2 want: 1.0.3
1888 silly placeDep node_modules/firebase-tools methods@1.1.2 OK for: express@4.22.2 want: ~1.1.2
1889 silly placeDep node_modules/firebase-tools parseurl@1.3.3 OK for: express@4.22.2 want: ~1.3.3
1890 silly placeDep node_modules/firebase-tools path-to-regexp@0.1.13 OK for: express@4.22.2 want: ~0.1.12
1891 silly placeDep node_modules/firebase-tools proxy-addr@2.0.7 OK for: express@4.22.2 want: ~2.0.7
1892 silly placeDep node_modules/firebase-tools range-parser@1.2.1 OK for: express@4.22.2 want: ~1.2.1
1893 silly placeDep node_modules/firebase-tools safe-buffer@5.2.1 OK for: express@4.22.2 want: 5.2.1
1894 silly placeDep node_modules/firebase-tools send@0.19.2 OK for: express@4.22.2 want: ~0.19.0
1895 silly placeDep node_modules/firebase-tools serve-static@1.16.3 OK for: express@4.22.2 want: ~1.16.2
1896 silly placeDep node_modules/firebase-tools setprototypeof@1.2.0 OK for: express@4.22.2 want: 1.2.0
1897 silly placeDep node_modules/firebase-tools statuses@2.0.2 OK for: express@4.22.2 want: ~2.0.1
1898 silly placeDep node_modules/firebase-tools utils-merge@1.0.1 OK for: express@4.22.2 want: 1.0.1
1899 silly fetch manifest mime-types@~2.1.34
1900 silly packumentCache full:https://registry.npmjs.org/mime-types cache-hit
1901 silly fetch manifest negotiator@0.6.3
1902 silly packumentCache full:https://registry.npmjs.org/negotiator cache-miss
1903 silly fetch manifest forwarded@0.2.0
1904 silly packumentCache full:https://registry.npmjs.org/forwarded cache-miss
1905 http fetch GET 200 https://registry.npmjs.org/forwarded 36ms (cache miss)
1906 silly packumentCache full:https://registry.npmjs.org/forwarded set size:undefined disposed:false
1907 silly fetch manifest ipaddr.js@1.9.1
1908 silly packumentCache full:https://registry.npmjs.org/ipaddr.js cache-miss
1909 http fetch GET 200 https://registry.npmjs.org/negotiator 42ms (cache miss)
1910 silly packumentCache full:https://registry.npmjs.org/negotiator set size:undefined disposed:false
1911 silly fetch manifest ms@2.1.3
1912 silly packumentCache full:https://registry.npmjs.org/ms cache-hit
1913 silly fetch manifest mime@1.6.0
1914 silly packumentCache full:https://registry.npmjs.org/mime cache-miss
1915 http cache https://registry.npmjs.org/mime 4ms (cache hit)
1916 silly packumentCache full:https://registry.npmjs.org/mime set size:119236 disposed:false
1917 http fetch GET 200 https://registry.npmjs.org/ipaddr.js 34ms (cache miss)
1918 silly packumentCache full:https://registry.npmjs.org/ipaddr.js set size:undefined disposed:false
1919 silly placeDep node_modules/firebase-tools mime-types@2.1.35 OK for: accepts@1.3.8 want: ~2.1.34
1920 silly placeDep node_modules/firebase-tools negotiator@0.6.3 OK for: accepts@1.3.8 want: 0.6.3
1921 silly fetch manifest mime-db@1.52.0
1922 silly packumentCache full:https://registry.npmjs.org/mime-db cache-miss
1923 http fetch GET 200 https://registry.npmjs.org/mime-db 41ms (cache miss)
1924 silly packumentCache full:https://registry.npmjs.org/mime-db set size:undefined disposed:false
1925 silly placeDep node_modules/firebase-tools ip-address@10.2.0 OK for: express-rate-limit@8.5.2 want: ^10.2.0
1926 silly placeDep node_modules/firebase-tools to-regex-range@5.0.1 OK for: fill-range@7.1.1 want: ^5.0.1
1927 silly fetch manifest is-number@^7.0.0
1928 silly packumentCache full:https://registry.npmjs.org/is-number cache-miss
1929 http fetch GET 200 https://registry.npmjs.org/is-number 37ms (cache miss)
1930 silly packumentCache full:https://registry.npmjs.org/is-number set size:undefined disposed:false
1931 silly placeDep node_modules/firebase-tools asynckit@0.4.0 OK for: form-data@4.0.6 want: ^0.4.0
1932 silly placeDep node_modules/firebase-tools combined-stream@1.0.8 OK for: form-data@4.0.6 want: ^1.0.8
1933 silly placeDep node_modules/firebase-tools es-set-tostringtag@2.1.0 OK for: form-data@4.0.6 want: ^2.1.0
1934 silly placeDep node_modules/firebase-tools hasown@2.0.4 OK for: form-data@4.0.6 want: ^2.0.4
1935 silly fetch manifest delayed-stream@~1.0.0
1936 silly packumentCache full:https://registry.npmjs.org/delayed-stream cache-miss
1937 silly fetch manifest es-errors@^1.3.0
1938 silly packumentCache full:https://registry.npmjs.org/es-errors cache-miss
1939 http fetch GET 200 https://registry.npmjs.org/es-errors 40ms (cache miss)
1940 silly packumentCache full:https://registry.npmjs.org/es-errors set size:undefined disposed:false
1941 silly fetch manifest get-intrinsic@^1.2.6
1942 silly packumentCache full:https://registry.npmjs.org/get-intrinsic cache-miss
1943 http fetch GET 200 https://registry.npmjs.org/delayed-stream 44ms (cache miss)
1944 silly packumentCache full:https://registry.npmjs.org/delayed-stream set size:undefined disposed:false
1945 silly fetch manifest has-tostringtag@^1.0.2
1946 silly packumentCache full:https://registry.npmjs.org/has-tostringtag cache-miss
1947 http fetch GET 200 https://registry.npmjs.org/get-intrinsic 36ms (cache miss)
1948 silly packumentCache full:https://registry.npmjs.org/get-intrinsic set size:undefined disposed:false
1949 silly fetch manifest hasown@^2.0.2
1950 silly packumentCache full:https://registry.npmjs.org/hasown cache-miss
1951 http cache https://registry.npmjs.org/hasown 3ms (cache hit)
1952 silly packumentCache full:https://registry.npmjs.org/hasown set size:18361 disposed:false
1953 silly fetch manifest function-bind@^1.1.2
1954 silly packumentCache full:https://registry.npmjs.org/function-bind cache-miss
1955 http fetch GET 200 https://registry.npmjs.org/has-tostringtag 40ms (cache miss)
1956 silly packumentCache full:https://registry.npmjs.org/has-tostringtag set size:undefined disposed:false
1957 http fetch GET 200 https://registry.npmjs.org/function-bind 33ms (cache miss)
1958 silly packumentCache full:https://registry.npmjs.org/function-bind set size:undefined disposed:false
1959 silly placeDep node_modules/firebase-tools delayed-stream@1.0.0 OK for: combined-stream@1.0.8 want: ~1.0.0
1960 silly placeDep node_modules/firebase-tools es-errors@1.3.0 OK for: es-set-tostringtag@2.1.0 want: ^1.3.0
1961 silly placeDep node_modules/firebase-tools get-intrinsic@1.3.0 OK for: es-set-tostringtag@2.1.0 want: ^1.2.6
1962 silly placeDep node_modules/firebase-tools has-tostringtag@1.0.2 OK for: es-set-tostringtag@2.1.0 want: ^1.0.2
1963 silly fetch manifest gopd@^1.2.0
1964 silly packumentCache full:https://registry.npmjs.org/gopd cache-miss
1965 silly fetch manifest get-proto@^1.0.1
1966 silly packumentCache full:https://registry.npmjs.org/get-proto cache-miss
1967 http fetch GET 200 https://registry.npmjs.org/gopd 36ms (cache miss)
1968 silly packumentCache full:https://registry.npmjs.org/gopd set size:undefined disposed:false
1969 silly fetch manifest has-symbols@^1.1.0
1970 silly packumentCache full:https://registry.npmjs.org/has-symbols cache-miss
1971 http fetch GET 200 https://registry.npmjs.org/get-proto 39ms (cache miss)
1972 silly packumentCache full:https://registry.npmjs.org/get-proto set size:undefined disposed:false
1973 silly fetch manifest es-object-atoms@^1.1.1
1974 silly packumentCache full:https://registry.npmjs.org/es-object-atoms cache-miss
1975 http fetch GET 200 https://registry.npmjs.org/es-object-atoms 32ms (cache miss)
1976 silly packumentCache full:https://registry.npmjs.org/es-object-atoms set size:undefined disposed:false
1977 silly fetch manifest math-intrinsics@^1.1.0
1978 silly packumentCache full:https://registry.npmjs.org/math-intrinsics cache-miss
1979 http fetch GET 200 https://registry.npmjs.org/has-symbols 39ms (cache miss)
1980 silly packumentCache full:https://registry.npmjs.org/has-symbols set size:undefined disposed:false
1981 silly fetch manifest call-bind-apply-helpers@^1.0.2
1982 silly packumentCache full:https://registry.npmjs.org/call-bind-apply-helpers cache-miss
1983 http fetch GET 200 https://registry.npmjs.org/math-intrinsics 38ms (cache miss)
1984 silly packumentCache full:https://registry.npmjs.org/math-intrinsics set size:undefined disposed:false
1985 silly fetch manifest has-symbols@^1.0.3
1986 silly packumentCache full:https://registry.npmjs.org/has-symbols cache-miss
1987 http fetch GET 200 https://registry.npmjs.org/call-bind-apply-helpers 36ms (cache miss)
1988 silly packumentCache full:https://registry.npmjs.org/call-bind-apply-helpers set size:undefined disposed:false
1989 http cache https://registry.npmjs.org/has-symbols 5ms (cache hit)
1990 silly packumentCache full:https://registry.npmjs.org/has-symbols set size:21550 disposed:false
1991 silly placeDep node_modules/firebase-tools jsonfile@6.2.1 OK for: fs-extra@10.1.0 want: ^6.0.1
1992 silly placeDep node_modules/firebase-tools universalify@2.0.1 OK for: fs-extra@10.1.0 want: ^2.0.0
1993 silly placeDep node_modules/firebase-tools https-proxy-agent@7.0.6 OK for: gaxios@6.7.1 want: ^7.0.1
1994 silly placeDep node_modules/firebase-tools uuid@9.0.1 OK for: gaxios@6.7.1 want: ^9.0.1
1995 silly fetch manifest debug@4
1996 silly packumentCache full:https://registry.npmjs.org/debug cache-hit
1997 silly placeDep node_modules/firebase-tools call-bind-apply-helpers@1.0.2 OK for: get-intrinsic@1.3.0 want: ^1.0.2
1998 silly placeDep node_modules/firebase-tools es-define-property@1.0.1 OK for: get-intrinsic@1.3.0 want: ^1.0.1
1999 silly placeDep node_modules/firebase-tools es-object-atoms@1.1.2 OK for: get-intrinsic@1.3.0 want: ^1.1.1
2000 silly placeDep node_modules/firebase-tools function-bind@1.1.2 OK for: get-intrinsic@1.3.0 want: ^1.1.2
2001 silly placeDep node_modules/firebase-tools get-proto@1.0.1 OK for: get-intrinsic@1.3.0 want: ^1.0.1
2002 silly placeDep node_modules/firebase-tools gopd@1.2.0 OK for: get-intrinsic@1.3.0 want: ^1.2.0
2003 silly placeDep node_modules/firebase-tools has-symbols@1.1.0 OK for: get-intrinsic@1.3.0 want: ^1.1.0
2004 silly placeDep node_modules/firebase-tools math-intrinsics@1.1.0 OK for: get-intrinsic@1.3.0 want: ^1.1.0
2005 silly fetch manifest dunder-proto@^1.0.1
2006 silly packumentCache full:https://registry.npmjs.org/dunder-proto cache-miss
2007 http fetch GET 200 https://registry.npmjs.org/dunder-proto 31ms (cache miss)
2008 silly packumentCache full:https://registry.npmjs.org/dunder-proto set size:undefined disposed:false
2009 silly placeDep node_modules/firebase-tools dunder-proto@1.0.1 OK for: get-proto@1.0.1 want: ^1.0.1
2010 silly placeDep node_modules/firebase-tools foreground-child@3.3.1 OK for: glob@10.5.0 want: ^3.1.0
2011 silly placeDep node_modules/firebase-tools jackspeak@3.4.3 OK for: glob@10.5.0 want: ^3.1.2
2012 silly placeDep node_modules/firebase-tools/node_modules/glob minimatch@9.0.9 OK for: glob@10.5.0 want: ^9.0.4
2013 silly placeDep node_modules/firebase-tools minipass@7.1.3 OK for: glob@10.5.0 want: ^7.1.2
2014 silly placeDep node_modules/firebase-tools package-json-from-dist@1.0.1 OK for: glob@10.5.0 want: ^1.0.0
2015 silly placeDep node_modules/firebase-tools path-scurry@1.11.1 OK for: glob@10.5.0 want: ^1.11.1
2016 silly fetch manifest @isaacs/cliui@^8.0.2
2017 silly packumentCache full:https://registry.npmjs.org/@isaacs%2fcliui cache-miss
2018 silly fetch manifest @pkgjs/parseargs@^0.11.0
2019 silly packumentCache full:https://registry.npmjs.org/@pkgjs%2fparseargs cache-miss
2020 http fetch GET 200 https://registry.npmjs.org/@pkgjs%2fparseargs 48ms (cache miss)
2021 silly packumentCache full:https://registry.npmjs.org/@pkgjs%2fparseargs set size:undefined disposed:false
2022 silly fetch manifest brace-expansion@^2.0.2
2023 silly packumentCache full:https://registry.npmjs.org/brace-expansion cache-miss
2024 http cache https://registry.npmjs.org/brace-expansion 3ms (cache hit)
2025 silly packumentCache full:https://registry.npmjs.org/brace-expansion set size:77035 disposed:false
2026 silly fetch manifest lru-cache@^10.2.0
2027 silly packumentCache full:https://registry.npmjs.org/lru-cache cache-miss
2028 http cache https://registry.npmjs.org/lru-cache 6ms (cache hit)
2029 silly packumentCache full:https://registry.npmjs.org/lru-cache set size:456196 disposed:false
2030 http fetch GET 200 https://registry.npmjs.org/@isaacs%2fcliui 70ms (cache miss)
2031 silly packumentCache full:https://registry.npmjs.org/@isaacs%2fcliui set size:undefined disposed:false
2032 silly placeDep node_modules/firebase-tools base64-js@1.5.1 OK for: google-auth-library@9.15.1 want: ^1.3.0
2033 silly placeDep node_modules/firebase-tools ecdsa-sig-formatter@1.0.11 OK for: google-auth-library@9.15.1 want: ^1.0.11
2034 silly placeDep node_modules/firebase-tools gcp-metadata@6.1.1 OK for: google-auth-library@9.15.1 want: ^6.1.0
2035 silly placeDep node_modules/firebase-tools gtoken@7.1.0 OK for: google-auth-library@9.15.1 want: ^7.0.0
2036 silly placeDep node_modules/firebase-tools jws@4.0.1 OK for: google-auth-library@9.15.1 want: ^4.0.0
2037 silly fetch manifest json-bigint@^1.0.0
2038 silly packumentCache full:https://registry.npmjs.org/json-bigint cache-miss
2039 silly fetch manifest google-logging-utils@^0.0.2
2040 silly packumentCache full:https://registry.npmjs.org/google-logging-utils cache-hit
2041 silly fetch manifest jwa@^2.0.1
2042 silly packumentCache full:https://registry.npmjs.org/jwa cache-miss
2043 http fetch GET 200 https://registry.npmjs.org/json-bigint 40ms (cache miss)
2044 silly packumentCache full:https://registry.npmjs.org/json-bigint set size:undefined disposed:false
2045 http fetch GET 200 https://registry.npmjs.org/jwa 42ms (cache miss)
2046 silly packumentCache full:https://registry.npmjs.org/jwa set size:undefined disposed:false
2047 silly placeDep node_modules/firebase-tools/node_modules/gcp-metadata google-logging-utils@0.0.2 OK for: gcp-metadata@6.1.1 want: ^0.0.2
2048 silly placeDep node_modules/firebase-tools json-bigint@1.0.0 OK for: gcp-metadata@6.1.1 want: ^1.0.0
2049 silly fetch manifest bignumber.js@^9.0.0
2050 silly packumentCache full:https://registry.npmjs.org/bignumber.js cache-miss
2051 http fetch GET 200 https://registry.npmjs.org/bignumber.js 40ms (cache miss)
2052 silly packumentCache full:https://registry.npmjs.org/bignumber.js set size:undefined disposed:false
2053 silly placeDep node_modules/firebase-tools @grpc/grpc-js@1.14.4 OK for: google-gax@5.0.7 want: ^1.12.6
2054 silly placeDep node_modules/firebase-tools @grpc/proto-loader@0.8.1 OK for: google-gax@5.0.7 want: ^0.8.0
2055 silly placeDep node_modules/firebase-tools duplexify@4.1.3 OK for: google-gax@5.0.7 want: ^4.1.3
2056 silly placeDep node_modules/firebase-tools/node_modules/google-gax google-auth-library@10.5.0 OK for: google-gax@5.0.7 want: 10.5.0
2057 silly placeDep node_modules/firebase-tools/node_modules/google-gax google-logging-utils@1.1.3 OK for: google-gax@5.0.7 want: 1.1.3
2058 silly placeDep node_modules/firebase-tools/node_modules/google-gax node-fetch@3.3.2 OK for: google-gax@5.0.7 want: ^3.3.2
2059 silly placeDep node_modules/firebase-tools object-hash@3.0.0 OK for: google-gax@5.0.7 want: ^3.0.0
2060 silly placeDep node_modules/firebase-tools proto3-json-serializer@3.0.4 OK for: google-gax@5.0.7 want: 3.0.4
2061 silly placeDep node_modules/firebase-tools protobufjs@7.6.4 OK for: google-gax@5.0.7 want: ^7.5.4
2062 silly placeDep node_modules/firebase-tools retry-request@8.0.3 OK for: google-gax@5.0.7 want: ^8.0.2
2063 silly placeDep node_modules/firebase-tools rimraf@5.0.10 OK for: google-gax@5.0.7 want: ^5.0.1
2064 silly fetch manifest @js-sdsl/ordered-map@^4.4.2
2065 silly packumentCache full:https://registry.npmjs.org/@js-sdsl%2fordered-map cache-miss
2066 silly fetch manifest lodash.camelcase@^4.3.0
2067 silly packumentCache full:https://registry.npmjs.org/lodash.camelcase cache-miss
2068 http fetch GET 200 https://registry.npmjs.org/lodash.camelcase 52ms (cache miss)
2069 silly packumentCache full:https://registry.npmjs.org/lodash.camelcase set size:undefined disposed:false
2070 silly fetch manifest protobufjs@^7.5.5
2071 silly packumentCache full:https://registry.npmjs.org/protobufjs cache-miss
2072 http cache https://registry.npmjs.org/protobufjs 5ms (cache hit)
2073 silly packumentCache full:https://registry.npmjs.org/protobufjs set size:749446 disposed:false
2074 silly fetch manifest yargs@^17.7.2
2075 silly packumentCache full:https://registry.npmjs.org/yargs cache-miss
2076 http fetch GET 200 https://registry.npmjs.org/@js-sdsl%2fordered-map 75ms (cache miss)
2077 silly packumentCache full:https://registry.npmjs.org/@js-sdsl%2fordered-map set size:undefined disposed:false
2078 silly fetch manifest end-of-stream@^1.4.1
2079 silly packumentCache full:https://registry.npmjs.org/end-of-stream cache-miss
2080 http fetch GET 200 https://registry.npmjs.org/end-of-stream 38ms (cache miss)
2081 silly packumentCache full:https://registry.npmjs.org/end-of-stream set size:undefined disposed:false
2082 silly fetch manifest inherits@^2.0.3
2083 silly packumentCache full:https://registry.npmjs.org/inherits cache-miss
2084 http cache https://registry.npmjs.org/inherits 5ms (cache hit)
2085 silly packumentCache full:https://registry.npmjs.org/inherits set size:12925 disposed:false
2086 silly fetch manifest readable-stream@^3.1.1
2087 silly packumentCache full:https://registry.npmjs.org/readable-stream cache-hit
2088 silly fetch manifest stream-shift@^1.0.2
2089 silly packumentCache full:https://registry.npmjs.org/stream-shift cache-miss
2090 http fetch GET 200 https://registry.npmjs.org/yargs 71ms (cache miss)
2091 silly packumentCache full:https://registry.npmjs.org/yargs set size:undefined disposed:false
2092 silly fetch manifest gaxios@^7.0.0
2093 silly packumentCache full:https://registry.npmjs.org/gaxios cache-hit
2094 silly fetch manifest gtoken@^8.0.0
2095 silly packumentCache full:https://registry.npmjs.org/gtoken cache-miss
2096 http cache https://registry.npmjs.org/gtoken 4ms (cache hit)
2097 silly packumentCache full:https://registry.npmjs.org/gtoken set size:155604 disposed:false
2098 silly fetch manifest gcp-metadata@^8.0.0
2099 silly packumentCache full:https://registry.npmjs.org/gcp-metadata cache-hit
2100 silly fetch manifest data-uri-to-buffer@^4.0.0
2101 silly packumentCache full:https://registry.npmjs.org/data-uri-to-buffer cache-miss
2102 http fetch GET 200 https://registry.npmjs.org/stream-shift 39ms (cache miss)
2103 silly packumentCache full:https://registry.npmjs.org/stream-shift set size:undefined disposed:false
2104 silly fetch manifest fetch-blob@^3.1.4
2105 silly packumentCache full:https://registry.npmjs.org/fetch-blob cache-miss
2106 http fetch GET 200 https://registry.npmjs.org/data-uri-to-buffer 38ms (cache miss)
2107 silly packumentCache full:https://registry.npmjs.org/data-uri-to-buffer set size:undefined disposed:false
2108 silly fetch manifest formdata-polyfill@^4.0.10
2109 silly packumentCache full:https://registry.npmjs.org/formdata-polyfill cache-miss
2110 http fetch GET 200 https://registry.npmjs.org/fetch-blob 39ms (cache miss)
2111 silly packumentCache full:https://registry.npmjs.org/fetch-blob set size:undefined disposed:false
2112 silly fetch manifest protobufjs@^7.4.0
2113 silly packumentCache full:https://registry.npmjs.org/protobufjs cache-hit
2114 silly fetch manifest @types/node@>=13.7.0
2115 silly packumentCache full:https://registry.npmjs.org/@types%2fnode cache-miss
2116 http cache https://registry.npmjs.org/@types%2fnode 29ms (cache hit)
2117 silly packumentCache full:https://registry.npmjs.org/@types%2fnode set size:11066386 disposed:false
2118 silly fetch manifest @protobufjs/path@^1.1.2
2119 silly packumentCache full:https://registry.npmjs.org/@protobufjs%2fpath cache-miss
2120 http fetch GET 200 https://registry.npmjs.org/formdata-polyfill 202ms (cache miss)
2121 silly packumentCache full:https://registry.npmjs.org/formdata-polyfill set size:undefined disposed:false
2122 silly fetch manifest @protobufjs/pool@^1.1.0
2123 silly packumentCache full:https://registry.npmjs.org/@protobufjs%2fpool cache-miss
2124 http fetch GET 200 https://registry.npmjs.org/@protobufjs%2fpool 45ms (cache miss)
2125 silly packumentCache full:https://registry.npmjs.org/@protobufjs%2fpool set size:undefined disposed:false
2126 silly fetch manifest @protobufjs/utf8@^1.1.1
2127 silly packumentCache full:https://registry.npmjs.org/@protobufjs%2futf8 cache-miss
2128 http fetch GET 200 https://registry.npmjs.org/@protobufjs%2fpath 65ms (cache miss)
2129 silly packumentCache full:https://registry.npmjs.org/@protobufjs%2fpath set size:undefined disposed:false
2130 silly fetch manifest @protobufjs/fetch@^1.1.1
2131 silly packumentCache full:https://registry.npmjs.org/@protobufjs%2ffetch cache-miss
2132 http fetch GET 200 https://registry.npmjs.org/@protobufjs%2futf8 49ms (cache miss)
2133 silly packumentCache full:https://registry.npmjs.org/@protobufjs%2futf8 set size:undefined disposed:false
2134 silly fetch manifest @protobufjs/float@^1.0.2
2135 silly packumentCache full:https://registry.npmjs.org/@protobufjs%2ffloat cache-miss
2136 http fetch GET 200 https://registry.npmjs.org/@protobufjs%2ffetch 51ms (cache miss)
2137 silly packumentCache full:https://registry.npmjs.org/@protobufjs%2ffetch set size:undefined disposed:false
2138 silly fetch manifest @protobufjs/base64@^1.1.2
2139 silly packumentCache full:https://registry.npmjs.org/@protobufjs%2fbase64 cache-miss
2140 http fetch GET 200 https://registry.npmjs.org/@protobufjs%2ffloat 49ms (cache miss)
2141 silly packumentCache full:https://registry.npmjs.org/@protobufjs%2ffloat set size:undefined disposed:false
2142 silly fetch manifest @protobufjs/codegen@^2.0.5
2143 silly packumentCache full:https://registry.npmjs.org/@protobufjs%2fcodegen cache-miss
2144 http fetch GET 200 https://registry.npmjs.org/@protobufjs%2fbase64 53ms (cache miss)
2145 silly packumentCache full:https://registry.npmjs.org/@protobufjs%2fbase64 set size:undefined disposed:false
2146 silly fetch manifest @protobufjs/aspromise@^1.1.2
2147 silly packumentCache full:https://registry.npmjs.org/@protobufjs%2faspromise cache-miss
2148 http fetch GET 200 https://registry.npmjs.org/@protobufjs%2fcodegen 55ms (cache miss)
2149 silly packumentCache full:https://registry.npmjs.org/@protobufjs%2fcodegen set size:undefined disposed:false
2150 silly fetch manifest @protobufjs/eventemitter@^1.1.1
2151 silly packumentCache full:https://registry.npmjs.org/@protobufjs%2feventemitter cache-miss
2152 http fetch GET 200 https://registry.npmjs.org/@protobufjs%2faspromise 51ms (cache miss)
2153 silly packumentCache full:https://registry.npmjs.org/@protobufjs%2faspromise set size:undefined disposed:false
2154 silly fetch manifest teeny-request@^10.0.0
2155 silly packumentCache full:https://registry.npmjs.org/teeny-request cache-miss
2156 http fetch GET 200 https://registry.npmjs.org/@protobufjs%2feventemitter 47ms (cache miss)
2157 silly packumentCache full:https://registry.npmjs.org/@protobufjs%2feventemitter set size:undefined disposed:false
2158 http fetch GET 200 https://registry.npmjs.org/teeny-request 53ms (cache miss)
2159 silly packumentCache full:https://registry.npmjs.org/teeny-request set size:undefined disposed:false
2160 silly placeDep node_modules/firebase-tools @js-sdsl/ordered-map@4.4.2 OK for: @grpc/grpc-js@1.14.4 want: ^4.4.2
2161 silly placeDep node_modules/firebase-tools lodash.camelcase@4.3.0 OK for: @grpc/proto-loader@0.8.1 want: ^4.3.0
2162 silly placeDep node_modules/firebase-tools yargs@17.7.3 OK for: @grpc/proto-loader@0.8.1 want: ^17.7.2
2163 silly fetch manifest cliui@^8.0.1
2164 silly packumentCache full:https://registry.npmjs.org/cliui cache-miss
2165 silly fetch manifest escalade@^3.1.1
2166 silly packumentCache full:https://registry.npmjs.org/escalade cache-miss
2167 http fetch GET 200 https://registry.npmjs.org/cliui 36ms (cache miss)
2168 silly packumentCache full:https://registry.npmjs.org/cliui set size:undefined disposed:false
2169 silly fetch manifest get-caller-file@^2.0.5
2170 silly packumentCache full:https://registry.npmjs.org/get-caller-file cache-miss
2171 http fetch GET 200 https://registry.npmjs.org/escalade 43ms (cache miss)
2172 silly packumentCache full:https://registry.npmjs.org/escalade set size:undefined disposed:false
2173 silly fetch manifest require-directory@^2.1.1
2174 silly packumentCache full:https://registry.npmjs.org/require-directory cache-miss
2175 http fetch GET 200 https://registry.npmjs.org/get-caller-file 34ms (cache miss)
2176 silly packumentCache full:https://registry.npmjs.org/get-caller-file set size:undefined disposed:false
2177 silly fetch manifest y18n@^5.0.5
2178 silly packumentCache full:https://registry.npmjs.org/y18n cache-miss
2179 http fetch GET 200 https://registry.npmjs.org/require-directory 42ms (cache miss)
2180 silly packumentCache full:https://registry.npmjs.org/require-directory set size:undefined disposed:false
2181 silly fetch manifest yargs-parser@^21.1.1
2182 silly packumentCache full:https://registry.npmjs.org/yargs-parser cache-miss
2183 http fetch GET 200 https://registry.npmjs.org/y18n 46ms (cache miss)
2184 silly packumentCache full:https://registry.npmjs.org/y18n set size:undefined disposed:false
2185 http fetch GET 200 https://registry.npmjs.org/yargs-parser 42ms (cache miss)
2186 silly packumentCache full:https://registry.npmjs.org/yargs-parser set size:undefined disposed:false
2187 silly placeDep node_modules/firebase-tools end-of-stream@1.4.5 OK for: duplexify@4.1.3 want: ^1.4.1
2188 silly placeDep node_modules/firebase-tools inherits@2.0.4 OK for: duplexify@4.1.3 want: ^2.0.3
2189 silly placeDep node_modules/firebase-tools/node_modules/duplexify readable-stream@3.6.2 OK for: duplexify@4.1.3 want: ^3.1.1
2190 silly placeDep node_modules/firebase-tools stream-shift@1.0.3 OK for: duplexify@4.1.3 want: ^1.0.2
2191 silly fetch manifest string_decoder@^1.1.1
2192 silly packumentCache full:https://registry.npmjs.org/string_decoder cache-miss
2193 silly fetch manifest util-deprecate@^1.0.1
2194 silly packumentCache full:https://registry.npmjs.org/util-deprecate cache-miss
2195 http cache https://registry.npmjs.org/string_decoder 5ms (cache hit)
2196 silly packumentCache full:https://registry.npmjs.org/string_decoder set size:28441 disposed:false
2197 http fetch GET 200 https://registry.npmjs.org/util-deprecate 31ms (cache miss)
2198 silly packumentCache full:https://registry.npmjs.org/util-deprecate set size:undefined disposed:false
2199 silly placeDep node_modules/firebase-tools once@1.4.0 OK for: end-of-stream@1.4.5 want: ^1.4.0
2200 silly fetch manifest wrappy@1
2201 silly packumentCache full:https://registry.npmjs.org/wrappy cache-miss
2202 http fetch GET 200 https://registry.npmjs.org/wrappy 36ms (cache miss)
2203 silly packumentCache full:https://registry.npmjs.org/wrappy set size:undefined disposed:false
2204 silly placeDep node_modules/firebase-tools/node_modules/googleapis-common gaxios@7.1.3 OK for: googleapis-common@8.0.2 want: 7.1.3
2205 silly placeDep node_modules/firebase-tools/node_modules/googleapis-common google-auth-library@10.5.0 OK for: googleapis-common@8.0.2 want: 10.5.0
2206 silly placeDep node_modules/firebase-tools/node_modules/googleapis-common google-logging-utils@1.1.3 OK for: googleapis-common@8.0.2 want: 1.1.3
2207 silly placeDep node_modules/firebase-tools url-template@2.0.8 OK for: googleapis-common@8.0.2 want: ^2.0.8
2208 silly placeDep node_modules/firebase-tools toidentifier@1.0.1 OK for: http-errors@2.0.1 want: ~1.0.1
2209 silly placeDep node_modules/firebase-tools agent-base@7.1.4 OK for: https-proxy-agent@7.0.6 want: ^7.1.2
2210 silly placeDep node_modules/firebase-tools/node_modules/https-proxy-agent debug@4.4.3 OK for: https-proxy-agent@7.0.6 want: 4
2211 silly fetch manifest ms@^2.1.3
2212 silly packumentCache full:https://registry.npmjs.org/ms cache-hit
2213 silly placeDep node_modules/firebase-tools safer-buffer@2.1.2 OK for: iconv-lite@0.7.2 want: >= 2.1.2 < 3.0.0
2214 silly placeDep node_modules/firebase-tools binary-extensions@2.3.0 OK for: is-binary-path@2.1.0 want: ^2.0.0
2215 silly placeDep node_modules/firebase-tools is-extglob@2.1.1 OK for: is-glob@4.0.3 want: ^2.1.1
2216 silly placeDep node_modules/firebase-tools @isaacs/cliui@8.0.2 OK for: jackspeak@3.4.3 want: ^8.0.2
2217 silly placeDep node_modules/firebase-tools @pkgjs/parseargs@0.11.0 OK for: jackspeak@3.4.3 want: ^0.11.0
2218 silly fetch manifest wrap-ansi@^8.1.0
2219 silly packumentCache full:https://registry.npmjs.org/wrap-ansi cache-miss
2220 silly fetch manifest strip-ansi@^7.0.1
2221 silly packumentCache full:https://registry.npmjs.org/strip-ansi cache-hit
2222 silly fetch manifest string-width@^5.1.2
2223 silly packumentCache full:https://registry.npmjs.org/string-width cache-hit
2224 silly fetch manifest wrap-ansi-cjs@npm:wrap-ansi@^7.0.0
2225 silly packumentCache full:https://registry.npmjs.org/wrap-ansi cache-miss
2226 http cache https://registry.npmjs.org/wrap-ansi 7ms (cache hit)
2227 silly packumentCache full:https://registry.npmjs.org/wrap-ansi set size:55299 disposed:false
2228 silly fetch manifest strip-ansi-cjs@npm:strip-ansi@^6.0.1
2229 silly packumentCache full:https://registry.npmjs.org/strip-ansi cache-hit
2230 silly fetch manifest string-width-cjs@npm:string-width@^4.2.0
2231 silly packumentCache full:https://registry.npmjs.org/string-width cache-hit
2232 http cache https://registry.npmjs.org/wrap-ansi 9ms (cache hit)
2233 silly packumentCache full:https://registry.npmjs.org/wrap-ansi set size:55299 disposed:false
2234 silly packumentCache full:https://registry.npmjs.org/wrap-ansi dispose
2235 silly placeDep node_modules/firebase-tools/node_modules/@isaacs/cliui string-width@5.1.2 OK for: @isaacs/cliui@8.0.2 want: ^5.1.2
2236 silly placeDep node_modules/firebase-tools string-width-cjs@4.2.3 OK for: @isaacs/cliui@8.0.2 want: npm:string-width@^4.2.0
2237 silly placeDep node_modules/firebase-tools strip-ansi@7.2.0 OK for: @isaacs/cliui@8.0.2 want: ^7.0.1
2238 silly placeDep node_modules/firebase-tools strip-ansi-cjs@6.0.1 OK for: @isaacs/cliui@8.0.2 want: npm:strip-ansi@^6.0.1
2239 silly placeDep node_modules/firebase-tools/node_modules/@isaacs/cliui wrap-ansi@8.1.0 OK for: @isaacs/cliui@8.0.2 want: ^8.1.0
2240 silly placeDep node_modules/firebase-tools wrap-ansi-cjs@7.0.0 OK for: @isaacs/cliui@8.0.2 want: npm:wrap-ansi@^7.0.0
2241 silly fetch manifest emoji-regex@^9.2.2
2242 silly packumentCache full:https://registry.npmjs.org/emoji-regex cache-miss
2243 silly fetch manifest eastasianwidth@^0.2.0
2244 silly packumentCache full:https://registry.npmjs.org/eastasianwidth cache-miss
2245 http cache https://registry.npmjs.org/emoji-regex 5ms (cache hit)
2246 silly packumentCache full:https://registry.npmjs.org/emoji-regex set size:89064 disposed:false
2247 silly fetch manifest ansi-regex@^6.2.2
2248 silly packumentCache full:https://registry.npmjs.org/ansi-regex cache-miss
2249 http cache https://registry.npmjs.org/ansi-regex 4ms (cache hit)
2250 silly packumentCache full:https://registry.npmjs.org/ansi-regex set size:43572 disposed:false
2251 silly fetch manifest ansi-regex@^5.0.1
2252 silly packumentCache full:https://registry.npmjs.org/ansi-regex cache-hit
2253 silly fetch manifest ansi-styles@^6.1.0
2254 silly packumentCache full:https://registry.npmjs.org/ansi-styles cache-miss
2255 http cache https://registry.npmjs.org/ansi-styles 4ms (cache hit)
2256 silly packumentCache full:https://registry.npmjs.org/ansi-styles set size:63233 disposed:false
2257 http fetch GET 200 https://registry.npmjs.org/eastasianwidth 32ms (cache miss)
2258 silly packumentCache full:https://registry.npmjs.org/eastasianwidth set size:undefined disposed:false
2259 silly placeDep node_modules/firebase-tools argparse@2.0.1 OK for: js-yaml@4.3.0 want: ^2.0.1
2260 silly placeDep node_modules/firebase-tools bignumber.js@9.3.1 OK for: json-bigint@1.0.0 want: ^9.0.0
2261 silly placeDep node_modules/firebase-tools jju@1.4.0 OK for: json-parse-helpfulerror@1.0.3 want: ^1.1.0
2262 silly placeDep node_modules/firebase-tools lodash.includes@4.3.0 OK for: jsonwebtoken@9.0.3 want: ^4.3.0
2263 silly placeDep node_modules/firebase-tools lodash.isboolean@3.0.3 OK for: jsonwebtoken@9.0.3 want: ^3.0.3
2264 silly placeDep node_modules/firebase-tools lodash.isinteger@4.0.4 OK for: jsonwebtoken@9.0.3 want: ^4.0.4
2265 silly placeDep node_modules/firebase-tools lodash.isnumber@3.0.3 OK for: jsonwebtoken@9.0.3 want: ^3.0.3
2266 silly placeDep node_modules/firebase-tools lodash.isplainobject@4.0.6 OK for: jsonwebtoken@9.0.3 want: ^4.0.6
2267 silly placeDep node_modules/firebase-tools lodash.isstring@4.0.1 OK for: jsonwebtoken@9.0.3 want: ^4.0.1
2268 silly placeDep node_modules/firebase-tools lodash.once@4.1.1 OK for: jsonwebtoken@9.0.3 want: ^4.0.0
2269 silly placeDep node_modules/firebase-tools/node_modules/jsonwebtoken ms@2.1.3 OK for: jsonwebtoken@9.0.3 want: ^2.1.1
2270 silly placeDep node_modules/firebase-tools jwa@2.0.1 OK for: jws@4.0.1 want: ^2.0.1
2271 silly fetch manifest buffer-equal-constant-time@^1.0.1
2272 silly packumentCache full:https://registry.npmjs.org/buffer-equal-constant-time cache-miss
2273 http fetch GET 200 https://registry.npmjs.org/buffer-equal-constant-time 35ms (cache miss)
2274 silly packumentCache full:https://registry.npmjs.org/buffer-equal-constant-time set size:undefined disposed:false
2275 silly placeDep node_modules/firebase-tools buffer-equal-constant-time@1.0.1 OK for: jwa@2.0.1 want: ^1.0.1
2276 silly placeDep node_modules/firebase-tools/node_modules/lazystream readable-stream@2.3.8 OK for: lazystream@1.0.1 want: ^2.0.5
2277 silly fetch manifest isarray@~1.0.0
2278 silly packumentCache full:https://registry.npmjs.org/isarray cache-miss
2279 silly fetch manifest safe-buffer@~5.1.1
2280 silly packumentCache full:https://registry.npmjs.org/safe-buffer cache-miss
2281 http cache https://registry.npmjs.org/safe-buffer 5ms (cache hit)
2282 silly packumentCache full:https://registry.npmjs.org/safe-buffer set size:41183 disposed:false
2283 silly fetch manifest core-util-is@~1.0.0
2284 silly packumentCache full:https://registry.npmjs.org/core-util-is cache-miss
2285 http fetch GET 200 https://registry.npmjs.org/isarray 38ms (cache miss)
2286 silly packumentCache full:https://registry.npmjs.org/isarray set size:undefined disposed:false
2287 silly fetch manifest string_decoder@~1.1.1
2288 silly packumentCache full:https://registry.npmjs.org/string_decoder cache-hit
2289 silly fetch manifest util-deprecate@~1.0.1
2290 silly packumentCache full:https://registry.npmjs.org/util-deprecate cache-miss
2291 http cache https://registry.npmjs.org/util-deprecate 5ms (cache hit)
2292 silly packumentCache full:https://registry.npmjs.org/util-deprecate set size:6674 disposed:false
2293 silly fetch manifest process-nextick-args@~2.0.0
2294 silly packumentCache full:https://registry.npmjs.org/process-nextick-args cache-miss
2295 http fetch GET 200 https://registry.npmjs.org/core-util-is 43ms (cache miss)
2296 silly packumentCache full:https://registry.npmjs.org/core-util-is set size:undefined disposed:false
2297 http fetch GET 200 https://registry.npmjs.org/process-nextick-args 31ms (cache miss)
2298 silly packumentCache full:https://registry.npmjs.org/process-nextick-args set size:undefined disposed:false
2299 silly placeDep node_modules/firebase-tools libsodium@0.7.16 OK for: libsodium-wrappers@0.7.16 want: ^0.7.16
2300 silly placeDep node_modules/firebase-tools/node_modules/make-dir semver@6.3.1 OK for: make-dir@3.1.0 want: ^6.0.0
2301 silly placeDep node_modules/firebase-tools ansi-escapes@7.3.0 OK for: marked-terminal@7.3.0 want: ^7.0.0
2302 silly placeDep node_modules/firebase-tools ansi-regex@6.2.2 OK for: marked-terminal@7.3.0 want: ^6.1.0
2303 silly placeDep node_modules/firebase-tools chalk@5.6.2 OK for: marked-terminal@7.3.0 want: ^5.4.1
2304 silly placeDep node_modules/firebase-tools cli-highlight@2.1.11 OK for: marked-terminal@7.3.0 want: ^2.1.11
2305 silly placeDep node_modules/firebase-tools node-emoji@2.2.0 OK for: marked-terminal@7.3.0 want: ^2.2.0
2306 silly placeDep node_modules/firebase-tools supports-hyperlinks@3.2.0 OK for: marked-terminal@7.3.0 want: ^3.1.0
2307 silly fetch manifest environment@^1.0.0
2308 silly packumentCache full:https://registry.npmjs.org/environment cache-miss
2309 silly fetch manifest chalk@^4.0.0
2310 silly packumentCache full:https://registry.npmjs.org/chalk cache-hit
2311 silly fetch manifest highlight.js@^10.7.1
2312 silly packumentCache full:https://registry.npmjs.org/highlight.js cache-miss
2313 http fetch GET 200 https://registry.npmjs.org/environment 49ms (cache miss)
2314 silly packumentCache full:https://registry.npmjs.org/environment set size:undefined disposed:false
2315 silly fetch manifest mz@^2.4.0
2316 silly packumentCache full:https://registry.npmjs.org/mz cache-miss
2317 http fetch GET 200 https://registry.npmjs.org/highlight.js 62ms (cache miss)
2318 silly packumentCache full:https://registry.npmjs.org/highlight.js set size:undefined disposed:false
2319 silly fetch manifest parse5@^5.1.1
2320 silly packumentCache full:https://registry.npmjs.org/parse5 cache-miss
2321 http fetch GET 200 https://registry.npmjs.org/mz 33ms (cache miss)
2322 silly packumentCache full:https://registry.npmjs.org/mz set size:undefined disposed:false
2323 silly fetch manifest parse5-htmlparser2-tree-adapter@^6.0.0
2324 silly packumentCache full:https://registry.npmjs.org/parse5-htmlparser2-tree-adapter cache-miss
2325 http fetch GET 200 https://registry.npmjs.org/parse5 40ms (cache miss)
2326 silly packumentCache full:https://registry.npmjs.org/parse5 set size:undefined disposed:false
2327 silly fetch manifest yargs@^16.0.0
2328 silly packumentCache full:https://registry.npmjs.org/yargs cache-miss
2329 http fetch GET 200 https://registry.npmjs.org/parse5-htmlparser2-tree-adapter 35ms (cache miss)
2330 silly packumentCache full:https://registry.npmjs.org/parse5-htmlparser2-tree-adapter set size:undefined disposed:false
2331 silly fetch manifest @sindresorhus/is@^4.6.0
2332 silly packumentCache full:https://registry.npmjs.org/@sindresorhus%2fis cache-miss
2333 http cache https://registry.npmjs.org/yargs 8ms (cache hit)
2334 silly packumentCache full:https://registry.npmjs.org/yargs set size:751093 disposed:false
2335 silly fetch manifest char-regex@^1.0.2
2336 silly packumentCache full:https://registry.npmjs.org/char-regex cache-miss
2337 http fetch GET 200 https://registry.npmjs.org/char-regex 33ms (cache miss)
2338 silly packumentCache full:https://registry.npmjs.org/char-regex set size:undefined disposed:false
2339 silly fetch manifest emojilib@^2.4.0
2340 silly packumentCache full:https://registry.npmjs.org/emojilib cache-miss
2341 http fetch GET 200 https://registry.npmjs.org/@sindresorhus%2fis 61ms (cache miss)
2342 silly packumentCache full:https://registry.npmjs.org/@sindresorhus%2fis set size:undefined disposed:false
2343 silly fetch manifest skin-tone@^2.0.0
2344 silly packumentCache full:https://registry.npmjs.org/skin-tone cache-miss
2345 http fetch GET 200 https://registry.npmjs.org/emojilib 36ms (cache miss)
2346 silly packumentCache full:https://registry.npmjs.org/emojilib set size:undefined disposed:false
2347 silly fetch manifest has-flag@^4.0.0
2348 silly packumentCache full:https://registry.npmjs.org/has-flag cache-miss
2349 http fetch GET 200 https://registry.npmjs.org/skin-tone 37ms (cache miss)
2350 silly packumentCache full:https://registry.npmjs.org/skin-tone set size:undefined disposed:false
2351 silly fetch manifest supports-color@^7.0.0
2352 silly packumentCache full:https://registry.npmjs.org/supports-color cache-miss
2353 http fetch GET 200 https://registry.npmjs.org/has-flag 32ms (cache miss)
2354 silly packumentCache full:https://registry.npmjs.org/has-flag set size:undefined disposed:false
2355 http fetch GET 200 https://registry.npmjs.org/supports-color 38ms (cache miss)
2356 silly packumentCache full:https://registry.npmjs.org/supports-color set size:undefined disposed:false
2357 silly placeDep node_modules/firebase-tools environment@1.1.0 OK for: ansi-escapes@7.3.0 want: ^1.0.0
2358 silly placeDep node_modules/firebase-tools/node_modules/cli-highlight chalk@4.1.2 OK for: cli-highlight@2.1.11 want: ^4.0.0
2359 silly placeDep node_modules/firebase-tools highlight.js@10.7.3 OK for: cli-highlight@2.1.11 want: ^10.7.1
2360 silly placeDep node_modules/firebase-tools mz@2.7.0 OK for: cli-highlight@2.1.11 want: ^2.4.0
2361 silly placeDep node_modules/firebase-tools parse5@5.1.1 OK for: cli-highlight@2.1.11 want: ^5.1.1
2362 silly placeDep node_modules/firebase-tools parse5-htmlparser2-tree-adapter@6.0.1 OK for: cli-highlight@2.1.11 want: ^6.0.0
2363 silly placeDep node_modules/firebase-tools/node_modules/cli-highlight yargs@16.2.2 OK for: cli-highlight@2.1.11 want: ^16.0.0
2364 silly fetch manifest ansi-styles@^4.1.0
2365 silly packumentCache full:https://registry.npmjs.org/ansi-styles cache-hit
2366 silly fetch manifest supports-color@^7.1.0
2367 silly packumentCache full:https://registry.npmjs.org/supports-color cache-miss
2368 silly fetch manifest any-promise@^1.0.0
2369 silly packumentCache full:https://registry.npmjs.org/any-promise cache-miss
2370 http cache https://registry.npmjs.org/supports-color 5ms (cache hit)
2371 silly packumentCache full:https://registry.npmjs.org/supports-color set size:118680 disposed:false
2372 silly fetch manifest thenify-all@^1.0.0
2373 silly packumentCache full:https://registry.npmjs.org/thenify-all cache-miss
2374 http fetch GET 200 https://registry.npmjs.org/any-promise 31ms (cache miss)
2375 silly packumentCache full:https://registry.npmjs.org/any-promise set size:undefined disposed:false
2376 silly fetch manifest parse5@^6.0.1
2377 silly packumentCache full:https://registry.npmjs.org/parse5 cache-miss
2378 http cache https://registry.npmjs.org/parse5 3ms (cache hit)
2379 silly packumentCache full:https://registry.npmjs.org/parse5 set size:123116 disposed:false
2380 silly fetch manifest cliui@^7.0.2
2381 silly packumentCache full:https://registry.npmjs.org/cliui cache-miss
2382 http cache https://registry.npmjs.org/cliui 5ms (cache hit)
2383 silly packumentCache full:https://registry.npmjs.org/cliui set size:69089 disposed:false
2384 silly fetch manifest yargs-parser@^20.2.2
2385 silly packumentCache full:https://registry.npmjs.org/yargs-parser cache-miss
2386 http fetch GET 200 https://registry.npmjs.org/thenify-all 41ms (cache miss)
2387 silly packumentCache full:https://registry.npmjs.org/thenify-all set size:undefined disposed:false
2388 http cache https://registry.npmjs.org/yargs-parser 5ms (cache hit)
2389 silly packumentCache full:https://registry.npmjs.org/yargs-parser set size:238630 disposed:false
2390 silly placeDep node_modules/firebase-tools mime-db@1.52.0 OK for: mime-types@2.1.35 want: 1.52.0
2391 silly placeDep node_modules/firebase-tools brace-expansion@1.1.15 OK for: minimatch@3.1.5 want: ^1.1.7
2392 silly fetch manifest concat-map@0.0.1
2393 silly packumentCache full:https://registry.npmjs.org/concat-map cache-miss
2394 silly fetch manifest balanced-match@^1.0.0
2395 silly packumentCache full:https://registry.npmjs.org/balanced-match cache-miss
2396 http fetch GET 200 https://registry.npmjs.org/concat-map 33ms (cache miss)
2397 silly packumentCache full:https://registry.npmjs.org/concat-map set size:undefined disposed:false
2398 http fetch GET 200 https://registry.npmjs.org/balanced-match 39ms (cache miss)
2399 silly packumentCache full:https://registry.npmjs.org/balanced-match set size:undefined disposed:false
2400 silly placeDep node_modules/firebase-tools balanced-match@1.0.2 OK for: brace-expansion@1.1.15 want: ^1.0.0
2401 silly placeDep node_modules/firebase-tools concat-map@0.0.1 OK for: brace-expansion@1.1.15 want: 0.0.1
2402 silly placeDep node_modules/firebase-tools basic-auth@2.0.1 OK for: morgan@1.11.0 want: ~2.0.1
2403 silly placeDep node_modules/firebase-tools on-headers@1.1.0 OK for: morgan@1.11.0 want: ~1.1.0
2404 silly fetch manifest safe-buffer@5.1.2
2405 silly packumentCache full:https://registry.npmjs.org/safe-buffer cache-hit
2406 silly placeDep node_modules/firebase-tools/node_modules/basic-auth safe-buffer@5.1.2 OK for: basic-auth@2.0.1 want: 5.1.2
2407 silly placeDep node_modules/firebase-tools any-promise@1.3.0 OK for: mz@2.7.0 want: ^1.0.0
2408 silly placeDep node_modules/firebase-tools thenify-all@1.6.0 OK for: mz@2.7.0 want: ^1.0.0
2409 silly fetch manifest thenify@>= 3.1.0 < 4
2410 silly packumentCache full:https://registry.npmjs.org/thenify cache-miss
2411 http fetch GET 200 https://registry.npmjs.org/thenify 33ms (cache miss)
2412 silly packumentCache full:https://registry.npmjs.org/thenify set size:undefined disposed:false
2413 silly placeDep node_modules/firebase-tools @sindresorhus/is@4.6.0 OK for: node-emoji@2.2.0 want: ^4.6.0
2414 silly placeDep node_modules/firebase-tools char-regex@1.0.2 OK for: node-emoji@2.2.0 want: ^1.0.2
2415 silly placeDep node_modules/firebase-tools emojilib@2.4.0 OK for: node-emoji@2.2.0 want: ^2.4.0
2416 silly placeDep node_modules/firebase-tools skin-tone@2.0.0 OK for: node-emoji@2.2.0 want: ^2.0.0
2417 silly fetch manifest unicode-emoji-modifier-base@^1.0.0
2418 silly packumentCache full:https://registry.npmjs.org/unicode-emoji-modifier-base cache-miss
2419 http fetch GET 200 https://registry.npmjs.org/unicode-emoji-modifier-base 42ms (cache miss)
2420 silly packumentCache full:https://registry.npmjs.org/unicode-emoji-modifier-base set size:undefined disposed:false
2421 silly placeDep node_modules/firebase-tools whatwg-url@5.0.0 OK for: node-fetch@2.7.0 want: ^5.0.0
2422 silly fetch manifest tr46@~0.0.3
2423 silly packumentCache full:https://registry.npmjs.org/tr46 cache-miss
2424 silly fetch manifest webidl-conversions@^3.0.0
2425 silly packumentCache full:https://registry.npmjs.org/webidl-conversions cache-miss
2426 http fetch GET 200 https://registry.npmjs.org/tr46 36ms (cache miss)
2427 silly packumentCache full:https://registry.npmjs.org/tr46 set size:undefined disposed:false
2428 http fetch GET 200 https://registry.npmjs.org/webidl-conversions 38ms (cache miss)
2429 silly packumentCache full:https://registry.npmjs.org/webidl-conversions set size:undefined disposed:false
2430 silly placeDep node_modules/firebase-tools ee-first@1.1.1 OK for: on-finished@2.4.1 want: 1.1.1
2431 silly placeDep node_modules/firebase-tools wrappy@1.0.2 OK for: once@1.4.0 want: 1
2432 silly placeDep node_modules/firebase-tools is-wsl@1.1.0 OK for: open@6.4.0 want: ^1.1.0
2433 silly placeDep node_modules/firebase-tools bl@4.1.0 OK for: ora@5.4.1 want: ^4.1.0
2434 silly placeDep node_modules/firebase-tools/node_modules/ora chalk@4.1.2 OK for: ora@5.4.1 want: ^4.1.0
2435 silly placeDep node_modules/firebase-tools cli-cursor@3.1.0 OK for: ora@5.4.1 want: ^3.1.0
2436 silly placeDep node_modules/firebase-tools cli-spinners@2.9.2 OK for: ora@5.4.1 want: ^2.5.0
2437 silly placeDep node_modules/firebase-tools is-interactive@1.0.0 OK for: ora@5.4.1 want: ^1.0.0
2438 silly placeDep node_modules/firebase-tools is-unicode-supported@0.1.0 OK for: ora@5.4.1 want: ^0.1.0
2439 silly placeDep node_modules/firebase-tools log-symbols@4.1.0 OK for: ora@5.4.1 want: ^4.1.0
2440 silly placeDep node_modules/firebase-tools/node_modules/ora strip-ansi@6.0.1 OK for: ora@5.4.1 want: ^6.0.0
2441 silly placeDep node_modules/firebase-tools wcwidth@1.0.1 OK for: ora@5.4.1 want: ^1.0.1
2442 silly fetch manifest buffer@^5.5.0
2443 silly packumentCache full:https://registry.npmjs.org/buffer cache-miss
2444 silly fetch manifest restore-cursor@^3.1.0
2445 silly packumentCache full:https://registry.npmjs.org/restore-cursor cache-miss
2446 http cache https://registry.npmjs.org/buffer 12ms (cache hit)
2447 silly packumentCache full:https://registry.npmjs.org/buffer set size:280480 disposed:false
2448 silly fetch manifest defaults@^1.0.3
2449 silly packumentCache full:https://registry.npmjs.org/defaults cache-miss
2450 http fetch GET 200 https://registry.npmjs.org/restore-cursor 44ms (cache miss)
2451 silly packumentCache full:https://registry.npmjs.org/restore-cursor set size:undefined disposed:false
2452 http fetch GET 200 https://registry.npmjs.org/defaults 34ms (cache miss)
2453 silly packumentCache full:https://registry.npmjs.org/defaults set size:undefined disposed:false
2454 silly placeDep node_modules/firebase-tools buffer@5.7.1 OK for: bl@4.1.0 want: ^5.5.0
2455 silly placeDep node_modules/firebase-tools/node_modules/bl readable-stream@3.6.2 OK for: bl@4.1.0 want: ^3.4.0
2456 silly fetch manifest ieee754@^1.1.13
2457 silly packumentCache full:https://registry.npmjs.org/ieee754 cache-miss
2458 http fetch GET 200 https://registry.npmjs.org/ieee754 39ms (cache miss)
2459 silly packumentCache full:https://registry.npmjs.org/ieee754 set size:undefined disposed:false
2460 silly placeDep node_modules/firebase-tools ieee754@1.2.1 OK for: buffer@5.7.1 want: ^1.1.13
2461 silly placeDep node_modules/firebase-tools restore-cursor@3.1.0 OK for: cli-cursor@3.1.0 want: ^3.1.0
2462 silly fetch manifest onetime@^5.1.0
2463 silly packumentCache full:https://registry.npmjs.org/onetime cache-miss
2464 http fetch GET 200 https://registry.npmjs.org/onetime 35ms (cache miss)
2465 silly packumentCache full:https://registry.npmjs.org/onetime set size:undefined disposed:false
2466 silly placeDep node_modules/firebase-tools/node_modules/log-symbols chalk@4.1.2 OK for: log-symbols@4.1.0 want: ^4.1.0
2467 silly placeDep node_modules/firebase-tools/node_modules/parse5-htmlparser2-tree-adapter parse5@6.0.1 OK for: parse5-htmlparser2-tree-adapter@6.0.1 want: ^6.0.1
2468 silly placeDep node_modules/firebase-tools lru-cache@10.4.3 OK for: path-scurry@1.11.1 want: ^10.2.0
2469 silly fetch manifest pg@>=8.0
2470 silly packumentCache full:https://registry.npmjs.org/pg cache-miss
2471 http cache https://registry.npmjs.org/pg 4ms (cache hit)
2472 silly packumentCache full:https://registry.npmjs.org/pg set size:479959 disposed:false
2473 silly placeDep node_modules/firebase-tools pg-cloudflare@1.4.0 OK for: pg@8.22.0 want: ^1.4.0
2474 silly placeDep node_modules/firebase-tools pg-connection-string@2.14.0 OK for: pg@8.22.0 want: ^2.14.0
2475 silly placeDep node_modules/firebase-tools pg-pool@3.14.0 OK for: pg@8.22.0 want: ^3.14.0
2476 silly placeDep node_modules/firebase-tools pg-protocol@1.15.0 OK for: pg@8.22.0 want: ^1.15.0
2477 silly placeDep node_modules/firebase-tools pg-types@2.2.0 OK for: pg@8.22.0 want: 2.2.0
2478 silly placeDep node_modules/firebase-tools pgpass@1.0.5 OK for: pg@8.22.0 want: 1.0.5
2479 silly fetch manifest pg-int8@1.0.1
2480 silly packumentCache full:https://registry.npmjs.org/pg-int8 cache-miss
2481 silly fetch manifest postgres-date@~1.0.4
2482 silly packumentCache full:https://registry.npmjs.org/postgres-date cache-miss
2483 http fetch GET 200 https://registry.npmjs.org/pg-int8 34ms (cache miss)
2484 silly packumentCache full:https://registry.npmjs.org/pg-int8 set size:undefined disposed:false
2485 silly fetch manifest postgres-array@~2.0.0
2486 silly packumentCache full:https://registry.npmjs.org/postgres-array cache-miss
2487 http fetch GET 200 https://registry.npmjs.org/postgres-date 41ms (cache miss)
2488 silly packumentCache full:https://registry.npmjs.org/postgres-date set size:undefined disposed:false
2489 silly fetch manifest postgres-bytea@~1.0.0
2490 silly packumentCache full:https://registry.npmjs.org/postgres-bytea cache-miss
2491 http fetch GET 200 https://registry.npmjs.org/postgres-array 36ms (cache miss)
2492 silly packumentCache full:https://registry.npmjs.org/postgres-array set size:undefined disposed:false
2493 silly fetch manifest postgres-interval@^1.1.0
2494 silly packumentCache full:https://registry.npmjs.org/postgres-interval cache-miss
2495 http fetch GET 200 https://registry.npmjs.org/postgres-bytea 38ms (cache miss)
2496 silly packumentCache full:https://registry.npmjs.org/postgres-bytea set size:undefined disposed:false
2497 silly fetch manifest split2@^4.1.0
2498 silly packumentCache full:https://registry.npmjs.org/split2 cache-miss
2499 http fetch GET 200 https://registry.npmjs.org/postgres-interval 34ms (cache miss)
2500 silly packumentCache full:https://registry.npmjs.org/postgres-interval set size:undefined disposed:false
2501 http fetch GET 200 https://registry.npmjs.org/split2 37ms (cache miss)
2502 silly packumentCache full:https://registry.npmjs.org/split2 set size:undefined disposed:false
2503 silly placeDep node_modules/firebase-tools pg-int8@1.0.1 OK for: pg-types@2.2.0 want: 1.0.1
2504 silly placeDep node_modules/firebase-tools postgres-array@2.0.0 OK for: pg-types@2.2.0 want: ~2.0.0
2505 silly placeDep node_modules/firebase-tools postgres-bytea@1.0.1 OK for: pg-types@2.2.0 want: ~1.0.0
2506 silly placeDep node_modules/firebase-tools postgres-date@1.0.7 OK for: pg-types@2.2.0 want: ~1.0.4
2507 silly placeDep node_modules/firebase-tools postgres-interval@1.2.0 OK for: pg-types@2.2.0 want: ^1.1.0
2508 silly fetch manifest xtend@^4.0.0
2509 silly packumentCache full:https://registry.npmjs.org/xtend cache-miss
2510 http fetch GET 200 https://registry.npmjs.org/xtend 35ms (cache miss)
2511 silly packumentCache full:https://registry.npmjs.org/xtend set size:undefined disposed:false
2512 silly placeDep node_modules/firebase-tools split2@4.2.0 OK for: pgpass@1.0.5 want: ^4.1.0
2513 silly placeDep node_modules/firebase-tools/node_modules/portfinder debug@4.4.3 OK for: portfinder@1.0.38 want: ^4.3.6
2514 silly placeDep node_modules/firebase-tools xtend@4.0.2 OK for: postgres-interval@1.2.0 want: ^4.0.0
2515 silly placeDep node_modules/firebase-tools @protobufjs/aspromise@1.1.2 OK for: protobufjs@7.6.4 want: ^1.1.2
2516 silly placeDep node_modules/firebase-tools @protobufjs/base64@1.1.2 OK for: protobufjs@7.6.4 want: ^1.1.2
2517 silly placeDep node_modules/firebase-tools @protobufjs/codegen@2.0.5 OK for: protobufjs@7.6.4 want: ^2.0.5
2518 silly placeDep node_modules/firebase-tools @protobufjs/eventemitter@1.1.1 OK for: protobufjs@7.6.4 want: ^1.1.1
2519 silly placeDep node_modules/firebase-tools @protobufjs/fetch@1.1.1 OK for: protobufjs@7.6.4 want: ^1.1.1
2520 silly placeDep node_modules/firebase-tools @protobufjs/float@1.0.2 OK for: protobufjs@7.6.4 want: ^1.0.2
2521 silly placeDep node_modules/firebase-tools @protobufjs/path@1.1.2 OK for: protobufjs@7.6.4 want: ^1.1.2
2522 silly placeDep node_modules/firebase-tools @protobufjs/pool@1.1.0 OK for: protobufjs@7.6.4 want: ^1.1.0
2523 silly placeDep node_modules/firebase-tools @protobufjs/utf8@1.1.1 OK for: protobufjs@7.6.4 want: ^1.1.1
2524 silly placeDep node_modules/firebase-tools @types/node@26.1.0 OK for: protobufjs@7.6.4 want: >=13.7.0
2525 silly fetch manifest undici-types@~8.3.0
2526 silly packumentCache full:https://registry.npmjs.org/undici-types cache-miss
2527 http fetch GET 200 https://registry.npmjs.org/undici-types 49ms (cache miss)
2528 silly packumentCache full:https://registry.npmjs.org/undici-types set size:undefined disposed:false
2529 silly placeDep node_modules/firebase-tools undici-types@8.3.0 OK for: @types/node@26.1.0 want: ~8.3.0
2530 silly placeDep node_modules/firebase-tools forwarded@0.2.0 OK for: proxy-addr@2.0.7 want: 0.2.0
2531 silly placeDep node_modules/firebase-tools ipaddr.js@1.9.1 OK for: proxy-addr@2.0.7 want: 1.9.1
2532 silly placeDep node_modules/firebase-tools/node_modules/proxy-agent debug@4.4.3 OK for: proxy-agent@6.5.0 want: ^4.3.4
2533 silly placeDep node_modules/firebase-tools http-proxy-agent@7.0.2 OK for: proxy-agent@6.5.0 want: ^7.0.1
2534 silly placeDep node_modules/firebase-tools/node_modules/proxy-agent lru-cache@7.18.3 OK for: proxy-agent@6.5.0 want: ^7.14.1
2535 silly placeDep node_modules/firebase-tools pac-proxy-agent@7.2.0 OK for: proxy-agent@6.5.0 want: ^7.1.0
2536 silly placeDep node_modules/firebase-tools proxy-from-env@1.1.0 OK for: proxy-agent@6.5.0 want: ^1.1.0
2537 silly placeDep node_modules/firebase-tools socks-proxy-agent@8.0.5 OK for: proxy-agent@6.5.0 want: ^8.0.5
2538 silly fetch manifest get-uri@^6.0.1
2539 silly packumentCache full:https://registry.npmjs.org/get-uri cache-miss
2540 silly fetch manifest pac-resolver@^7.0.1
2541 silly packumentCache full:https://registry.npmjs.org/pac-resolver cache-miss
2542 http fetch GET 200 https://registry.npmjs.org/get-uri 35ms (cache miss)
2543 silly packumentCache full:https://registry.npmjs.org/get-uri set size:undefined disposed:false
2544 silly fetch manifest @tootallnate/quickjs-emscripten@^0.23.0
2545 silly packumentCache full:https://registry.npmjs.org/@tootallnate%2fquickjs-emscripten cache-miss
2546 http fetch GET 200 https://registry.npmjs.org/pac-resolver 43ms (cache miss)
2547 silly packumentCache full:https://registry.npmjs.org/pac-resolver set size:undefined disposed:false
2548 silly fetch manifest socks@^2.8.3
2549 silly packumentCache full:https://registry.npmjs.org/socks cache-miss
2550 http fetch GET 200 https://registry.npmjs.org/@tootallnate%2fquickjs-emscripten 56ms (cache miss)
2551 silly packumentCache full:https://registry.npmjs.org/@tootallnate%2fquickjs-emscripten set size:undefined disposed:false
2552 http fetch GET 200 https://registry.npmjs.org/socks 49ms (cache miss)
2553 silly packumentCache full:https://registry.npmjs.org/socks set size:undefined disposed:false
2554 silly placeDep node_modules/firebase-tools/node_modules/http-proxy-agent debug@4.4.3 OK for: http-proxy-agent@7.0.2 want: ^4.3.4
2555 silly placeDep node_modules/firebase-tools @tootallnate/quickjs-emscripten@0.23.0 OK for: pac-proxy-agent@7.2.0 want: ^0.23.0
2556 silly placeDep node_modules/firebase-tools/node_modules/pac-proxy-agent debug@4.4.3 OK for: pac-proxy-agent@7.2.0 want: ^4.3.4
2557 silly placeDep node_modules/firebase-tools get-uri@6.0.5 OK for: pac-proxy-agent@7.2.0 want: ^6.0.1
2558 silly placeDep node_modules/firebase-tools pac-resolver@7.0.1 OK for: pac-proxy-agent@7.2.0 want: ^7.0.1
2559 silly fetch manifest basic-ftp@^5.0.2
2560 silly packumentCache full:https://registry.npmjs.org/basic-ftp cache-miss
2561 silly fetch manifest data-uri-to-buffer@^6.0.2
2562 silly packumentCache full:https://registry.npmjs.org/data-uri-to-buffer cache-miss
2563 http cache https://registry.npmjs.org/data-uri-to-buffer 4ms (cache hit)
2564 silly packumentCache full:https://registry.npmjs.org/data-uri-to-buffer set size:48018 disposed:false
2565 silly fetch manifest netmask@^2.0.2
2566 silly packumentCache full:https://registry.npmjs.org/netmask cache-miss
2567 http fetch GET 200 https://registry.npmjs.org/netmask 31ms (cache miss)
2568 silly packumentCache full:https://registry.npmjs.org/netmask set size:undefined disposed:false
2569 silly fetch manifest degenerator@^5.0.0
2570 silly packumentCache full:https://registry.npmjs.org/degenerator cache-miss
2571 http fetch GET 200 https://registry.npmjs.org/basic-ftp 48ms (cache miss)
2572 silly packumentCache full:https://registry.npmjs.org/basic-ftp set size:undefined disposed:false
2573 http fetch GET 200 https://registry.npmjs.org/degenerator 36ms (cache miss)
2574 silly packumentCache full:https://registry.npmjs.org/degenerator set size:undefined disposed:false
2575 silly placeDep node_modules/firebase-tools basic-ftp@5.3.1 OK for: get-uri@6.0.5 want: ^5.0.2
2576 silly placeDep node_modules/firebase-tools data-uri-to-buffer@6.0.2 OK for: get-uri@6.0.5 want: ^6.0.2
2577 silly placeDep node_modules/firebase-tools/node_modules/get-uri debug@4.4.3 OK for: get-uri@6.0.5 want: ^4.3.4
2578 silly placeDep node_modules/firebase-tools degenerator@5.0.1 OK for: pac-resolver@7.0.1 want: ^5.0.0
2579 silly placeDep node_modules/firebase-tools netmask@2.1.1 OK for: pac-resolver@7.0.1 want: ^2.0.2
2580 silly fetch manifest esprima@^4.0.1
2581 silly packumentCache full:https://registry.npmjs.org/esprima cache-miss
2582 silly fetch manifest ast-types@^0.13.4
2583 silly packumentCache full:https://registry.npmjs.org/ast-types cache-miss
2584 http fetch GET 200 https://registry.npmjs.org/esprima 37ms (cache miss)
2585 silly packumentCache full:https://registry.npmjs.org/esprima set size:undefined disposed:false
2586 silly fetch manifest escodegen@^2.1.0
2587 silly packumentCache full:https://registry.npmjs.org/escodegen cache-miss
2588 http fetch GET 200 https://registry.npmjs.org/ast-types 50ms (cache miss)
2589 silly packumentCache full:https://registry.npmjs.org/ast-types set size:undefined disposed:false
2590 http fetch GET 200 https://registry.npmjs.org/escodegen 37ms (cache miss)
2591 silly packumentCache full:https://registry.npmjs.org/escodegen set size:undefined disposed:false
2592 silly placeDep node_modules/firebase-tools ast-types@0.13.4 OK for: degenerator@5.0.1 want: ^0.13.4
2593 silly placeDep node_modules/firebase-tools escodegen@2.1.0 OK for: degenerator@5.0.1 want: ^2.1.0
2594 silly placeDep node_modules/firebase-tools esprima@4.0.1 OK for: degenerator@5.0.1 want: ^4.0.1
2595 silly fetch manifest tslib@^2.0.1
2596 silly packumentCache full:https://registry.npmjs.org/tslib cache-miss
2597 silly fetch manifest estraverse@^5.2.0
2598 silly packumentCache full:https://registry.npmjs.org/estraverse cache-miss
2599 http fetch GET 200 https://registry.npmjs.org/estraverse 38ms (cache miss)
2600 silly packumentCache full:https://registry.npmjs.org/estraverse set size:undefined disposed:false
2601 silly fetch manifest esutils@^2.0.2
2602 silly packumentCache full:https://registry.npmjs.org/esutils cache-miss
2603 http fetch GET 200 https://registry.npmjs.org/tslib 44ms (cache miss)
2604 silly packumentCache full:https://registry.npmjs.org/tslib set size:undefined disposed:false
2605 silly fetch manifest source-map@~0.6.1
2606 silly packumentCache full:https://registry.npmjs.org/source-map cache-miss
2607 http fetch GET 200 https://registry.npmjs.org/esutils 48ms (cache miss)
2608 silly packumentCache full:https://registry.npmjs.org/esutils set size:undefined disposed:false
2609 http fetch GET 200 https://registry.npmjs.org/source-map 44ms (cache miss)
2610 silly packumentCache full:https://registry.npmjs.org/source-map set size:undefined disposed:false
2611 silly placeDep node_modules/firebase-tools tslib@2.8.1 OK for: ast-types@0.13.4 want: ^2.0.1
2612 silly placeDep node_modules/firebase-tools estraverse@5.3.0 OK for: escodegen@2.1.0 want: ^5.2.0
2613 silly placeDep node_modules/firebase-tools esutils@2.0.3 OK for: escodegen@2.1.0 want: ^2.0.2
2614 silly placeDep node_modules/firebase-tools source-map@0.6.1 OK for: escodegen@2.1.0 want: ~0.6.1
2615 silly placeDep node_modules/firebase-tools side-channel@1.1.1 OK for: qs@6.15.3 want: ^1.1.1
2616 silly fetch manifest object-inspect@^1.13.4
2617 silly packumentCache full:https://registry.npmjs.org/object-inspect cache-miss
2618 silly fetch manifest side-channel-list@^1.0.1
2619 silly packumentCache full:https://registry.npmjs.org/side-channel-list cache-miss
2620 http fetch GET 200 https://registry.npmjs.org/object-inspect 38ms (cache miss)
2621 silly packumentCache full:https://registry.npmjs.org/object-inspect set size:undefined disposed:false
2622 silly fetch manifest side-channel-map@^1.0.1
2623 silly packumentCache full:https://registry.npmjs.org/side-channel-map cache-miss
2624 http fetch GET 200 https://registry.npmjs.org/side-channel-list 45ms (cache miss)
2625 silly packumentCache full:https://registry.npmjs.org/side-channel-list set size:undefined disposed:false
2626 silly fetch manifest side-channel-weakmap@^1.0.2
2627 silly packumentCache full:https://registry.npmjs.org/side-channel-weakmap cache-miss
2628 http fetch GET 200 https://registry.npmjs.org/side-channel-map 32ms (cache miss)
2629 silly packumentCache full:https://registry.npmjs.org/side-channel-map set size:undefined disposed:false
2630 http fetch GET 200 https://registry.npmjs.org/side-channel-weakmap 35ms (cache miss)
2631 silly packumentCache full:https://registry.npmjs.org/side-channel-weakmap set size:undefined disposed:false
2632 silly placeDep node_modules/firebase-tools/node_modules/readable-stream buffer@6.0.3 OK for: readable-stream@4.7.0 want: ^6.0.3
2633 silly placeDep node_modules/firebase-tools events@3.3.0 OK for: readable-stream@4.7.0 want: ^3.3.0
2634 silly placeDep node_modules/firebase-tools process@0.11.10 OK for: readable-stream@4.7.0 want: ^0.11.10
2635 silly placeDep node_modules/firebase-tools string_decoder@1.3.0 OK for: readable-stream@4.7.0 want: ^1.3.0
2636 silly placeDep node_modules/firebase-tools/node_modules/readdir-glob minimatch@5.1.9 OK for: readdir-glob@1.1.3 want: ^5.1.0
2637 silly fetch manifest brace-expansion@^2.0.1
2638 silly packumentCache full:https://registry.npmjs.org/brace-expansion cache-hit
2639 silly placeDep node_modules/firebase-tools onetime@5.1.2 OK for: restore-cursor@3.1.0 want: ^5.1.0
2640 silly placeDep node_modules/firebase-tools/node_modules/restore-cursor signal-exit@3.0.7 OK for: restore-cursor@3.1.0 want: ^3.0.2
2641 silly fetch manifest mimic-fn@^2.1.0
2642 silly packumentCache full:https://registry.npmjs.org/mimic-fn cache-miss
2643 http fetch GET 200 https://registry.npmjs.org/mimic-fn 32ms (cache miss)
2644 silly packumentCache full:https://registry.npmjs.org/mimic-fn set size:undefined disposed:false
2645 silly placeDep node_modules/firebase-tools mimic-fn@2.1.0 OK for: onetime@5.1.2 want: ^2.1.0
2646 silly placeDep node_modules/firebase-tools teeny-request@10.1.3 OK for: retry-request@8.0.3 want: ^10.0.0
2647 silly fetch manifest stream-events@^1.0.5
2648 silly packumentCache full:https://registry.npmjs.org/stream-events cache-miss
2649 http fetch GET 200 https://registry.npmjs.org/stream-events 36ms (cache miss)
2650 silly packumentCache full:https://registry.npmjs.org/stream-events set size:undefined disposed:false
2651 silly placeDep node_modules/firebase-tools/node_modules/send mime@1.6.0 OK for: send@0.19.2 want: 1.6.0
2652 silly placeDep node_modules/firebase-tools/node_modules/send ms@2.1.3 OK for: send@0.19.2 want: 2.1.3
2653 silly placeDep node_modules/firebase-tools shebang-regex@3.0.0 OK for: shebang-command@2.0.0 want: ^3.0.0
2654 silly placeDep node_modules/firebase-tools object-inspect@1.13.4 OK for: side-channel@1.1.1 want: ^1.13.4
2655 silly placeDep node_modules/firebase-tools side-channel-list@1.0.1 OK for: side-channel@1.1.1 want: ^1.0.1
2656 silly placeDep node_modules/firebase-tools side-channel-map@1.0.1 OK for: side-channel@1.1.1 want: ^1.0.1
2657 silly placeDep node_modules/firebase-tools side-channel-weakmap@1.0.2 OK for: side-channel@1.1.1 want: ^1.0.2
2658 silly fetch manifest call-bound@^1.0.2
2659 silly packumentCache full:https://registry.npmjs.org/call-bound cache-miss
2660 silly fetch manifest call-bound@^1.0.2
2661 silly packumentCache full:https://registry.npmjs.org/call-bound cache-miss
2662 http fetch GET 200 https://registry.npmjs.org/call-bound 38ms (cache miss)
2663 silly packumentCache full:https://registry.npmjs.org/call-bound set size:undefined disposed:false
2664 http fetch GET 200 https://registry.npmjs.org/call-bound 39ms (cache miss)
2665 silly packumentCache full:https://registry.npmjs.org/call-bound set size:undefined disposed:false
2666 silly placeDep node_modules/firebase-tools call-bound@1.0.4 OK for: side-channel-map@1.0.1 want: ^1.0.2
2667 silly placeDep node_modules/firebase-tools unicode-emoji-modifier-base@1.0.0 OK for: skin-tone@2.0.0 want: ^1.0.0
2668 silly placeDep node_modules/firebase-tools/node_modules/socks-proxy-agent debug@4.4.3 OK for: socks-proxy-agent@8.0.5 want: ^4.3.4
2669 silly placeDep node_modules/firebase-tools socks@2.8.9 OK for: socks-proxy-agent@8.0.5 want: ^2.8.3
2670 silly fetch manifest smart-buffer@^4.2.0
2671 silly packumentCache full:https://registry.npmjs.org/smart-buffer cache-miss
2672 http fetch GET 200 https://registry.npmjs.org/smart-buffer 39ms (cache miss)
2673 silly packumentCache full:https://registry.npmjs.org/smart-buffer set size:undefined disposed:false
2674 silly placeDep node_modules/firebase-tools smart-buffer@4.2.0 OK for: socks@2.8.9 want: ^4.2.0
2675 silly placeDep node_modules/firebase-tools nearley@2.20.1 OK for: sql-formatter@15.8.2 want: ^2.20.1
2676 silly fetch manifest commander@^2.19.0
2677 silly packumentCache full:https://registry.npmjs.org/commander cache-hit
2678 silly fetch manifest moo@^0.5.0
2679 silly packumentCache full:https://registry.npmjs.org/moo cache-miss
2680 silly fetch manifest railroad-diagrams@^1.0.0
2681 silly packumentCache full:https://registry.npmjs.org/railroad-diagrams cache-miss
2682 http fetch GET 200 https://registry.npmjs.org/railroad-diagrams 38ms (cache miss)
2683 silly packumentCache full:https://registry.npmjs.org/railroad-diagrams set size:undefined disposed:false
2684 silly fetch manifest randexp@0.4.6
2685 silly packumentCache full:https://registry.npmjs.org/randexp cache-miss
2686 http fetch GET 200 https://registry.npmjs.org/moo 43ms (cache miss)
2687 silly packumentCache full:https://registry.npmjs.org/moo set size:undefined disposed:false
2688 http fetch GET 200 https://registry.npmjs.org/randexp 36ms (cache miss)
2689 silly packumentCache full:https://registry.npmjs.org/randexp set size:undefined disposed:false
2690 silly placeDep node_modules/firebase-tools/node_modules/nearley commander@2.20.3 OK for: nearley@2.20.1 want: ^2.19.0
2691 silly placeDep node_modules/firebase-tools moo@0.5.3 OK for: nearley@2.20.1 want: ^0.5.0
2692 silly placeDep node_modules/firebase-tools railroad-diagrams@1.0.0 OK for: nearley@2.20.1 want: ^1.0.0
2693 silly placeDep node_modules/firebase-tools randexp@0.4.6 OK for: nearley@2.20.1 want: 0.4.6
2694 silly fetch manifest discontinuous-range@1.0.0
2695 silly packumentCache full:https://registry.npmjs.org/discontinuous-range cache-miss
2696 silly fetch manifest ret@~0.1.10
2697 silly packumentCache full:https://registry.npmjs.org/ret cache-miss
2698 http fetch GET 200 https://registry.npmjs.org/ret 37ms (cache miss)
2699 silly packumentCache full:https://registry.npmjs.org/ret set size:undefined disposed:false
2700 http fetch GET 200 https://registry.npmjs.org/discontinuous-range 41ms (cache miss)
2701 silly packumentCache full:https://registry.npmjs.org/discontinuous-range set size:undefined disposed:false
2702 silly placeDep node_modules/firebase-tools discontinuous-range@1.0.0 OK for: randexp@0.4.6 want: 1.0.0
2703 silly placeDep node_modules/firebase-tools ret@0.1.15 OK for: randexp@0.4.6 want: ~0.1.10
2704 silly placeDep node_modules/firebase-tools emoji-regex@8.0.0 OK for: string-width@4.2.3 want: ^8.0.0
2705 silly placeDep node_modules/firebase-tools is-fullwidth-code-point@3.0.0 OK for: string-width@4.2.3 want: ^3.0.0
2706 silly placeDep node_modules/firebase-tools/node_modules/string-width strip-ansi@6.0.1 OK for: string-width@4.2.3 want: ^6.0.1
2707 silly placeDep node_modules/firebase-tools/node_modules/string-width-cjs strip-ansi@6.0.1 OK for: string-width@4.2.3 want: ^6.0.1
2708 silly placeDep node_modules/firebase-tools/node_modules/strip-ansi-cjs ansi-regex@5.0.1 OK for: strip-ansi@6.0.1 want: ^5.0.1
2709 silly placeDep node_modules/firebase-tools basic-auth-connect@1.1.0 OK for: superstatic@10.0.0 want: ^1.1.0
2710 silly placeDep node_modules/firebase-tools/node_modules/superstatic commander@10.0.1 OK for: superstatic@10.0.0 want: ^10.0.0
2711 silly placeDep node_modules/firebase-tools compression@1.8.1 OK for: superstatic@10.0.0 want: ^1.7.0
2712 silly placeDep node_modules/firebase-tools connect@3.7.0 OK for: superstatic@10.0.0 want: ^3.7.0
2713 silly placeDep node_modules/firebase-tools glob-slasher@1.0.1 OK for: superstatic@10.0.0 want: ^1.0.1
2714 silly placeDep node_modules/firebase-tools is-url@1.2.4 OK for: superstatic@10.0.0 want: ^1.2.2
2715 silly placeDep node_modules/firebase-tools join-path@1.1.1 OK for: superstatic@10.0.0 want: ^1.1.1
2716 silly placeDep node_modules/firebase-tools/node_modules/superstatic minimatch@6.2.3 OK for: superstatic@10.0.0 want: ^6.1.6
2717 silly placeDep node_modules/firebase-tools/node_modules/superstatic path-to-regexp@1.9.0 OK for: superstatic@10.0.0 want: ^1.9.0
2718 silly placeDep node_modules/firebase-tools re2@1.25.0 OK for: superstatic@10.0.0 want: ^1.17.7
2719 silly placeDep node_modules/firebase-tools router@2.2.0 OK for: superstatic@10.0.0 want: ^2.0.0
2720 silly fetch manifest tsscmp@^1.0.6
2721 silly packumentCache full:https://registry.npmjs.org/tsscmp cache-miss
2722 silly fetch manifest negotiator@~0.6.4
2723 silly packumentCache full:https://registry.npmjs.org/negotiator cache-miss
2724 http cache https://registry.npmjs.org/negotiator 15ms (cache hit)
2725 silly packumentCache full:https://registry.npmjs.org/negotiator set size:48046 disposed:false
2726 silly fetch manifest compressible@~2.0.18
2727 silly packumentCache full:https://registry.npmjs.org/compressible cache-miss
2728 http fetch GET 200 https://registry.npmjs.org/tsscmp 41ms (cache miss)
2729 silly packumentCache full:https://registry.npmjs.org/tsscmp set size:undefined disposed:false
2730 silly fetch manifest finalhandler@1.1.2
2731 silly packumentCache full:https://registry.npmjs.org/finalhandler cache-hit
2732 silly fetch manifest glob-slash@^1.0.0
2733 silly packumentCache full:https://registry.npmjs.org/glob-slash cache-miss
2734 http fetch GET 200 https://registry.npmjs.org/compressible 40ms (cache miss)
2735 silly packumentCache full:https://registry.npmjs.org/compressible set size:undefined disposed:false
2736 silly fetch manifest lodash.isobject@^2.4.1
2737 silly packumentCache full:https://registry.npmjs.org/lodash.isobject cache-miss
2738 http fetch GET 200 https://registry.npmjs.org/glob-slash 35ms (cache miss)
2739 silly packumentCache full:https://registry.npmjs.org/glob-slash set size:undefined disposed:false
2740 silly fetch manifest toxic@^1.0.0
2741 silly packumentCache full:https://registry.npmjs.org/toxic cache-miss
2742 http fetch GET 200 https://registry.npmjs.org/lodash.isobject 37ms (cache miss)
2743 silly packumentCache full:https://registry.npmjs.org/lodash.isobject set size:undefined disposed:false
2744 silly fetch manifest as-array@^2.0.0
2745 silly packumentCache full:https://registry.npmjs.org/as-array cache-miss
2746 http fetch GET 200 https://registry.npmjs.org/toxic 29ms (cache miss)
2747 silly packumentCache full:https://registry.npmjs.org/toxic set size:undefined disposed:false
2748 silly fetch manifest valid-url@^1
2749 silly packumentCache full:https://registry.npmjs.org/valid-url cache-miss
2750 http fetch GET 200 https://registry.npmjs.org/as-array 35ms (cache miss)
2751 silly packumentCache full:https://registry.npmjs.org/as-array set size:undefined disposed:false
2752 silly fetch manifest url-join@0.0.1
2753 silly packumentCache full:https://registry.npmjs.org/url-join cache-miss
2754 http fetch GET 200 https://registry.npmjs.org/valid-url 33ms (cache miss)
2755 silly packumentCache full:https://registry.npmjs.org/valid-url set size:undefined disposed:false
2756 silly fetch manifest isarray@0.0.1
2757 silly packumentCache full:https://registry.npmjs.org/isarray cache-miss
2758 http cache https://registry.npmjs.org/isarray 3ms (cache hit)
2759 silly packumentCache full:https://registry.npmjs.org/isarray set size:17392 disposed:false
2760 silly fetch manifest install-artifact-from-github@^1.6.0
2761 silly packumentCache full:https://registry.npmjs.org/install-artifact-from-github cache-miss
2762 http fetch GET 200 https://registry.npmjs.org/url-join 35ms (cache miss)
2763 silly packumentCache full:https://registry.npmjs.org/url-join set size:undefined disposed:false
2764 silly fetch manifest nan@^2.27.0
2765 silly packumentCache full:https://registry.npmjs.org/nan cache-miss
2766 http fetch GET 200 https://registry.npmjs.org/install-artifact-from-github 35ms (cache miss)
2767 silly packumentCache full:https://registry.npmjs.org/install-artifact-from-github set size:undefined disposed:false
2768 silly fetch manifest node-gyp@^13.0.0
2769 silly packumentCache full:https://registry.npmjs.org/node-gyp cache-miss
2770 http fetch GET 200 https://registry.npmjs.org/nan 42ms (cache miss)
2771 silly packumentCache full:https://registry.npmjs.org/nan set size:undefined disposed:false
2772 silly fetch manifest is-promise@^4.0.0
2773 silly packumentCache full:https://registry.npmjs.org/is-promise cache-miss
2774 http fetch GET 200 https://registry.npmjs.org/node-gyp 43ms (cache miss)
2775 silly packumentCache full:https://registry.npmjs.org/node-gyp set size:undefined disposed:false
2776 silly fetch manifest path-to-regexp@^8.0.0
2777 silly packumentCache full:https://registry.npmjs.org/path-to-regexp cache-hit
2778 http fetch GET 200 https://registry.npmjs.org/is-promise 38ms (cache miss)
2779 silly packumentCache full:https://registry.npmjs.org/is-promise set size:undefined disposed:false
2780 silly placeDep node_modules/firebase-tools tsscmp@1.0.6 OK for: basic-auth-connect@1.1.0 want: ^1.0.6
2781 silly placeDep node_modules/firebase-tools compressible@2.0.18 OK for: compression@1.8.1 want: ~2.0.18
2782 silly placeDep node_modules/firebase-tools/node_modules/compression negotiator@0.6.4 OK for: compression@1.8.1 want: ~0.6.4
2783 silly placeDep node_modules/firebase-tools/node_modules/connect finalhandler@1.1.2 OK for: connect@3.7.0 want: 1.1.2
2784 silly fetch manifest statuses@~1.5.0
2785 silly packumentCache full:https://registry.npmjs.org/statuses cache-hit
2786 silly fetch manifest encodeurl@~1.0.2
2787 silly packumentCache full:https://registry.npmjs.org/encodeurl cache-hit
2788 silly fetch manifest on-finished@~2.3.0
2789 silly packumentCache full:https://registry.npmjs.org/on-finished cache-hit
2790 silly placeDep node_modules/firebase-tools glob-slash@1.0.0 OK for: glob-slasher@1.0.1 want: ^1.0.0
2791 silly placeDep node_modules/firebase-tools lodash.isobject@2.4.1 OK for: glob-slasher@1.0.1 want: ^2.4.1
2792 silly placeDep node_modules/firebase-tools toxic@1.0.1 OK for: glob-slasher@1.0.1 want: ^1.0.0
2793 silly fetch manifest lodash._objecttypes@~2.4.1
2794 silly packumentCache full:https://registry.npmjs.org/lodash._objecttypes cache-miss
2795 http fetch GET 200 https://registry.npmjs.org/lodash._objecttypes 31ms (cache miss)
2796 silly packumentCache full:https://registry.npmjs.org/lodash._objecttypes set size:undefined disposed:false
2797 silly placeDep node_modules/firebase-tools as-array@2.0.0 OK for: join-path@1.1.1 want: ^2.0.0
2798 silly placeDep node_modules/firebase-tools url-join@0.0.1 OK for: join-path@1.1.1 want: 0.0.1
2799 silly placeDep node_modules/firebase-tools valid-url@1.0.9 OK for: join-path@1.1.1 want: ^1
2800 silly placeDep node_modules/firebase-tools lodash._objecttypes@2.4.1 OK for: lodash.isobject@2.4.1 want: ~2.4.1
2801 silly placeDep node_modules/firebase-tools install-artifact-from-github@1.6.0 OK for: re2@1.25.0 want: ^1.6.0
2802 silly placeDep node_modules/firebase-tools nan@2.28.0 OK for: re2@1.25.0 want: ^2.27.0
2803 silly placeDep node_modules/firebase-tools node-gyp@13.0.0 OK for: re2@1.25.0 want: ^13.0.0
2804 silly fetch manifest env-paths@^2.2.0
2805 silly packumentCache full:https://registry.npmjs.org/env-paths cache-miss
2806 silly fetch manifest exponential-backoff@^3.1.1
2807 silly packumentCache full:https://registry.npmjs.org/exponential-backoff cache-miss
2808 http fetch GET 200 https://registry.npmjs.org/exponential-backoff 33ms (cache miss)
2809 silly packumentCache full:https://registry.npmjs.org/exponential-backoff set size:undefined disposed:false
2810 silly fetch manifest nopt@^10.0.0
2811 silly packumentCache full:https://registry.npmjs.org/nopt cache-miss
2812 http fetch GET 200 https://registry.npmjs.org/env-paths 41ms (cache miss)
2813 silly packumentCache full:https://registry.npmjs.org/env-paths set size:undefined disposed:false
2814 silly fetch manifest proc-log@^7.0.0
2815 silly packumentCache full:https://registry.npmjs.org/proc-log cache-miss
2816 http fetch GET 200 https://registry.npmjs.org/nopt 35ms (cache miss)
2817 silly packumentCache full:https://registry.npmjs.org/nopt set size:undefined disposed:false
2818 silly fetch manifest tinyglobby@^0.2.12
2819 silly packumentCache full:https://registry.npmjs.org/tinyglobby cache-miss
2820 http fetch GET 200 https://registry.npmjs.org/proc-log 47ms (cache miss)
2821 silly packumentCache full:https://registry.npmjs.org/proc-log set size:undefined disposed:false
2822 silly fetch manifest undici@^6.25.0
2823 silly packumentCache full:https://registry.npmjs.org/undici cache-miss
2824 http fetch GET 200 https://registry.npmjs.org/tinyglobby 39ms (cache miss)
2825 silly packumentCache full:https://registry.npmjs.org/tinyglobby set size:undefined disposed:false
2826 silly fetch manifest which@^7.0.0
2827 silly packumentCache full:https://registry.npmjs.org/which cache-miss
2828 http cache https://registry.npmjs.org/which 4ms (cache hit)
2829 silly packumentCache full:https://registry.npmjs.org/which set size:70143 disposed:false
2830 http fetch GET 200 https://registry.npmjs.org/undici 64ms (cache miss)
2831 silly packumentCache full:https://registry.npmjs.org/undici set size:undefined disposed:false
2832 silly placeDep node_modules/firebase-tools env-paths@2.2.1 OK for: node-gyp@13.0.0 want: ^2.2.0
2833 silly placeDep node_modules/firebase-tools exponential-backoff@3.1.3 OK for: node-gyp@13.0.0 want: ^3.1.1
2834 silly placeDep node_modules/firebase-tools nopt@10.0.1 OK for: node-gyp@13.0.0 want: ^10.0.0
2835 silly placeDep node_modules/firebase-tools proc-log@7.0.0 OK for: node-gyp@13.0.0 want: ^7.0.0
2836 silly placeDep node_modules/firebase-tools tinyglobby@0.2.17 OK for: node-gyp@13.0.0 want: ^0.2.12
2837 silly placeDep node_modules/firebase-tools undici@6.27.0 OK for: node-gyp@13.0.0 want: ^6.25.0
2838 silly placeDep node_modules/firebase-tools/node_modules/node-gyp which@7.0.0 OK for: node-gyp@13.0.0 want: ^7.0.0
2839 silly fetch manifest abbrev@^5.0.0
2840 silly packumentCache full:https://registry.npmjs.org/abbrev cache-miss
2841 silly fetch manifest fdir@^6.5.0
2842 silly packumentCache full:https://registry.npmjs.org/fdir cache-miss
2843 http fetch GET 200 https://registry.npmjs.org/abbrev 38ms (cache miss)
2844 silly packumentCache full:https://registry.npmjs.org/abbrev set size:undefined disposed:false
2845 silly fetch manifest picomatch@^4.0.4
2846 silly packumentCache full:https://registry.npmjs.org/picomatch cache-hit
2847 silly fetch manifest isexe@^4.0.0
2848 silly packumentCache full:https://registry.npmjs.org/isexe cache-miss
2849 http fetch GET 200 https://registry.npmjs.org/fdir 41ms (cache miss)
2850 silly packumentCache full:https://registry.npmjs.org/fdir set size:undefined disposed:false
2851 http cache https://registry.npmjs.org/isexe 7ms (cache hit)
2852 silly packumentCache full:https://registry.npmjs.org/isexe set size:31756 disposed:false
2853 silly placeDep node_modules/firebase-tools abbrev@5.0.0 OK for: nopt@10.0.1 want: ^5.0.0
2854 silly placeDep node_modules/firebase-tools/node_modules/router debug@4.4.3 OK for: router@2.2.0 want: ^4.4.0
2855 silly placeDep node_modules/firebase-tools is-promise@4.0.0 OK for: router@2.2.0 want: ^4.0.0
2856 silly placeDep node_modules/firebase-tools/node_modules/router path-to-regexp@8.4.2 OK for: router@2.2.0 want: ^8.0.0
2857 silly placeDep node_modules/firebase-tools has-flag@4.0.0 OK for: supports-hyperlinks@3.2.0 want: ^4.0.0
2858 silly placeDep node_modules/firebase-tools supports-color@7.2.0 OK for: supports-hyperlinks@3.2.0 want: ^7.0.0
2859 silly placeDep node_modules/firebase-tools @isaacs/fs-minipass@4.0.1 OK for: tar@7.5.19 want: ^4.0.0
2860 silly placeDep node_modules/firebase-tools chownr@3.0.0 OK for: tar@7.5.19 want: ^3.0.0
2861 silly placeDep node_modules/firebase-tools minizlib@3.1.0 OK for: tar@7.5.19 want: ^3.1.0
2862 silly placeDep node_modules/firebase-tools yallist@5.0.0 OK for: tar@7.5.19 want: ^5.0.0
2863 silly fetch manifest react-native-b4a@*
2864 silly packumentCache full:https://registry.npmjs.org/react-native-b4a cache-miss
2865 http fetch GET 200 https://registry.npmjs.org/react-native-b4a 33ms (cache miss)
2866 silly packumentCache full:https://registry.npmjs.org/react-native-b4a set size:undefined disposed:false
2867 silly fetch manifest react@*
2868 silly packumentCache full:https://registry.npmjs.org/react cache-miss
2869 http fetch GET 200 https://registry.npmjs.org/react 165ms (cache miss)
2870 silly packumentCache full:https://registry.npmjs.org/react set size:undefined disposed:false
2871 silly fetch manifest react-native@*
2872 silly packumentCache full:https://registry.npmjs.org/react-native cache-miss
2873 http fetch GET 200 https://registry.npmjs.org/react-native 282ms (cache miss)
2874 silly packumentCache full:https://registry.npmjs.org/react-native set size:undefined disposed:false
2875 silly fetch manifest @react-native/jest-preset@0.86.0
2876 silly packumentCache full:https://registry.npmjs.org/@react-native%2fjest-preset cache-miss
2877 http fetch GET 200 https://registry.npmjs.org/@react-native%2fjest-preset 58ms (cache miss)
2878 silly packumentCache full:https://registry.npmjs.org/@react-native%2fjest-preset set size:undefined disposed:false
2879 silly fetch manifest @types/react@^19.1.1
2880 silly packumentCache full:https://registry.npmjs.org/@types%2freact cache-miss
2881 http fetch GET 200 https://registry.npmjs.org/@types%2freact 97ms (cache miss)
2882 silly packumentCache full:https://registry.npmjs.org/@types%2freact set size:undefined disposed:false
2883 silly fetch manifest bare-buffer@*
2884 silly packumentCache full:https://registry.npmjs.org/bare-buffer cache-miss
2885 http fetch GET 200 https://registry.npmjs.org/bare-buffer 59ms (cache miss)
2886 silly packumentCache full:https://registry.npmjs.org/bare-buffer set size:undefined disposed:false
2887 silly placeDep node_modules/firebase-tools b4a@1.8.1 OK for: tar-stream@3.2.0 want: ^1.6.4
2888 silly placeDep node_modules/firebase-tools bare-fs@4.7.2 OK for: tar-stream@3.2.0 want: ^4.5.5
2889 silly placeDep node_modules/firebase-tools fast-fifo@1.3.2 OK for: tar-stream@3.2.0 want: ^1.2.0
2890 silly placeDep node_modules/firebase-tools streamx@2.28.0 OK for: tar-stream@3.2.0 want: ^2.15.0
2891 silly fetch manifest bare-events@^2.5.4
2892 silly packumentCache full:https://registry.npmjs.org/bare-events cache-miss
2893 silly fetch manifest bare-path@^3.0.0
2894 silly packumentCache full:https://registry.npmjs.org/bare-path cache-miss
2895 http fetch GET 200 https://registry.npmjs.org/bare-events 35ms (cache miss)
2896 silly packumentCache full:https://registry.npmjs.org/bare-events set size:undefined disposed:false
2897 silly fetch manifest bare-stream@^2.6.4
2898 silly packumentCache full:https://registry.npmjs.org/bare-stream cache-miss
2899 http fetch GET 200 https://registry.npmjs.org/bare-path 40ms (cache miss)
2900 silly packumentCache full:https://registry.npmjs.org/bare-path set size:undefined disposed:false
2901 silly fetch manifest bare-url@^2.2.2
2902 silly packumentCache full:https://registry.npmjs.org/bare-url cache-miss
2903 http fetch GET 200 https://registry.npmjs.org/bare-stream 36ms (cache miss)
2904 silly packumentCache full:https://registry.npmjs.org/bare-stream set size:undefined disposed:false
2905 silly fetch manifest fast-fifo@^1.3.2
2906 silly packumentCache full:https://registry.npmjs.org/fast-fifo cache-miss
2907 http cache https://registry.npmjs.org/fast-fifo 3ms (cache hit)
2908 silly packumentCache full:https://registry.npmjs.org/fast-fifo set size:13855 disposed:false
2909 silly fetch manifest events-universal@^1.0.0
2910 silly packumentCache full:https://registry.npmjs.org/events-universal cache-miss
2911 http fetch GET 200 https://registry.npmjs.org/bare-url 44ms (cache miss)
2912 silly packumentCache full:https://registry.npmjs.org/bare-url set size:undefined disposed:false
2913 silly fetch manifest text-decoder@^1.1.0
2914 silly packumentCache full:https://registry.npmjs.org/text-decoder cache-miss
2915 http fetch GET 200 https://registry.npmjs.org/events-universal 34ms (cache miss)
2916 silly packumentCache full:https://registry.npmjs.org/events-universal set size:undefined disposed:false
2917 http fetch GET 200 https://registry.npmjs.org/text-decoder 36ms (cache miss)
2918 silly packumentCache full:https://registry.npmjs.org/text-decoder set size:undefined disposed:false
2919 silly fetch manifest bare-abort-controller@*
2920 silly packumentCache full:https://registry.npmjs.org/bare-abort-controller cache-miss
2921 http fetch GET 200 https://registry.npmjs.org/bare-abort-controller 36ms (cache miss)
2922 silly packumentCache full:https://registry.npmjs.org/bare-abort-controller set size:undefined disposed:false
2923 silly placeDep node_modules/firebase-tools bare-events@2.9.1 OK for: bare-fs@4.7.2 want: ^2.5.4
2924 silly placeDep node_modules/firebase-tools bare-path@3.0.1 OK for: bare-fs@4.7.2 want: ^3.0.0
2925 silly placeDep node_modules/firebase-tools bare-stream@2.13.3 OK for: bare-fs@4.7.2 want: ^2.6.4
2926 silly placeDep node_modules/firebase-tools bare-url@2.4.5 OK for: bare-fs@4.7.2 want: ^2.2.2
2927 silly fetch manifest bare-os@^3.0.1
2928 silly packumentCache full:https://registry.npmjs.org/bare-os cache-miss
2929 silly fetch manifest teex@^1.0.1
2930 silly packumentCache full:https://registry.npmjs.org/teex cache-miss
2931 http fetch GET 200 https://registry.npmjs.org/teex 36ms (cache miss)
2932 silly packumentCache full:https://registry.npmjs.org/teex set size:undefined disposed:false
2933 http fetch GET 200 https://registry.npmjs.org/bare-os 39ms (cache miss)
2934 silly packumentCache full:https://registry.npmjs.org/bare-os set size:undefined disposed:false
2935 silly placeDep node_modules/firebase-tools bare-os@3.9.3 OK for: bare-path@3.0.1 want: ^3.0.1
2936 silly placeDep node_modules/firebase-tools teex@1.0.1 OK for: bare-stream@2.13.3 want: ^1.0.1
2937 silly placeDep node_modules/firebase-tools events-universal@1.0.1 OK for: streamx@2.28.0 want: ^1.0.0
2938 silly placeDep node_modules/firebase-tools text-decoder@1.2.7 OK for: streamx@2.28.0 want: ^1.1.0
2939 silly placeDep node_modules/firebase-tools/node_modules/tcp-port-used debug@4.3.1 OK for: tcp-port-used@1.0.3 want: 4.3.1
2940 silly placeDep node_modules/firebase-tools is2@2.0.1 OK for: tcp-port-used@1.0.3 want: 2.0.1
2941 silly fetch manifest ms@2.1.2
2942 silly packumentCache full:https://registry.npmjs.org/ms cache-hit
2943 silly fetch manifest deep-is@^0.1.3
2944 silly packumentCache full:https://registry.npmjs.org/deep-is cache-miss
2945 silly fetch manifest ip-regex@^2.1.0
2946 silly packumentCache full:https://registry.npmjs.org/ip-regex cache-miss
2947 http fetch GET 200 https://registry.npmjs.org/deep-is 31ms (cache miss)
2948 silly packumentCache full:https://registry.npmjs.org/deep-is set size:undefined disposed:false
2949 http fetch GET 200 https://registry.npmjs.org/ip-regex 36ms (cache miss)
2950 silly packumentCache full:https://registry.npmjs.org/ip-regex set size:undefined disposed:false
2951 silly placeDep node_modules/firebase-tools deep-is@0.1.4 OK for: is2@2.0.1 want: ^0.1.3
2952 silly placeDep node_modules/firebase-tools ip-regex@2.1.0 OK for: is2@2.0.1 want: ^2.1.0
2953 silly placeDep node_modules/firebase-tools/node_modules/teeny-request node-fetch@3.3.2 OK for: teeny-request@10.1.3 want: ^3.3.2
2954 silly placeDep node_modules/firebase-tools stream-events@1.0.5 OK for: teeny-request@10.1.3 want: ^1.0.5
2955 silly fetch manifest stubs@^3.0.0
2956 silly packumentCache full:https://registry.npmjs.org/stubs cache-miss
2957 http fetch GET 200 https://registry.npmjs.org/stubs 32ms (cache miss)
2958 silly packumentCache full:https://registry.npmjs.org/stubs set size:undefined disposed:false
2959 silly placeDep node_modules/firebase-tools stubs@3.0.0 OK for: stream-events@1.0.5 want: ^3.0.0
2960 silly placeDep node_modules/firebase-tools thenify@3.3.1 OK for: thenify-all@1.6.0 want: >= 3.1.0 < 4
2961 silly placeDep node_modules/firebase-tools/node_modules/tinyglobby fdir@6.5.0 OK for: tinyglobby@0.2.17 want: ^6.5.0
2962 silly placeDep node_modules/firebase-tools/node_modules/tinyglobby picomatch@4.0.4 OK for: fdir@6.5.0 want: ^3 || ^4
2963 silly placeDep node_modules/firebase-tools is-number@7.0.0 OK for: to-regex-range@5.0.1 want: ^7.0.0
2964 silly placeDep node_modules/firebase-tools media-typer@0.3.0 OK for: type-is@1.6.18 want: 0.3.0
2965 silly placeDep node_modules/firebase-tools crypto-random-string@2.0.0 OK for: unique-string@2.0.0 want: ^2.0.0
2966 silly placeDep node_modules/firebase-tools/node_modules/universal-analytics debug@4.4.3 OK for: universal-analytics@0.5.4 want: ^4.3.1
2967 silly placeDep node_modules/firebase-tools/node_modules/universal-analytics uuid@14.0.1 OK for: universal-analytics@0.5.4 want: ^14.0.0
2968 silly placeDep node_modules/firebase-tools boxen@5.1.2 OK for: update-notifier-cjs@5.1.7 want: ^5.0.0
2969 silly placeDep node_modules/firebase-tools/node_modules/update-notifier-cjs chalk@4.1.2 OK for: update-notifier-cjs@5.1.7 want: ^4.1.0
2970 silly placeDep node_modules/firebase-tools has-yarn@2.1.0 OK for: update-notifier-cjs@5.1.7 want: ^2.1.0
2971 silly placeDep node_modules/firebase-tools import-lazy@2.1.0 OK for: update-notifier-cjs@5.1.7 want: ^2.1.0
2972 silly placeDep node_modules/firebase-tools is-ci@2.0.0 OK for: update-notifier-cjs@5.1.7 want: ^2.0.0
2973 silly placeDep node_modules/firebase-tools is-installed-globally@0.4.0 OK for: update-notifier-cjs@5.1.7 want: ^0.4.0
2974 silly placeDep node_modules/firebase-tools is-npm@5.0.0 OK for: update-notifier-cjs@5.1.7 want: ^5.0.0
2975 silly placeDep node_modules/firebase-tools is-yarn-global@0.3.0 OK for: update-notifier-cjs@5.1.7 want: ^0.3.0
2976 silly placeDep node_modules/firebase-tools isomorphic-fetch@3.0.0 OK for: update-notifier-cjs@5.1.7 want: ^3.0.0
2977 silly placeDep node_modules/firebase-tools pupa@2.1.1 OK for: update-notifier-cjs@5.1.7 want: ^2.1.1
2978 silly placeDep node_modules/firebase-tools registry-auth-token@5.1.1 OK for: update-notifier-cjs@5.1.7 want: ^5.0.1
2979 silly placeDep node_modules/firebase-tools registry-url@5.1.0 OK for: update-notifier-cjs@5.1.7 want: ^5.1.0
2980 silly placeDep node_modules/firebase-tools semver-diff@3.1.1 OK for: update-notifier-cjs@5.1.7 want: ^3.1.1
2981 silly fetch manifest camelcase@^6.2.0
2982 silly packumentCache full:https://registry.npmjs.org/camelcase cache-miss
2983 silly fetch manifest cli-boxes@^2.2.1
2984 silly packumentCache full:https://registry.npmjs.org/cli-boxes cache-miss
2985 http fetch GET 200 https://registry.npmjs.org/cli-boxes 35ms (cache miss)
2986 silly packumentCache full:https://registry.npmjs.org/cli-boxes set size:undefined disposed:false
2987 silly fetch manifest type-fest@^0.20.2
2988 silly packumentCache full:https://registry.npmjs.org/type-fest cache-miss
2989 http fetch GET 200 https://registry.npmjs.org/camelcase 41ms (cache miss)
2990 silly packumentCache full:https://registry.npmjs.org/camelcase set size:undefined disposed:false
2991 silly fetch manifest wrap-ansi@^7.0.0
2992 silly packumentCache full:https://registry.npmjs.org/wrap-ansi cache-hit
2993 silly fetch manifest ansi-align@^3.0.0
2994 silly packumentCache full:https://registry.npmjs.org/ansi-align cache-miss
2995 http fetch GET 200 https://registry.npmjs.org/ansi-align 40ms (cache miss)
2996 silly packumentCache full:https://registry.npmjs.org/ansi-align set size:undefined disposed:false
2997 silly fetch manifest widest-line@^3.1.0
2998 silly packumentCache full:https://registry.npmjs.org/widest-line cache-miss
2999 http fetch GET 200 https://registry.npmjs.org/type-fest 54ms (cache miss)
3000 silly packumentCache full:https://registry.npmjs.org/type-fest set size:undefined disposed:false
3001 silly fetch manifest ci-info@^2.0.0
3002 silly packumentCache full:https://registry.npmjs.org/ci-info cache-miss
3003 http fetch GET 200 https://registry.npmjs.org/ci-info 39ms (cache miss)
3004 silly packumentCache full:https://registry.npmjs.org/ci-info set size:undefined disposed:false
3005 silly fetch manifest global-dirs@^3.0.0
3006 silly packumentCache full:https://registry.npmjs.org/global-dirs cache-miss
3007 http fetch GET 200 https://registry.npmjs.org/global-dirs 38ms (cache miss)
3008 silly packumentCache full:https://registry.npmjs.org/global-dirs set size:undefined disposed:false
3009 silly fetch manifest is-path-inside@^3.0.2
3010 silly packumentCache full:https://registry.npmjs.org/is-path-inside cache-miss
3011 http fetch GET 200 https://registry.npmjs.org/widest-line 97ms (cache miss)
3012 silly packumentCache full:https://registry.npmjs.org/widest-line set size:undefined disposed:false
3013 silly fetch manifest whatwg-fetch@^3.4.1
3014 silly packumentCache full:https://registry.npmjs.org/whatwg-fetch cache-miss
3015 http fetch GET 200 https://registry.npmjs.org/is-path-inside 37ms (cache miss)
3016 silly packumentCache full:https://registry.npmjs.org/is-path-inside set size:undefined disposed:false
3017 silly fetch manifest escape-goat@^2.0.0
3018 silly packumentCache full:https://registry.npmjs.org/escape-goat cache-miss
3019 http fetch GET 200 https://registry.npmjs.org/whatwg-fetch 44ms (cache miss)
3020 silly packumentCache full:https://registry.npmjs.org/whatwg-fetch set size:undefined disposed:false
3021 silly fetch manifest @pnpm/npm-conf@^3.0.2
3022 silly packumentCache full:https://registry.npmjs.org/@pnpm%2fnpm-conf cache-miss
3023 http fetch GET 200 https://registry.npmjs.org/escape-goat 34ms (cache miss)
3024 silly packumentCache full:https://registry.npmjs.org/escape-goat set size:undefined disposed:false
3025 silly fetch manifest rc@^1.2.8
3026 silly packumentCache full:https://registry.npmjs.org/rc cache-miss
3027 http fetch GET 200 https://registry.npmjs.org/rc 35ms (cache miss)
3028 silly packumentCache full:https://registry.npmjs.org/rc set size:undefined disposed:false
3029 silly fetch manifest semver@^6.3.0
3030 silly packumentCache full:https://registry.npmjs.org/semver cache-hit
3031 http fetch GET 200 https://registry.npmjs.org/@pnpm%2fnpm-conf 109ms (cache miss)
3032 silly packumentCache full:https://registry.npmjs.org/@pnpm%2fnpm-conf set size:undefined disposed:false
3033 silly placeDep node_modules/firebase-tools ansi-align@3.0.1 OK for: boxen@5.1.2 want: ^3.0.0
3034 silly placeDep node_modules/firebase-tools camelcase@6.3.0 OK for: boxen@5.1.2 want: ^6.2.0
3035 silly placeDep node_modules/firebase-tools/node_modules/boxen chalk@4.1.2 OK for: boxen@5.1.2 want: ^4.1.0
3036 silly placeDep node_modules/firebase-tools cli-boxes@2.2.1 OK for: boxen@5.1.2 want: ^2.2.1
3037 silly placeDep node_modules/firebase-tools type-fest@0.20.2 OK for: boxen@5.1.2 want: ^0.20.2
3038 silly placeDep node_modules/firebase-tools widest-line@3.1.0 OK for: boxen@5.1.2 want: ^3.1.0
3039 silly placeDep node_modules/firebase-tools/node_modules/boxen wrap-ansi@7.0.0 OK for: boxen@5.1.2 want: ^7.0.0
3040 silly placeDep node_modules/firebase-tools ci-info@2.0.0 OK for: is-ci@2.0.0 want: ^2.0.0
3041 silly placeDep node_modules/firebase-tools global-dirs@3.0.1 OK for: is-installed-globally@0.4.0 want: ^3.0.0
3042 silly placeDep node_modules/firebase-tools is-path-inside@3.0.3 OK for: is-installed-globally@0.4.0 want: ^3.0.2
3043 silly fetch manifest ini@2.0.0
3044 silly packumentCache full:https://registry.npmjs.org/ini cache-miss
3045 http fetch GET 200 https://registry.npmjs.org/ini 35ms (cache miss)
3046 silly packumentCache full:https://registry.npmjs.org/ini set size:undefined disposed:false
3047 silly placeDep node_modules/firebase-tools ini@2.0.0 OK for: global-dirs@3.0.1 want: 2.0.0
3048 silly placeDep node_modules/firebase-tools whatwg-fetch@3.6.20 OK for: isomorphic-fetch@3.0.0 want: ^3.4.1
3049 silly placeDep node_modules/firebase-tools escape-goat@2.1.1 OK for: pupa@2.1.1 want: ^2.0.0
3050 silly placeDep node_modules/firebase-tools @pnpm/npm-conf@3.0.3 OK for: registry-auth-token@5.1.1 want: ^3.0.2
3051 silly fetch manifest @pnpm/config.env-replace@^1.1.0
3052 silly packumentCache full:https://registry.npmjs.org/@pnpm%2fconfig.env-replace cache-miss
3053 silly fetch manifest @pnpm/network.ca-file@^1.0.1
3054 silly packumentCache full:https://registry.npmjs.org/@pnpm%2fnetwork.ca-file cache-miss
3055 http fetch GET 200 https://registry.npmjs.org/@pnpm%2fconfig.env-replace 46ms (cache miss)
3056 silly packumentCache full:https://registry.npmjs.org/@pnpm%2fconfig.env-replace set size:undefined disposed:false
3057 silly fetch manifest config-chain@^1.1.11
3058 silly packumentCache full:https://registry.npmjs.org/config-chain cache-miss
3059 http fetch GET 200 https://registry.npmjs.org/config-chain 33ms (cache miss)
3060 silly packumentCache full:https://registry.npmjs.org/config-chain set size:undefined disposed:false
3061 http fetch GET 200 https://registry.npmjs.org/@pnpm%2fnetwork.ca-file 360ms (cache miss)
3062 silly packumentCache full:https://registry.npmjs.org/@pnpm%2fnetwork.ca-file set size:undefined disposed:false
3063 silly placeDep node_modules/firebase-tools @pnpm/config.env-replace@1.1.0 OK for: @pnpm/npm-conf@3.0.3 want: ^1.1.0
3064 silly placeDep node_modules/firebase-tools @pnpm/network.ca-file@1.0.2 OK for: @pnpm/npm-conf@3.0.3 want: ^1.0.1
3065 silly placeDep node_modules/firebase-tools config-chain@1.1.13 OK for: @pnpm/npm-conf@3.0.3 want: ^1.1.11
3066 silly fetch manifest graceful-fs@4.2.10
3067 silly packumentCache full:https://registry.npmjs.org/graceful-fs cache-hit
3068 silly fetch manifest proto-list@~1.2.1
3069 silly packumentCache full:https://registry.npmjs.org/proto-list cache-miss
3070 silly fetch manifest ini@^1.3.4
3071 silly packumentCache full:https://registry.npmjs.org/ini cache-miss
3072 http cache https://registry.npmjs.org/ini 3ms (cache hit)
3073 silly packumentCache full:https://registry.npmjs.org/ini set size:59180 disposed:false
3074 http fetch GET 200 https://registry.npmjs.org/proto-list 31ms (cache miss)
3075 silly packumentCache full:https://registry.npmjs.org/proto-list set size:undefined disposed:false
3076 silly placeDep node_modules/firebase-tools/node_modules/@pnpm/network.ca-file graceful-fs@4.2.10 OK for: @pnpm/network.ca-file@1.0.2 want: 4.2.10
3077 silly placeDep node_modules/firebase-tools/node_modules/config-chain ini@1.3.8 OK for: config-chain@1.1.13 want: ^1.3.4
3078 silly placeDep node_modules/firebase-tools proto-list@1.2.4 OK for: config-chain@1.1.13 want: ~1.2.1
3079 silly placeDep node_modules/firebase-tools rc@1.2.8 OK for: registry-url@5.1.0 want: ^1.2.8
3080 silly fetch manifest ini@~1.3.0
3081 silly packumentCache full:https://registry.npmjs.org/ini cache-hit
3082 silly fetch manifest minimist@^1.2.0
3083 silly packumentCache full:https://registry.npmjs.org/minimist cache-miss
3084 silly fetch manifest deep-extend@^0.6.0
3085 silly packumentCache full:https://registry.npmjs.org/deep-extend cache-miss
3086 http fetch GET 200 https://registry.npmjs.org/deep-extend 37ms (cache miss)
3087 silly packumentCache full:https://registry.npmjs.org/deep-extend set size:undefined disposed:false
3088 silly fetch manifest strip-json-comments@~2.0.1
3089 silly packumentCache full:https://registry.npmjs.org/strip-json-comments cache-miss
3090 http fetch GET 200 https://registry.npmjs.org/minimist 40ms (cache miss)
3091 silly packumentCache full:https://registry.npmjs.org/minimist set size:undefined disposed:false
3092 http fetch GET 200 https://registry.npmjs.org/strip-json-comments 42ms (cache miss)
3093 silly packumentCache full:https://registry.npmjs.org/strip-json-comments set size:undefined disposed:false
3094 silly placeDep node_modules/firebase-tools deep-extend@0.6.0 OK for: rc@1.2.8 want: ^0.6.0
3095 silly placeDep node_modules/firebase-tools/node_modules/rc ini@1.3.8 OK for: rc@1.2.8 want: ~1.3.0
3096 silly placeDep node_modules/firebase-tools minimist@1.2.8 OK for: rc@1.2.8 want: ^1.2.0
3097 silly placeDep node_modules/firebase-tools strip-json-comments@2.0.1 OK for: rc@1.2.8 want: ~2.0.1
3098 silly placeDep node_modules/firebase-tools/node_modules/semver-diff semver@6.3.1 OK for: semver-diff@3.1.1 want: ^6.3.0
3099 silly placeDep node_modules/firebase-tools defaults@1.0.4 OK for: wcwidth@1.0.1 want: ^1.0.3
3100 silly fetch manifest clone@^1.0.2
3101 silly packumentCache full:https://registry.npmjs.org/clone cache-miss
3102 http fetch GET 200 https://registry.npmjs.org/clone 36ms (cache miss)
3103 silly packumentCache full:https://registry.npmjs.org/clone set size:undefined disposed:false
3104 silly placeDep node_modules/firebase-tools clone@1.0.4 OK for: defaults@1.0.4 want: ^1.0.2
3105 silly placeDep node_modules/firebase-tools tr46@0.0.3 OK for: whatwg-url@5.0.0 want: ~0.0.3
3106 silly placeDep node_modules/firebase-tools webidl-conversions@3.0.1 OK for: whatwg-url@5.0.0 want: ^3.0.0
3107 silly placeDep node_modules/firebase-tools isexe@2.0.0 OK for: which@2.0.2 want: ^2.0.0
3108 silly placeDep node_modules/firebase-tools/node_modules/winston @colors/colors@1.6.0 OK for: winston@3.19.0 want: ^1.6.0
3109 silly placeDep node_modules/firebase-tools @dabh/diagnostics@2.0.8 OK for: winston@3.19.0 want: ^2.0.8
3110 silly placeDep node_modules/firebase-tools logform@2.7.0 OK for: winston@3.19.0 want: ^2.7.0
3111 silly placeDep node_modules/firebase-tools one-time@1.0.0 OK for: winston@3.19.0 want: ^1.0.0
3112 silly placeDep node_modules/firebase-tools/node_modules/winston readable-stream@3.6.2 OK for: winston@3.19.0 want: ^3.4.0
3113 silly placeDep node_modules/firebase-tools safe-stable-stringify@2.5.0 OK for: winston@3.19.0 want: ^2.3.1
3114 silly placeDep node_modules/firebase-tools stack-trace@0.0.10 OK for: winston@3.19.0 want: 0.0.x
3115 silly fetch manifest @so-ric/colorspace@^1.1.6
3116 silly packumentCache full:https://registry.npmjs.org/@so-ric%2fcolorspace cache-miss
3117 silly fetch manifest enabled@2.0.x
3118 silly packumentCache full:https://registry.npmjs.org/enabled cache-miss
3119 http fetch GET 200 https://registry.npmjs.org/enabled 35ms (cache miss)
3120 silly packumentCache full:https://registry.npmjs.org/enabled set size:undefined disposed:false
3121 silly fetch manifest kuler@^2.0.0
3122 silly packumentCache full:https://registry.npmjs.org/kuler cache-miss
3123 http fetch GET 200 https://registry.npmjs.org/@so-ric%2fcolorspace 54ms (cache miss)
3124 silly packumentCache full:https://registry.npmjs.org/@so-ric%2fcolorspace set size:undefined disposed:false
3125 silly fetch manifest @colors/colors@1.6.0
3126 silly packumentCache full:https://registry.npmjs.org/@colors%2fcolors cache-hit
3127 silly fetch manifest @types/triple-beam@^1.3.2
3128 silly packumentCache full:https://registry.npmjs.org/@types%2ftriple-beam cache-miss
3129 http fetch GET 200 https://registry.npmjs.org/kuler 29ms (cache miss)
3130 silly packumentCache full:https://registry.npmjs.org/kuler set size:undefined disposed:false
3131 silly fetch manifest fecha@^4.2.0
3132 silly packumentCache full:https://registry.npmjs.org/fecha cache-miss
3133 http fetch GET 200 https://registry.npmjs.org/@types%2ftriple-beam 49ms (cache miss)
3134 silly packumentCache full:https://registry.npmjs.org/@types%2ftriple-beam set size:undefined disposed:false
3135 silly fetch manifest fn.name@1.x.x
3136 silly packumentCache full:https://registry.npmjs.org/fn.name cache-miss
3137 http fetch GET 200 https://registry.npmjs.org/fecha 40ms (cache miss)
3138 silly packumentCache full:https://registry.npmjs.org/fecha set size:undefined disposed:false
3139 http fetch GET 200 https://registry.npmjs.org/fn.name 31ms (cache miss)
3140 silly packumentCache full:https://registry.npmjs.org/fn.name set size:undefined disposed:false
3141 silly placeDep node_modules/firebase-tools @so-ric/colorspace@1.1.6 OK for: @dabh/diagnostics@2.0.8 want: ^1.1.6
3142 silly placeDep node_modules/firebase-tools enabled@2.0.0 OK for: @dabh/diagnostics@2.0.8 want: 2.0.x
3143 silly placeDep node_modules/firebase-tools kuler@2.0.0 OK for: @dabh/diagnostics@2.0.8 want: ^2.0.0
3144 silly fetch manifest color@^5.0.2
3145 silly packumentCache full:https://registry.npmjs.org/color cache-miss
3146 silly fetch manifest text-hex@1.0.x
3147 silly packumentCache full:https://registry.npmjs.org/text-hex cache-miss
3148 http fetch GET 200 https://registry.npmjs.org/text-hex 31ms (cache miss)
3149 silly packumentCache full:https://registry.npmjs.org/text-hex set size:undefined disposed:false
3150 http fetch GET 200 https://registry.npmjs.org/color 39ms (cache miss)
3151 silly packumentCache full:https://registry.npmjs.org/color set size:undefined disposed:false
3152 silly placeDep node_modules/firebase-tools color@5.0.3 OK for: @so-ric/colorspace@1.1.6 want: ^5.0.2
3153 silly placeDep node_modules/firebase-tools text-hex@1.0.0 OK for: @so-ric/colorspace@1.1.6 want: 1.0.x
3154 silly fetch manifest color-convert@^3.1.3
3155 silly packumentCache full:https://registry.npmjs.org/color-convert cache-miss
3156 silly fetch manifest color-string@^2.1.3
3157 silly packumentCache full:https://registry.npmjs.org/color-string cache-miss
3158 http fetch GET 200 https://registry.npmjs.org/color-convert 38ms (cache miss)
3159 silly packumentCache full:https://registry.npmjs.org/color-convert set size:undefined disposed:false
3160 http fetch GET 200 https://registry.npmjs.org/color-string 42ms (cache miss)
3161 silly packumentCache full:https://registry.npmjs.org/color-string set size:undefined disposed:false
3162 silly placeDep node_modules/firebase-tools color-convert@3.1.3 OK for: color@5.0.3 want: ^3.1.3
3163 silly placeDep node_modules/firebase-tools color-string@2.1.4 OK for: color@5.0.3 want: ^2.1.3
3164 silly fetch manifest color-name@^2.0.0
3165 silly packumentCache full:https://registry.npmjs.org/color-name cache-miss
3166 silly fetch manifest color-name@^2.0.0
3167 silly packumentCache full:https://registry.npmjs.org/color-name cache-miss
3168 http fetch GET 200 https://registry.npmjs.org/color-name 32ms (cache miss)
3169 silly packumentCache full:https://registry.npmjs.org/color-name set size:undefined disposed:false
3170 http fetch GET 200 https://registry.npmjs.org/color-name 49ms (cache miss)
3171 silly packumentCache full:https://registry.npmjs.org/color-name set size:undefined disposed:false
3172 silly placeDep node_modules/firebase-tools color-name@2.1.0 OK for: color-convert@3.1.3 want: ^2.0.0
3173 silly placeDep node_modules/firebase-tools/node_modules/logform @colors/colors@1.6.0 OK for: logform@2.7.0 want: 1.6.0
3174 silly placeDep node_modules/firebase-tools @types/triple-beam@1.3.5 OK for: logform@2.7.0 want: ^1.3.2
3175 silly placeDep node_modules/firebase-tools fecha@4.2.3 OK for: logform@2.7.0 want: ^4.2.0
3176 silly placeDep node_modules/firebase-tools/node_modules/logform ms@2.1.3 OK for: logform@2.7.0 want: ^2.1.1
3177 silly placeDep node_modules/firebase-tools fn.name@1.1.0 OK for: one-time@1.0.0 want: 1.x.x
3178 silly placeDep node_modules/firebase-tools/node_modules/winston-transport readable-stream@3.6.2 OK for: winston-transport@4.9.0 want: ^3.6.2
3179 silly placeDep node_modules/firebase-tools ansi-styles@4.3.0 OK for: wrap-ansi@6.2.0 want: ^4.0.0
3180 silly placeDep node_modules/firebase-tools/node_modules/wrap-ansi strip-ansi@6.0.1 OK for: wrap-ansi@6.2.0 want: ^6.0.0
3181 silly fetch manifest color-convert@^2.0.1
3182 silly packumentCache full:https://registry.npmjs.org/color-convert cache-miss
3183 http cache https://registry.npmjs.org/color-convert 3ms (cache hit)
3184 silly packumentCache full:https://registry.npmjs.org/color-convert set size:72663 disposed:false
3185 silly placeDep node_modules/firebase-tools/node_modules/ansi-styles color-convert@2.0.1 OK for: ansi-styles@4.3.0 want: ^2.0.1
3186 silly fetch manifest color-name@~1.1.4
3187 silly packumentCache full:https://registry.npmjs.org/color-name cache-miss
3188 http cache https://registry.npmjs.org/color-name 4ms (cache hit)
3189 silly packumentCache full:https://registry.npmjs.org/color-name set size:19467 disposed:false
3190 silly placeDep node_modules/firebase-tools/node_modules/wrap-ansi-cjs strip-ansi@6.0.1 OK for: wrap-ansi@7.0.0 want: ^6.0.0
3191 silly placeDep node_modules/firebase-tools imurmurhash@0.1.4 OK for: write-file-atomic@3.0.3 want: ^0.1.4
3192 silly placeDep node_modules/firebase-tools is-typedarray@1.0.0 OK for: write-file-atomic@3.0.3 want: ^1.0.0
3193 silly placeDep node_modules/firebase-tools/node_modules/write-file-atomic signal-exit@3.0.7 OK for: write-file-atomic@3.0.3 want: ^3.0.2
3194 silly placeDep node_modules/firebase-tools typedarray-to-buffer@3.1.5 OK for: write-file-atomic@3.0.3 want: ^3.1.5
3195 silly placeDep node_modules/firebase-tools cliui@8.0.1 OK for: yargs@17.7.3 want: ^8.0.1
3196 silly placeDep node_modules/firebase-tools escalade@3.2.0 OK for: yargs@17.7.3 want: ^3.1.1
3197 silly placeDep node_modules/firebase-tools get-caller-file@2.0.5 OK for: yargs@17.7.3 want: ^2.0.5
3198 silly placeDep node_modules/firebase-tools require-directory@2.1.1 OK for: yargs@17.7.3 want: ^2.1.1
3199 silly placeDep node_modules/firebase-tools y18n@5.0.8 OK for: yargs@17.7.3 want: ^5.0.5
3200 silly placeDep node_modules/firebase-tools yargs-parser@21.1.1 OK for: yargs@17.7.3 want: ^21.1.1
3201 silly placeDep node_modules/firebase-tools/node_modules/cliui strip-ansi@6.0.1 OK for: cliui@8.0.1 want: ^6.0.1
3202 silly placeDep node_modules/firebase-tools/node_modules/cliui wrap-ansi@7.0.0 OK for: cliui@8.0.1 want: ^7.0.0
3203 silly placeDep node_modules/firebase-tools compress-commons@6.0.2 OK for: zip-stream@6.0.1 want: ^6.0.2
3204 silly fetch manifest crc-32@^1.2.0
3205 silly packumentCache full:https://registry.npmjs.org/crc-32 cache-miss
3206 silly fetch manifest crc32-stream@^6.0.0
3207 silly packumentCache full:https://registry.npmjs.org/crc32-stream cache-miss
3208 http fetch GET 200 https://registry.npmjs.org/crc-32 45ms (cache miss)
3209 silly packumentCache full:https://registry.npmjs.org/crc-32 set size:undefined disposed:false
3210 http fetch GET 200 https://registry.npmjs.org/crc32-stream 48ms (cache miss)
3211 silly packumentCache full:https://registry.npmjs.org/crc32-stream set size:undefined disposed:false
3212 silly placeDep node_modules/firebase-tools crc-32@1.2.2 OK for: compress-commons@6.0.2 want: ^1.2.0
3213 silly placeDep node_modules/firebase-tools crc32-stream@6.0.0 OK for: compress-commons@6.0.2 want: ^6.0.0
3214 silly placeDep node_modules/firebase-tools/node_modules/@google-cloud/cloud-sql-connector node-fetch@3.3.2 OK for: gaxios@7.1.5 want: ^3.3.2
3215 silly placeDep node_modules/firebase-tools/node_modules/@google-cloud/cloud-sql-connector gcp-metadata@8.1.2 OK for: google-auth-library@10.9.0 want: 8.1.2
3216 silly placeDep node_modules/firebase-tools/node_modules/@google-cloud/cloud-sql-connector google-logging-utils@1.1.3 OK for: google-auth-library@10.9.0 want: 1.1.3
3217 silly placeDep node_modules/firebase-tools/node_modules/@google-cloud/cloud-sql-connector data-uri-to-buffer@4.0.1 OK for: node-fetch@3.3.2 want: ^4.0.0
3218 silly placeDep node_modules/firebase-tools fetch-blob@3.2.0 OK for: node-fetch@3.3.2 want: ^3.1.4
3219 silly placeDep node_modules/firebase-tools formdata-polyfill@4.0.10 OK for: node-fetch@3.3.2 want: ^4.0.10
3220 silly fetch manifest node-domexception@^1.0.0
3221 silly packumentCache full:https://registry.npmjs.org/node-domexception cache-miss
3222 silly fetch manifest web-streams-polyfill@^3.0.3
3223 silly packumentCache full:https://registry.npmjs.org/web-streams-polyfill cache-miss
3224 http fetch GET 200 https://registry.npmjs.org/node-domexception 34ms (cache miss)
3225 silly packumentCache full:https://registry.npmjs.org/node-domexception set size:undefined disposed:false
3226 http fetch GET 200 https://registry.npmjs.org/web-streams-polyfill 39ms (cache miss)
3227 silly packumentCache full:https://registry.npmjs.org/web-streams-polyfill set size:undefined disposed:false
3228 silly placeDep node_modules/firebase-tools node-domexception@1.0.0 OK for: fetch-blob@3.2.0 want: ^1.0.0
3229 silly placeDep node_modules/firebase-tools web-streams-polyfill@3.3.3 OK for: fetch-blob@3.2.0 want: ^3.0.3
3230 silly placeDep node_modules/firebase-tools/node_modules/@google-cloud/pubsub gaxios@7.1.5 OK for: google-auth-library@10.9.0 want: ^7.1.4
3231 silly placeDep node_modules/firebase-tools/node_modules/@google-cloud/pubsub gcp-metadata@8.1.2 OK for: google-auth-library@10.9.0 want: 8.1.2
3232 silly placeDep node_modules/firebase-tools/node_modules/@google-cloud/pubsub google-logging-utils@1.1.3 OK for: google-auth-library@10.9.0 want: 1.1.3
3233 silly placeDep node_modules/firebase-tools/node_modules/@google-cloud/pubsub node-fetch@3.3.2 OK for: gaxios@7.1.5 want: ^3.3.2
3234 silly placeDep node_modules/firebase-tools/node_modules/@google-cloud/pubsub data-uri-to-buffer@4.0.1 OK for: node-fetch@3.3.2 want: ^4.0.0
3235 silly placeDep node_modules/firebase-tools eastasianwidth@0.2.0 OK for: string-width@5.1.2 want: ^0.2.0
3236 silly placeDep node_modules/firebase-tools/node_modules/@isaacs/cliui emoji-regex@9.2.2 OK for: string-width@5.1.2 want: ^9.2.2
3237 silly placeDep node_modules/firebase-tools/node_modules/@isaacs/cliui ansi-styles@6.2.3 OK for: wrap-ansi@8.1.0 want: ^6.1.0
3238 silly placeDep node_modules/firebase-tools/node_modules/@modelcontextprotocol/sdk accepts@2.0.0 OK for: express@5.2.1 want: ^2.0.0
3239 silly placeDep node_modules/firebase-tools/node_modules/@modelcontextprotocol/sdk body-parser@2.3.0 OK for: express@5.2.1 want: ^2.2.1
3240 silly placeDep node_modules/firebase-tools/node_modules/@modelcontextprotocol/sdk content-disposition@1.1.0 OK for: express@5.2.1 want: ^1.0.0
3241 silly placeDep node_modules/firebase-tools/node_modules/@modelcontextprotocol/sdk cookie-signature@1.2.2 OK for: express@5.2.1 want: ^1.2.1
3242 silly placeDep node_modules/firebase-tools/node_modules/@modelcontextprotocol/sdk debug@4.4.3 OK for: express@5.2.1 want: ^4.4.0
3243 silly placeDep node_modules/firebase-tools/node_modules/@modelcontextprotocol/sdk finalhandler@2.1.1 OK for: express@5.2.1 want: ^2.1.0
3244 silly placeDep node_modules/firebase-tools/node_modules/@modelcontextprotocol/sdk fresh@2.0.0 OK for: express@5.2.1 want: ^2.0.0
3245 silly placeDep node_modules/firebase-tools/node_modules/@modelcontextprotocol/sdk merge-descriptors@2.0.0 OK for: express@5.2.1 want: ^2.0.0
3246 silly placeDep node_modules/firebase-tools/node_modules/@modelcontextprotocol/sdk mime-types@3.0.2 OK for: express@5.2.1 want: ^3.0.0
3247 silly placeDep node_modules/firebase-tools/node_modules/@modelcontextprotocol/sdk send@1.2.1 OK for: express@5.2.1 want: ^1.1.0
3248 silly placeDep node_modules/firebase-tools/node_modules/@modelcontextprotocol/sdk serve-static@2.2.1 OK for: express@5.2.1 want: ^2.2.0
3249 silly placeDep node_modules/firebase-tools/node_modules/@modelcontextprotocol/sdk type-is@2.1.0 OK for: express@5.2.1 want: ^2.0.1
3250 silly fetch manifest negotiator@^1.0.0
3251 silly packumentCache full:https://registry.npmjs.org/negotiator cache-hit
3252 silly fetch manifest content-type@^2.0.0
3253 silly packumentCache full:https://registry.npmjs.org/content-type cache-hit
3254 silly fetch manifest debug@^4.4.3
3255 silly packumentCache full:https://registry.npmjs.org/debug cache-hit
3256 silly fetch manifest type-is@^2.1.0
3257 silly packumentCache full:https://registry.npmjs.org/type-is cache-hit
3258 silly fetch manifest mime-db@^1.54.0
3259 silly packumentCache full:https://registry.npmjs.org/mime-db cache-miss
3260 silly fetch manifest media-typer@^1.1.0
3261 silly packumentCache full:https://registry.npmjs.org/media-typer cache-miss
3262 http cache https://registry.npmjs.org/mime-db 5ms (cache hit)
3263 silly packumentCache full:https://registry.npmjs.org/mime-db set size:164953 disposed:false
3264 http cache https://registry.npmjs.org/media-typer 8ms (cache hit)
3265 silly packumentCache full:https://registry.npmjs.org/media-typer set size:22678 disposed:false
3266 silly placeDep node_modules/firebase-tools/node_modules/@modelcontextprotocol/sdk negotiator@1.0.0 OK for: accepts@2.0.0 want: ^1.0.0
3267 silly placeDep node_modules/firebase-tools/node_modules/@modelcontextprotocol/sdk/node_modules/body-parser content-type@2.0.0 OK for: body-parser@2.3.0 want: ^2.0.0
3268 silly placeDep node_modules/firebase-tools/node_modules/@modelcontextprotocol/sdk ms@2.1.3 OK for: debug@4.4.3 want: ^2.1.3
3269 silly placeDep node_modules/firebase-tools/node_modules/@modelcontextprotocol/sdk mime-db@1.54.0 OK for: mime-types@3.0.2 want: ^1.54.0
3270 silly placeDep node_modules/firebase-tools/node_modules/@modelcontextprotocol/sdk/node_modules/type-is content-type@2.0.0 OK for: type-is@2.1.0 want: ^2.0.0
3271 silly placeDep node_modules/firebase-tools/node_modules/@modelcontextprotocol/sdk media-typer@1.1.0 OK for: type-is@2.1.0 want: ^1.1.0
3272 silly placeDep node_modules/firebase-tools/node_modules/ansi-styles color-name@1.1.4 OK for: color-convert@2.0.1 want: ~1.1.4
3273 silly placeDep node_modules/firebase-tools util-deprecate@1.0.2 OK for: readable-stream@3.6.2 want: ^1.0.1
3274 silly placeDep node_modules/firebase-tools/node_modules/boxen strip-ansi@6.0.1 OK for: wrap-ansi@7.0.0 want: ^6.0.0
3275 silly placeDep node_modules/firebase-tools/node_modules/boxen ansi-regex@5.0.1 OK for: strip-ansi@6.0.1 want: ^5.0.1
3276 silly placeDep node_modules/firebase-tools/node_modules/cli-highlight cliui@7.0.4 OK for: yargs@16.2.2 want: ^7.0.2
3277 silly placeDep node_modules/firebase-tools/node_modules/cli-highlight yargs-parser@20.2.9 OK for: yargs@16.2.2 want: ^20.2.2
3278 silly placeDep node_modules/firebase-tools/node_modules/cli-highlight strip-ansi@6.0.1 OK for: cliui@7.0.4 want: ^6.0.0
3279 silly placeDep node_modules/firebase-tools/node_modules/cli-highlight wrap-ansi@7.0.0 OK for: cliui@7.0.4 want: ^7.0.0
3280 silly placeDep node_modules/firebase-tools/node_modules/cli-highlight ansi-regex@5.0.1 OK for: strip-ansi@6.0.1 want: ^5.0.1
3281 silly placeDep node_modules/firebase-tools/node_modules/cliui ansi-regex@5.0.1 OK for: strip-ansi@6.0.1 want: ^5.0.1
3282 silly placeDep node_modules/firebase-tools/node_modules/connect encodeurl@1.0.2 OK for: finalhandler@1.1.2 want: ~1.0.2
3283 silly placeDep node_modules/firebase-tools/node_modules/connect on-finished@2.3.0 OK for: finalhandler@1.1.2 want: ~2.3.0
3284 silly placeDep node_modules/firebase-tools/node_modules/connect statuses@1.5.0 OK for: finalhandler@1.1.2 want: ~1.5.0
3285 silly placeDep node_modules/firebase-tools/node_modules/exegesis iconv-lite@0.4.24 OK for: raw-body@2.5.3 want: ~0.4.24
3286 silly placeDep node_modules/firebase-tools/node_modules/get-uri ms@2.1.3 OK for: debug@4.4.3 want: ^2.1.3
3287 silly placeDep node_modules/firebase-tools/node_modules/glob brace-expansion@2.1.1 OK for: minimatch@9.0.9 want: ^2.0.2
3288 silly placeDep node_modules/firebase-tools/node_modules/google-gax gaxios@7.1.5 OK for: google-auth-library@10.5.0 want: ^7.0.0
3289 silly placeDep node_modules/firebase-tools/node_modules/google-gax gcp-metadata@8.1.3 OK for: google-auth-library@10.5.0 want: ^8.0.0
3290 silly placeDep node_modules/firebase-tools/node_modules/google-gax gtoken@8.0.0 OK for: google-auth-library@10.5.0 want: ^8.0.0
3291 silly placeDep node_modules/firebase-tools/node_modules/google-gax/node_modules/gcp-metadata gaxios@7.1.3 OK for: gcp-metadata@8.1.3 want: 7.1.3
3292 silly placeDep node_modules/firebase-tools/node_modules/google-gax data-uri-to-buffer@4.0.1 OK for: node-fetch@3.3.2 want: ^4.0.0
3293 silly placeDep node_modules/firebase-tools/node_modules/googleapis-common node-fetch@3.3.2 OK for: gaxios@7.1.3 want: ^3.3.2
3294 silly placeDep node_modules/firebase-tools/node_modules/googleapis-common gcp-metadata@8.1.3 OK for: google-auth-library@10.5.0 want: ^8.0.0
3295 silly placeDep node_modules/firebase-tools/node_modules/googleapis-common gtoken@8.0.0 OK for: google-auth-library@10.5.0 want: ^8.0.0
3296 silly placeDep node_modules/firebase-tools/node_modules/googleapis-common data-uri-to-buffer@4.0.1 OK for: node-fetch@3.3.2 want: ^4.0.0
3297 silly placeDep node_modules/firebase-tools/node_modules/http-proxy-agent ms@2.1.3 OK for: debug@4.4.3 want: ^2.1.3
3298 silly placeDep node_modules/firebase-tools/node_modules/https-proxy-agent ms@2.1.3 OK for: debug@4.4.3 want: ^2.1.3
3299 silly placeDep node_modules/firebase-tools core-util-is@1.0.3 OK for: readable-stream@2.3.8 want: ~1.0.0
3300 silly placeDep node_modules/firebase-tools isarray@1.0.0 OK for: readable-stream@2.3.8 want: ~1.0.0
3301 silly placeDep node_modules/firebase-tools process-nextick-args@2.0.1 OK for: readable-stream@2.3.8 want: ~2.0.0
3302 silly placeDep node_modules/firebase-tools/node_modules/lazystream safe-buffer@5.1.2 OK for: readable-stream@2.3.8 want: ~5.1.1
3303 silly placeDep node_modules/firebase-tools/node_modules/lazystream string_decoder@1.1.1 OK for: readable-stream@2.3.8 want: ~1.1.1
3304 silly placeDep node_modules/firebase-tools/node_modules/node-gyp isexe@4.0.0 OK for: which@7.0.0 want: ^4.0.0
3305 silly placeDep node_modules/firebase-tools/node_modules/ora ansi-regex@5.0.1 OK for: strip-ansi@6.0.1 want: ^5.0.1
3306 silly placeDep node_modules/firebase-tools/node_modules/pac-proxy-agent ms@2.1.3 OK for: debug@4.4.3 want: ^2.1.3
3307 silly placeDep node_modules/firebase-tools/node_modules/portfinder ms@2.1.3 OK for: debug@4.4.3 want: ^2.1.3
3308 silly placeDep node_modules/firebase-tools/node_modules/proxy-agent ms@2.1.3 OK for: debug@4.4.3 want: ^2.1.3
3309 silly placeDep node_modules/firebase-tools/node_modules/readdir-glob brace-expansion@2.1.1 OK for: minimatch@5.1.9 want: ^2.0.1
3310 silly placeDep node_modules/firebase-tools/node_modules/router ms@2.1.3 OK for: debug@4.4.3 want: ^2.1.3
3311 silly placeDep node_modules/firebase-tools/node_modules/socks-proxy-agent ms@2.1.3 OK for: debug@4.4.3 want: ^2.1.3
3312 silly placeDep node_modules/firebase-tools/node_modules/string-width-cjs ansi-regex@5.0.1 OK for: strip-ansi@6.0.1 want: ^5.0.1
3313 silly placeDep node_modules/firebase-tools/node_modules/string-width ansi-regex@5.0.1 OK for: strip-ansi@6.0.1 want: ^5.0.1
3314 silly placeDep node_modules/firebase-tools/node_modules/superstatic brace-expansion@2.1.1 OK for: minimatch@6.2.3 want: ^2.0.1
3315 silly placeDep node_modules/firebase-tools/node_modules/superstatic isarray@0.0.1 OK for: path-to-regexp@1.9.0 want: 0.0.1
3316 silly placeDep node_modules/firebase-tools/node_modules/tcp-port-used ms@2.1.2 OK for: debug@4.3.1 want: 2.1.2
3317 silly placeDep node_modules/firebase-tools/node_modules/teeny-request data-uri-to-buffer@4.0.1 OK for: node-fetch@3.3.2 want: ^4.0.0
3318 silly placeDep node_modules/firebase-tools/node_modules/universal-analytics ms@2.1.3 OK for: debug@4.4.3 want: ^2.1.3
3319 silly placeDep node_modules/firebase-tools/node_modules/wrap-ansi-cjs ansi-regex@5.0.1 OK for: strip-ansi@6.0.1 want: ^5.0.1
3320 silly placeDep node_modules/firebase-tools/node_modules/wrap-ansi ansi-regex@5.0.1 OK for: strip-ansi@6.0.1 want: ^5.0.1
3321 silly reify moves {}
3322 http cache process-nextick-args@https://registry.npmjs.org/process-nextick-args/-/process-nextick-args-2.0.1.tgz 0ms (cache hit)
3323 http cache isarray@https://registry.npmjs.org/isarray/-/isarray-1.0.0.tgz 0ms (cache hit)
3324 http cache core-util-is@https://registry.npmjs.org/core-util-is/-/core-util-is-1.0.3.tgz 0ms (cache hit)
3325 http cache eastasianwidth@https://registry.npmjs.org/eastasianwidth/-/eastasianwidth-0.2.0.tgz 0ms (cache hit)
3326 http cache web-streams-polyfill@https://registry.npmjs.org/web-streams-polyfill/-/web-streams-polyfill-3.3.3.tgz 0ms (cache hit)
3327 http cache node-domexception@https://registry.npmjs.org/node-domexception/-/node-domexception-1.0.0.tgz 0ms (cache hit)
3328 http cache fetch-blob@https://registry.npmjs.org/fetch-blob/-/fetch-blob-3.2.0.tgz 0ms (cache hit)
3329 http cache util-deprecate@https://registry.npmjs.org/util-deprecate/-/util-deprecate-1.0.2.tgz 0ms (cache hit)
3330 http cache formdata-polyfill@https://registry.npmjs.org/formdata-polyfill/-/formdata-polyfill-4.0.10.tgz 0ms (cache hit)
3331 http cache crc32-stream@https://registry.npmjs.org/crc32-stream/-/crc32-stream-6.0.0.tgz 0ms (cache hit)
3332 http cache crc-32@https://registry.npmjs.org/crc-32/-/crc-32-1.2.2.tgz 0ms (cache hit)
3333 http cache compress-commons@https://registry.npmjs.org/compress-commons/-/compress-commons-6.0.2.tgz 0ms (cache hit)
3334 http cache y18n@https://registry.npmjs.org/y18n/-/y18n-5.0.8.tgz 0ms (cache hit)
3335 http cache require-directory@https://registry.npmjs.org/require-directory/-/require-directory-2.1.1.tgz 0ms (cache hit)
3336 http cache yargs-parser@https://registry.npmjs.org/yargs-parser/-/yargs-parser-21.1.1.tgz 0ms (cache hit)
3337 http cache escalade@https://registry.npmjs.org/escalade/-/escalade-3.2.0.tgz 0ms (cache hit)
3338 http cache cliui@https://registry.npmjs.org/cliui/-/cliui-8.0.1.tgz 0ms (cache hit)
3339 http cache ansi-regex@https://registry.npmjs.org/ansi-regex/-/ansi-regex-5.0.1.tgz 0ms (cache hit)
3340 http cache is-typedarray@https://registry.npmjs.org/is-typedarray/-/is-typedarray-1.0.0.tgz 0ms (cache hit)
3341 http cache wrap-ansi@https://registry.npmjs.org/wrap-ansi/-/wrap-ansi-7.0.0.tgz 0ms (cache hit)
3342 http cache get-caller-file@https://registry.npmjs.org/get-caller-file/-/get-caller-file-2.0.5.tgz 0ms (cache hit)
3343 http cache typedarray-to-buffer@https://registry.npmjs.org/typedarray-to-buffer/-/typedarray-to-buffer-3.1.5.tgz 0ms (cache hit)
3344 http cache strip-ansi@https://registry.npmjs.org/strip-ansi/-/strip-ansi-6.0.1.tgz 0ms (cache hit)
3345 http cache imurmurhash@https://registry.npmjs.org/imurmurhash/-/imurmurhash-0.1.4.tgz 0ms (cache hit)
3346 http cache ansi-styles@https://registry.npmjs.org/ansi-styles/-/ansi-styles-4.3.0.tgz 0ms (cache hit)
3347 http cache color-name@https://registry.npmjs.org/color-name/-/color-name-1.1.4.tgz 0ms (cache hit)
3348 http cache color-convert@https://registry.npmjs.org/color-convert/-/color-convert-2.0.1.tgz 0ms (cache hit)
3349 http cache fn.name@https://registry.npmjs.org/fn.name/-/fn.name-1.1.0.tgz 0ms (cache hit)
3350 http cache fecha@https://registry.npmjs.org/fecha/-/fecha-4.2.3.tgz 0ms (cache hit)
3351 http cache @types/triple-beam@https://registry.npmjs.org/@types/triple-beam/-/triple-beam-1.3.5.tgz 0ms (cache hit)
3352 http cache color-name@https://registry.npmjs.org/color-name/-/color-name-2.1.0.tgz 0ms (cache hit)
3353 http cache color-string@https://registry.npmjs.org/color-string/-/color-string-2.1.4.tgz 0ms (cache hit)
3354 http cache color-convert@https://registry.npmjs.org/color-convert/-/color-convert-3.1.3.tgz 0ms (cache hit)
3355 http cache text-hex@https://registry.npmjs.org/text-hex/-/text-hex-1.0.0.tgz 0ms (cache hit)
3356 http cache color@https://registry.npmjs.org/color/-/color-5.0.3.tgz 0ms (cache hit)
3357 http cache kuler@https://registry.npmjs.org/kuler/-/kuler-2.0.0.tgz 0ms (cache hit)
3358 http cache enabled@https://registry.npmjs.org/enabled/-/enabled-2.0.0.tgz 0ms (cache hit)
3359 http cache @so-ric/colorspace@https://registry.npmjs.org/@so-ric/colorspace/-/colorspace-1.1.6.tgz 0ms (cache hit)
3360 http cache stack-trace@https://registry.npmjs.org/stack-trace/-/stack-trace-0.0.10.tgz 0ms (cache hit)
3361 http cache safe-stable-stringify@https://registry.npmjs.org/safe-stable-stringify/-/safe-stable-stringify-2.5.0.tgz 0ms (cache hit)
3362 http cache one-time@https://registry.npmjs.org/one-time/-/one-time-1.0.0.tgz 0ms (cache hit)
3363 http cache logform@https://registry.npmjs.org/logform/-/logform-2.7.0.tgz 0ms (cache hit)
3364 http cache ms@https://registry.npmjs.org/ms/-/ms-2.1.3.tgz 0ms (cache hit)
3365 http cache @colors/colors@https://registry.npmjs.org/@colors/colors/-/colors-1.6.0.tgz 0ms (cache hit)
3366 http cache @dabh/diagnostics@https://registry.npmjs.org/@dabh/diagnostics/-/diagnostics-2.0.8.tgz 0ms (cache hit)
3367 http cache webidl-conversions@https://registry.npmjs.org/webidl-conversions/-/webidl-conversions-3.0.1.tgz 0ms (cache hit)
3368 http cache isexe@https://registry.npmjs.org/isexe/-/isexe-2.0.0.tgz 0ms (cache hit)
3369 http cache tr46@https://registry.npmjs.org/tr46/-/tr46-0.0.3.tgz 0ms (cache hit)
3370 http cache clone@https://registry.npmjs.org/clone/-/clone-1.0.4.tgz 0ms (cache hit)
3371 http cache defaults@https://registry.npmjs.org/defaults/-/defaults-1.0.4.tgz 0ms (cache hit)
3372 http cache strip-json-comments@https://registry.npmjs.org/strip-json-comments/-/strip-json-comments-2.0.1.tgz 0ms (cache hit)
3373 http cache deep-extend@https://registry.npmjs.org/deep-extend/-/deep-extend-0.6.0.tgz 0ms (cache hit)
3374 http cache minimist@https://registry.npmjs.org/minimist/-/minimist-1.2.8.tgz 0ms (cache hit)
3375 http cache rc@https://registry.npmjs.org/rc/-/rc-1.2.8.tgz 0ms (cache hit)
3376 http cache proto-list@https://registry.npmjs.org/proto-list/-/proto-list-1.2.4.tgz 0ms (cache hit)
3377 http cache config-chain@https://registry.npmjs.org/config-chain/-/config-chain-1.1.13.tgz 0ms (cache hit)
3378 http cache ini@https://registry.npmjs.org/ini/-/ini-1.3.8.tgz 0ms (cache hit)
3379 http cache ini@https://registry.npmjs.org/ini/-/ini-1.3.8.tgz 0ms (cache hit)
3380 http cache @pnpm/network.ca-file@https://registry.npmjs.org/@pnpm/network.ca-file/-/network.ca-file-1.0.2.tgz 0ms (cache hit)
3381 http cache graceful-fs@https://registry.npmjs.org/graceful-fs/-/graceful-fs-4.2.10.tgz 0ms (cache hit)
3382 http cache @pnpm/config.env-replace@https://registry.npmjs.org/@pnpm/config.env-replace/-/config.env-replace-1.1.0.tgz 0ms (cache hit)
3383 http cache @pnpm/npm-conf@https://registry.npmjs.org/@pnpm/npm-conf/-/npm-conf-3.0.3.tgz 0ms (cache hit)
3384 http cache escape-goat@https://registry.npmjs.org/escape-goat/-/escape-goat-2.1.1.tgz 0ms (cache hit)
3385 http cache ini@https://registry.npmjs.org/ini/-/ini-2.0.0.tgz 0ms (cache hit)
3386 http cache whatwg-fetch@https://registry.npmjs.org/whatwg-fetch/-/whatwg-fetch-3.6.20.tgz 0ms (cache hit)
3387 http cache is-path-inside@https://registry.npmjs.org/is-path-inside/-/is-path-inside-3.0.3.tgz 0ms (cache hit)
3388 http cache ci-info@https://registry.npmjs.org/ci-info/-/ci-info-2.0.0.tgz 0ms (cache hit)
3389 http cache widest-line@https://registry.npmjs.org/widest-line/-/widest-line-3.1.0.tgz 0ms (cache hit)
3390 http cache global-dirs@https://registry.npmjs.org/global-dirs/-/global-dirs-3.0.1.tgz 0ms (cache hit)
3391 http cache type-fest@https://registry.npmjs.org/type-fest/-/type-fest-0.20.2.tgz 0ms (cache hit)
3392 http cache camelcase@https://registry.npmjs.org/camelcase/-/camelcase-6.3.0.tgz 0ms (cache hit)
3393 http cache cli-boxes@https://registry.npmjs.org/cli-boxes/-/cli-boxes-2.2.1.tgz 0ms (cache hit)
3394 http cache semver-diff@https://registry.npmjs.org/semver-diff/-/semver-diff-3.1.1.tgz 0ms (cache hit)
3395 http cache semver@https://registry.npmjs.org/semver/-/semver-6.3.1.tgz 0ms (cache hit)
3396 http cache ansi-align@https://registry.npmjs.org/ansi-align/-/ansi-align-3.0.1.tgz 0ms (cache hit)
3397 http cache registry-auth-token@https://registry.npmjs.org/registry-auth-token/-/registry-auth-token-5.1.1.tgz 0ms (cache hit)
3398 http cache registry-url@https://registry.npmjs.org/registry-url/-/registry-url-5.1.0.tgz 0ms (cache hit)
3399 http cache pupa@https://registry.npmjs.org/pupa/-/pupa-2.1.1.tgz 0ms (cache hit)
3400 http cache isomorphic-fetch@https://registry.npmjs.org/isomorphic-fetch/-/isomorphic-fetch-3.0.0.tgz 0ms (cache hit)
3401 http cache is-yarn-global@https://registry.npmjs.org/is-yarn-global/-/is-yarn-global-0.3.0.tgz 0ms (cache hit)
3402 http cache is-npm@https://registry.npmjs.org/is-npm/-/is-npm-5.0.0.tgz 0ms (cache hit)
3403 http cache is-installed-globally@https://registry.npmjs.org/is-installed-globally/-/is-installed-globally-0.4.0.tgz 0ms (cache hit)
3404 http cache is-ci@https://registry.npmjs.org/is-ci/-/is-ci-2.0.0.tgz 0ms (cache hit)
3405 http cache has-yarn@https://registry.npmjs.org/has-yarn/-/has-yarn-2.1.0.tgz 0ms (cache hit)
3406 http cache import-lazy@https://registry.npmjs.org/import-lazy/-/import-lazy-2.1.0.tgz 0ms (cache hit)
3407 http cache ansi-regex@https://registry.npmjs.org/ansi-regex/-/ansi-regex-5.0.1.tgz 0ms (cache hit)
3408 http cache boxen@https://registry.npmjs.org/boxen/-/boxen-5.1.2.tgz 0ms (cache hit)
3409 http cache strip-ansi@https://registry.npmjs.org/strip-ansi/-/strip-ansi-6.0.1.tgz 0ms (cache hit)
3410 http cache chalk@https://registry.npmjs.org/chalk/-/chalk-4.1.2.tgz 0ms (cache hit)
3411 http cache media-typer@https://registry.npmjs.org/media-typer/-/media-typer-0.3.0.tgz 0ms (cache hit)
3412 http cache wrap-ansi@https://registry.npmjs.org/wrap-ansi/-/wrap-ansi-7.0.0.tgz 0ms (cache hit)
3413 http cache crypto-random-string@https://registry.npmjs.org/crypto-random-string/-/crypto-random-string-2.0.0.tgz 0ms (cache hit)
3414 http cache is-number@https://registry.npmjs.org/is-number/-/is-number-7.0.0.tgz 0ms (cache hit)
3415 http cache thenify@https://registry.npmjs.org/thenify/-/thenify-3.3.1.tgz 0ms (cache hit)
3416 http cache stubs@https://registry.npmjs.org/stubs/-/stubs-3.0.0.tgz 0ms (cache hit)
3417 http cache stream-events@https://registry.npmjs.org/stream-events/-/stream-events-1.0.5.tgz 0ms (cache hit)
3418 http cache ip-regex@https://registry.npmjs.org/ip-regex/-/ip-regex-2.1.0.tgz 0ms (cache hit)
3419 http cache deep-is@https://registry.npmjs.org/deep-is/-/deep-is-0.1.4.tgz 0ms (cache hit)
3420 http cache is2@https://registry.npmjs.org/is2/-/is2-2.0.1.tgz 0ms (cache hit)
3421 http cache text-decoder@https://registry.npmjs.org/text-decoder/-/text-decoder-1.2.7.tgz 0ms (cache hit)
3422 http cache events-universal@https://registry.npmjs.org/events-universal/-/events-universal-1.0.1.tgz 0ms (cache hit)
3423 http cache bare-os@https://registry.npmjs.org/bare-os/-/bare-os-3.9.3.tgz 0ms (cache hit)
3424 http cache teex@https://registry.npmjs.org/teex/-/teex-1.0.1.tgz 0ms (cache hit)
3425 http cache bare-url@https://registry.npmjs.org/bare-url/-/bare-url-2.4.5.tgz 0ms (cache hit)
3426 http cache bare-stream@https://registry.npmjs.org/bare-stream/-/bare-stream-2.13.3.tgz 0ms (cache hit)
3427 http cache bare-path@https://registry.npmjs.org/bare-path/-/bare-path-3.0.1.tgz 0ms (cache hit)
3428 http cache bare-events@https://registry.npmjs.org/bare-events/-/bare-events-2.9.1.tgz 0ms (cache hit)
3429 http cache streamx@https://registry.npmjs.org/streamx/-/streamx-2.28.0.tgz 0ms (cache hit)
3430 http cache fast-fifo@https://registry.npmjs.org/fast-fifo/-/fast-fifo-1.3.2.tgz 0ms (cache hit)
3431 http cache bare-fs@https://registry.npmjs.org/bare-fs/-/bare-fs-4.7.2.tgz 0ms (cache hit)
3432 http cache b4a@https://registry.npmjs.org/b4a/-/b4a-1.8.1.tgz 0ms (cache hit)
3433 http cache yallist@https://registry.npmjs.org/yallist/-/yallist-5.0.0.tgz 0ms (cache hit)
3434 http cache minizlib@https://registry.npmjs.org/minizlib/-/minizlib-3.1.0.tgz 0ms (cache hit)
3435 http cache supports-color@https://registry.npmjs.org/supports-color/-/supports-color-7.2.0.tgz 0ms (cache hit)
3436 http cache @isaacs/fs-minipass@https://registry.npmjs.org/@isaacs/fs-minipass/-/fs-minipass-4.0.1.tgz 0ms (cache hit)
3437 http cache has-flag@https://registry.npmjs.org/has-flag/-/has-flag-4.0.0.tgz 0ms (cache hit)
3438 http cache chownr@https://registry.npmjs.org/chownr/-/chownr-3.0.0.tgz 0ms (cache hit)
3439 http cache is-promise@https://registry.npmjs.org/is-promise/-/is-promise-4.0.0.tgz 0ms (cache hit)
3440 http cache abbrev@https://registry.npmjs.org/abbrev/-/abbrev-5.0.0.tgz 0ms (cache hit)
3441 http cache undici@https://registry.npmjs.org/undici/-/undici-6.27.0.tgz 0ms (cache hit)
3442 http cache tinyglobby@https://registry.npmjs.org/tinyglobby/-/tinyglobby-0.2.17.tgz 0ms (cache hit)
3443 http cache picomatch@https://registry.npmjs.org/picomatch/-/picomatch-4.0.4.tgz 0ms (cache hit)
3444 http cache proc-log@https://registry.npmjs.org/proc-log/-/proc-log-7.0.0.tgz 0ms (cache hit)
3445 http cache fdir@https://registry.npmjs.org/fdir/-/fdir-6.5.0.tgz 0ms (cache hit)
3446 http cache exponential-backoff@https://registry.npmjs.org/exponential-backoff/-/exponential-backoff-3.1.3.tgz 0ms (cache hit)
3447 http cache env-paths@https://registry.npmjs.org/env-paths/-/env-paths-2.2.1.tgz 0ms (cache hit)
3448 http cache nopt@https://registry.npmjs.org/nopt/-/nopt-10.0.1.tgz 0ms (cache hit)
3449 http cache node-gyp@https://registry.npmjs.org/node-gyp/-/node-gyp-13.0.0.tgz 0ms (cache hit)
3450 http cache isexe@https://registry.npmjs.org/isexe/-/isexe-4.0.0.tgz 0ms (cache hit)
3451 http cache which@https://registry.npmjs.org/which/-/which-7.0.0.tgz 0ms (cache hit)
3452 http cache nan@https://registry.npmjs.org/nan/-/nan-2.28.0.tgz 0ms (cache hit)
3453 http cache install-artifact-from-github@https://registry.npmjs.org/install-artifact-from-github/-/install-artifact-from-github-1.6.0.tgz 0ms (cache hit)
3454 http cache lodash._objecttypes@https://registry.npmjs.org/lodash._objecttypes/-/lodash._objecttypes-2.4.1.tgz 0ms (cache hit)
3455 http cache valid-url@https://registry.npmjs.org/valid-url/-/valid-url-1.0.9.tgz 0ms (cache hit)
3456 http cache url-join@https://registry.npmjs.org/url-join/-/url-join-0.0.1.tgz 0ms (cache hit)
3457 http cache as-array@https://registry.npmjs.org/as-array/-/as-array-2.0.0.tgz 0ms (cache hit)
3458 http cache toxic@https://registry.npmjs.org/toxic/-/toxic-1.0.1.tgz 0ms (cache hit)
3459 http cache lodash.isobject@https://registry.npmjs.org/lodash.isobject/-/lodash.isobject-2.4.1.tgz 0ms (cache hit)
3460 http cache glob-slash@https://registry.npmjs.org/glob-slash/-/glob-slash-1.0.0.tgz 0ms (cache hit)
3461 http cache compressible@https://registry.npmjs.org/compressible/-/compressible-2.0.18.tgz 0ms (cache hit)
3462 http cache tsscmp@https://registry.npmjs.org/tsscmp/-/tsscmp-1.0.6.tgz 0ms (cache hit)
3463 http cache router@https://registry.npmjs.org/router/-/router-2.2.0.tgz 0ms (cache hit)
3464 http cache ms@https://registry.npmjs.org/ms/-/ms-2.1.3.tgz 0ms (cache hit)
3465 http cache path-to-regexp@https://registry.npmjs.org/path-to-regexp/-/path-to-regexp-8.4.2.tgz 0ms (cache hit)
3466 http cache debug@https://registry.npmjs.org/debug/-/debug-4.4.3.tgz 0ms (cache hit)
3467 http cache join-path@https://registry.npmjs.org/join-path/-/join-path-1.1.1.tgz 0ms (cache hit)
3468 http cache re2@https://registry.npmjs.org/re2/-/re2-1.25.0.tgz 0ms (cache hit)
3469 http cache is-url@https://registry.npmjs.org/is-url/-/is-url-1.2.4.tgz 0ms (cache hit)
3470 http cache glob-slasher@https://registry.npmjs.org/glob-slasher/-/glob-slasher-1.0.1.tgz 0ms (cache hit)
3471 http cache connect@https://registry.npmjs.org/connect/-/connect-3.7.0.tgz 0ms (cache hit)
3472 http cache statuses@https://registry.npmjs.org/statuses/-/statuses-1.5.0.tgz 0ms (cache hit)
3473 http cache on-finished@https://registry.npmjs.org/on-finished/-/on-finished-2.3.0.tgz 0ms (cache hit)
3474 http cache finalhandler@https://registry.npmjs.org/finalhandler/-/finalhandler-1.1.2.tgz 0ms (cache hit)
3475 http cache encodeurl@https://registry.npmjs.org/encodeurl/-/encodeurl-1.0.2.tgz 0ms (cache hit)
3476 http cache compression@https://registry.npmjs.org/compression/-/compression-1.8.1.tgz 0ms (cache hit)
3477 http cache negotiator@https://registry.npmjs.org/negotiator/-/negotiator-0.6.4.tgz 0ms (cache hit)
3478 http cache is-fullwidth-code-point@https://registry.npmjs.org/is-fullwidth-code-point/-/is-fullwidth-code-point-3.0.0.tgz 0ms (cache hit)
3479 http cache basic-auth-connect@https://registry.npmjs.org/basic-auth-connect/-/basic-auth-connect-1.1.0.tgz 0ms (cache hit)
3480 http cache ret@https://registry.npmjs.org/ret/-/ret-0.1.15.tgz 0ms (cache hit)
3481 http cache emoji-regex@https://registry.npmjs.org/emoji-regex/-/emoji-regex-8.0.0.tgz 0ms (cache hit)
3482 http cache discontinuous-range@https://registry.npmjs.org/discontinuous-range/-/discontinuous-range-1.0.0.tgz 0ms (cache hit)
3483 http cache railroad-diagrams@https://registry.npmjs.org/railroad-diagrams/-/railroad-diagrams-1.0.0.tgz 0ms (cache hit)
3484 http cache randexp@https://registry.npmjs.org/randexp/-/randexp-0.4.6.tgz 0ms (cache hit)
3485 http cache moo@https://registry.npmjs.org/moo/-/moo-0.5.3.tgz 0ms (cache hit)
3486 http cache nearley@https://registry.npmjs.org/nearley/-/nearley-2.20.1.tgz 0ms (cache hit)
3487 http cache commander@https://registry.npmjs.org/commander/-/commander-2.20.3.tgz 0ms (cache hit)
3488 http cache socks@https://registry.npmjs.org/socks/-/socks-2.8.9.tgz 0ms (cache hit)
3489 http cache smart-buffer@https://registry.npmjs.org/smart-buffer/-/smart-buffer-4.2.0.tgz 0ms (cache hit)
3490 http cache unicode-emoji-modifier-base@https://registry.npmjs.org/unicode-emoji-modifier-base/-/unicode-emoji-modifier-base-1.0.0.tgz 0ms (cache hit)
3491 http cache call-bound@https://registry.npmjs.org/call-bound/-/call-bound-1.0.4.tgz 0ms (cache hit)
3492 http cache side-channel-weakmap@https://registry.npmjs.org/side-channel-weakmap/-/side-channel-weakmap-1.0.2.tgz 0ms (cache hit)
3493 http cache side-channel-map@https://registry.npmjs.org/side-channel-map/-/side-channel-map-1.0.1.tgz 0ms (cache hit)
3494 http cache side-channel-list@https://registry.npmjs.org/side-channel-list/-/side-channel-list-1.0.1.tgz 0ms (cache hit)
3495 http cache object-inspect@https://registry.npmjs.org/object-inspect/-/object-inspect-1.13.4.tgz 0ms (cache hit)
3496 http cache shebang-regex@https://registry.npmjs.org/shebang-regex/-/shebang-regex-3.0.0.tgz 0ms (cache hit)
3497 http cache teeny-request@https://registry.npmjs.org/teeny-request/-/teeny-request-10.1.3.tgz 0ms (cache hit)
3498 http cache data-uri-to-buffer@https://registry.npmjs.org/data-uri-to-buffer/-/data-uri-to-buffer-4.0.1.tgz 0ms (cache hit)
3499 http cache node-fetch@https://registry.npmjs.org/node-fetch/-/node-fetch-3.3.2.tgz 0ms (cache hit)
3500 http cache onetime@https://registry.npmjs.org/onetime/-/onetime-5.1.2.tgz 0ms (cache hit)
3501 http cache mimic-fn@https://registry.npmjs.org/mimic-fn/-/mimic-fn-2.1.0.tgz 0ms (cache hit)
3502 http cache string_decoder@https://registry.npmjs.org/string_decoder/-/string_decoder-1.3.0.tgz 0ms (cache hit)
3503 http cache process@https://registry.npmjs.org/process/-/process-0.11.10.tgz 0ms (cache hit)
3504 http cache events@https://registry.npmjs.org/events/-/events-3.3.0.tgz 0ms (cache hit)
3505 http cache side-channel@https://registry.npmjs.org/side-channel/-/side-channel-1.1.1.tgz 0ms (cache hit)
3506 http cache source-map@https://registry.npmjs.org/source-map/-/source-map-0.6.1.tgz 0ms (cache hit)
3507 http cache esutils@https://registry.npmjs.org/esutils/-/esutils-2.0.3.tgz 0ms (cache hit)
3508 http cache estraverse@https://registry.npmjs.org/estraverse/-/estraverse-5.3.0.tgz 0ms (cache hit)
3509 http cache tslib@https://registry.npmjs.org/tslib/-/tslib-2.8.1.tgz 0ms (cache hit)
3510 http cache esprima@https://registry.npmjs.org/esprima/-/esprima-4.0.1.tgz 0ms (cache hit)
3511 http cache escodegen@https://registry.npmjs.org/escodegen/-/escodegen-2.1.0.tgz 0ms (cache hit)
3512 http cache ast-types@https://registry.npmjs.org/ast-types/-/ast-types-0.13.4.tgz 0ms (cache hit)
3513 http cache netmask@https://registry.npmjs.org/netmask/-/netmask-2.1.1.tgz 0ms (cache hit)
3514 http cache data-uri-to-buffer@https://registry.npmjs.org/data-uri-to-buffer/-/data-uri-to-buffer-6.0.2.tgz 0ms (cache hit)
3515 http cache basic-ftp@https://registry.npmjs.org/basic-ftp/-/basic-ftp-5.3.1.tgz 0ms (cache hit)
3516 http cache pac-resolver@https://registry.npmjs.org/pac-resolver/-/pac-resolver-7.0.1.tgz 0ms (cache hit)
3517 http cache get-uri@https://registry.npmjs.org/get-uri/-/get-uri-6.0.5.tgz 0ms (cache hit)
3518 http cache degenerator@https://registry.npmjs.org/degenerator/-/degenerator-5.0.1.tgz 0ms (cache hit)
3519 http cache ms@https://registry.npmjs.org/ms/-/ms-2.1.3.tgz 0ms (cache hit)
3520 http cache debug@https://registry.npmjs.org/debug/-/debug-4.4.3.tgz 0ms (cache hit)
3521 http cache socks-proxy-agent@https://registry.npmjs.org/socks-proxy-agent/-/socks-proxy-agent-8.0.5.tgz 0ms (cache hit)
3522 http cache @tootallnate/quickjs-emscripten@https://registry.npmjs.org/@tootallnate/quickjs-emscripten/-/quickjs-emscripten-0.23.0.tgz 0ms (cache hit)
3523 http cache ms@https://registry.npmjs.org/ms/-/ms-2.1.3.tgz 0ms (cache hit)
3524 http cache debug@https://registry.npmjs.org/debug/-/debug-4.4.3.tgz 0ms (cache hit)
3525 http cache ms@https://registry.npmjs.org/ms/-/ms-2.1.3.tgz 0ms (cache hit)
3526 http cache pac-proxy-agent@https://registry.npmjs.org/pac-proxy-agent/-/pac-proxy-agent-7.2.0.tgz 0ms (cache hit)
3527 http cache debug@https://registry.npmjs.org/debug/-/debug-4.4.3.tgz 0ms (cache hit)
3528 http cache proxy-from-env@https://registry.npmjs.org/proxy-from-env/-/proxy-from-env-1.1.0.tgz 0ms (cache hit)
3529 http cache http-proxy-agent@https://registry.npmjs.org/http-proxy-agent/-/http-proxy-agent-7.0.2.tgz 0ms (cache hit)
3530 http cache debug@https://registry.npmjs.org/debug/-/debug-4.4.3.tgz 0ms (cache hit)
3531 http cache ms@https://registry.npmjs.org/ms/-/ms-2.1.3.tgz 0ms (cache hit)
3532 http cache ipaddr.js@https://registry.npmjs.org/ipaddr.js/-/ipaddr.js-1.9.1.tgz 0ms (cache hit)
3533 http cache undici-types@https://registry.npmjs.org/undici-types/-/undici-types-8.3.0.tgz 0ms (cache hit)
3534 http cache forwarded@https://registry.npmjs.org/forwarded/-/forwarded-0.2.0.tgz 0ms (cache hit)
3535 http cache @types/node@https://registry.npmjs.org/@types/node/-/node-26.1.0.tgz 0ms (cache hit)
3536 http cache @protobufjs/utf8@https://registry.npmjs.org/@protobufjs/utf8/-/utf8-1.1.1.tgz 0ms (cache hit)
3537 http cache @protobufjs/pool@https://registry.npmjs.org/@protobufjs/pool/-/pool-1.1.0.tgz 0ms (cache hit)
3538 http cache @protobufjs/path@https://registry.npmjs.org/@protobufjs/path/-/path-1.1.2.tgz 0ms (cache hit)
3539 http cache @protobufjs/fetch@https://registry.npmjs.org/@protobufjs/fetch/-/fetch-1.1.1.tgz 0ms (cache hit)
3540 http cache @protobufjs/float@https://registry.npmjs.org/@protobufjs/float/-/float-1.0.2.tgz 0ms (cache hit)
3541 http cache @protobufjs/eventemitter@https://registry.npmjs.org/@protobufjs/eventemitter/-/eventemitter-1.1.1.tgz 0ms (cache hit)
3542 http cache @protobufjs/codegen@https://registry.npmjs.org/@protobufjs/codegen/-/codegen-2.0.5.tgz 0ms (cache hit)
3543 http cache @protobufjs/base64@https://registry.npmjs.org/@protobufjs/base64/-/base64-1.1.2.tgz 0ms (cache hit)
3544 http cache @protobufjs/aspromise@https://registry.npmjs.org/@protobufjs/aspromise/-/aspromise-1.1.2.tgz 0ms (cache hit)
3545 http cache xtend@https://registry.npmjs.org/xtend/-/xtend-4.0.2.tgz 0ms (cache hit)
3546 http cache split2@https://registry.npmjs.org/split2/-/split2-4.2.0.tgz 0ms (cache hit)
3547 http cache postgres-interval@https://registry.npmjs.org/postgres-interval/-/postgres-interval-1.2.0.tgz 0ms (cache hit)
3548 http cache postgres-date@https://registry.npmjs.org/postgres-date/-/postgres-date-1.0.7.tgz 0ms (cache hit)
3549 http cache postgres-bytea@https://registry.npmjs.org/postgres-bytea/-/postgres-bytea-1.0.1.tgz 0ms (cache hit)
3550 http cache pg-int8@https://registry.npmjs.org/pg-int8/-/pg-int8-1.0.1.tgz 0ms (cache hit)
3551 http cache postgres-array@https://registry.npmjs.org/postgres-array/-/postgres-array-2.0.0.tgz 0ms (cache hit)
3552 http cache pgpass@https://registry.npmjs.org/pgpass/-/pgpass-1.0.5.tgz 0ms (cache hit)
3553 http cache pg-types@https://registry.npmjs.org/pg-types/-/pg-types-2.2.0.tgz 0ms (cache hit)
3554 http cache pg-protocol@https://registry.npmjs.org/pg-protocol/-/pg-protocol-1.15.0.tgz 0ms (cache hit)
3555 http cache pg-pool@https://registry.npmjs.org/pg-pool/-/pg-pool-3.14.0.tgz 0ms (cache hit)
3556 http cache pg-cloudflare@https://registry.npmjs.org/pg-cloudflare/-/pg-cloudflare-1.4.0.tgz 0ms (cache hit)
3557 http cache pg-connection-string@https://registry.npmjs.org/pg-connection-string/-/pg-connection-string-2.14.0.tgz 0ms (cache hit)
3558 http cache lru-cache@https://registry.npmjs.org/lru-cache/-/lru-cache-10.4.3.tgz 0ms (cache hit)
3559 http cache restore-cursor@https://registry.npmjs.org/restore-cursor/-/restore-cursor-3.1.0.tgz 0ms (cache hit)
3560 http cache signal-exit@https://registry.npmjs.org/signal-exit/-/signal-exit-3.0.7.tgz 0ms (cache hit)
3561 http cache ieee754@https://registry.npmjs.org/ieee754/-/ieee754-1.2.1.tgz 0ms (cache hit)
3562 http cache buffer@https://registry.npmjs.org/buffer/-/buffer-5.7.1.tgz 0ms (cache hit)
3563 http cache log-symbols@https://registry.npmjs.org/log-symbols/-/log-symbols-4.1.0.tgz 0ms (cache hit)
3564 http cache wcwidth@https://registry.npmjs.org/wcwidth/-/wcwidth-1.0.1.tgz 0ms (cache hit)
3565 http cache is-unicode-supported@https://registry.npmjs.org/is-unicode-supported/-/is-unicode-supported-0.1.0.tgz 0ms (cache hit)
3566 http cache chalk@https://registry.npmjs.org/chalk/-/chalk-4.1.2.tgz 0ms (cache hit)
3567 http cache is-interactive@https://registry.npmjs.org/is-interactive/-/is-interactive-1.0.0.tgz 0ms (cache hit)
3568 http cache cli-spinners@https://registry.npmjs.org/cli-spinners/-/cli-spinners-2.9.2.tgz 0ms (cache hit)
3569 http cache cli-cursor@https://registry.npmjs.org/cli-cursor/-/cli-cursor-3.1.0.tgz 0ms (cache hit)
3570 http cache bl@https://registry.npmjs.org/bl/-/bl-4.1.0.tgz 0ms (cache hit)
3571 http cache is-wsl@https://registry.npmjs.org/is-wsl/-/is-wsl-1.1.0.tgz 0ms (cache hit)
3572 http cache readable-stream@https://registry.npmjs.org/readable-stream/-/readable-stream-3.6.2.tgz 0ms (cache hit)
3573 http cache ee-first@https://registry.npmjs.org/ee-first/-/ee-first-1.1.1.tgz 0ms (cache hit)
3574 http cache wrappy@https://registry.npmjs.org/wrappy/-/wrappy-1.0.2.tgz 0ms (cache hit)
3575 http cache whatwg-url@https://registry.npmjs.org/whatwg-url/-/whatwg-url-5.0.0.tgz 0ms (cache hit)
3576 http cache skin-tone@https://registry.npmjs.org/skin-tone/-/skin-tone-2.0.0.tgz 0ms (cache hit)
3577 http cache char-regex@https://registry.npmjs.org/char-regex/-/char-regex-1.0.2.tgz 0ms (cache hit)
3578 http cache emojilib@https://registry.npmjs.org/emojilib/-/emojilib-2.4.0.tgz 0ms (cache hit)
3579 http cache thenify-all@https://registry.npmjs.org/thenify-all/-/thenify-all-1.6.0.tgz 0ms (cache hit)
3580 http cache @sindresorhus/is@https://registry.npmjs.org/@sindresorhus/is/-/is-4.6.0.tgz 0ms (cache hit)
3581 http cache any-promise@https://registry.npmjs.org/any-promise/-/any-promise-1.3.0.tgz 0ms (cache hit)
3582 http cache on-headers@https://registry.npmjs.org/on-headers/-/on-headers-1.1.0.tgz 0ms (cache hit)
3583 http cache basic-auth@https://registry.npmjs.org/basic-auth/-/basic-auth-2.0.1.tgz 1ms (cache hit)
3584 http cache safe-buffer@https://registry.npmjs.org/safe-buffer/-/safe-buffer-5.1.2.tgz 0ms (cache hit)
3585 http cache concat-map@https://registry.npmjs.org/concat-map/-/concat-map-0.0.1.tgz 0ms (cache hit)
3586 http cache balanced-match@https://registry.npmjs.org/balanced-match/-/balanced-match-1.0.2.tgz 0ms (cache hit)
3587 http cache brace-expansion@https://registry.npmjs.org/brace-expansion/-/brace-expansion-1.1.15.tgz 0ms (cache hit)
3588 http cache mime-db@https://registry.npmjs.org/mime-db/-/mime-db-1.52.0.tgz 0ms (cache hit)
3589 http cache parse5-htmlparser2-tree-adapter@https://registry.npmjs.org/parse5-htmlparser2-tree-adapter/-/parse5-htmlparser2-tree-adapter-6.0.1.tgz 0ms (cache hit)
3590 http cache parse5@https://registry.npmjs.org/parse5/-/parse5-6.0.1.tgz 0ms (cache hit)
3591 http cache parse5@https://registry.npmjs.org/parse5/-/parse5-5.1.1.tgz 0ms (cache hit)
3592 http cache mz@https://registry.npmjs.org/mz/-/mz-2.7.0.tgz 0ms (cache hit)
3593 http cache highlight.js@https://registry.npmjs.org/highlight.js/-/highlight.js-10.7.3.tgz 0ms (cache hit)
3594 http cache supports-hyperlinks@https://registry.npmjs.org/supports-hyperlinks/-/supports-hyperlinks-3.2.0.tgz 0ms (cache hit)
3595 http cache node-emoji@https://registry.npmjs.org/node-emoji/-/node-emoji-2.2.0.tgz 0ms (cache hit)
3596 http cache environment@https://registry.npmjs.org/environment/-/environment-1.1.0.tgz 0ms (cache hit)
3597 http cache cli-highlight@https://registry.npmjs.org/cli-highlight/-/cli-highlight-2.1.11.tgz 0ms (cache hit)
3598 http cache ansi-regex@https://registry.npmjs.org/ansi-regex/-/ansi-regex-5.0.1.tgz 0ms (cache hit)
3599 http cache wrap-ansi@https://registry.npmjs.org/wrap-ansi/-/wrap-ansi-7.0.0.tgz 0ms (cache hit)
3600 http cache strip-ansi@https://registry.npmjs.org/strip-ansi/-/strip-ansi-6.0.1.tgz 0ms (cache hit)
3601 http cache yargs-parser@https://registry.npmjs.org/yargs-parser/-/yargs-parser-20.2.9.tgz 0ms (cache hit)
3602 http cache cliui@https://registry.npmjs.org/cliui/-/cliui-7.0.4.tgz 0ms (cache hit)
3603 http cache yargs@https://registry.npmjs.org/yargs/-/yargs-16.2.2.tgz 0ms (cache hit)
3604 http cache chalk@https://registry.npmjs.org/chalk/-/chalk-4.1.2.tgz 0ms (cache hit)
3605 http cache ansi-regex@https://registry.npmjs.org/ansi-regex/-/ansi-regex-6.2.2.tgz 0ms (cache hit)
3606 http cache chalk@https://registry.npmjs.org/chalk/-/chalk-5.6.2.tgz 0ms (cache hit)
3607 http cache ansi-escapes@https://registry.npmjs.org/ansi-escapes/-/ansi-escapes-7.3.0.tgz 0ms (cache hit)
3608 http cache libsodium@https://registry.npmjs.org/libsodium/-/libsodium-0.7.16.tgz 0ms (cache hit)
3609 http cache buffer-equal-constant-time@https://registry.npmjs.org/buffer-equal-constant-time/-/buffer-equal-constant-time-1.0.1.tgz 0ms (cache hit)
3610 http cache jwa@https://registry.npmjs.org/jwa/-/jwa-2.0.1.tgz 0ms (cache hit)
3611 http cache lodash.once@https://registry.npmjs.org/lodash.once/-/lodash.once-4.1.1.tgz 0ms (cache hit)
3612 http cache lodash.isstring@https://registry.npmjs.org/lodash.isstring/-/lodash.isstring-4.0.1.tgz 0ms (cache hit)
3613 http cache lodash.isplainobject@https://registry.npmjs.org/lodash.isplainobject/-/lodash.isplainobject-4.0.6.tgz 0ms (cache hit)
3614 http cache lodash.isnumber@https://registry.npmjs.org/lodash.isnumber/-/lodash.isnumber-3.0.3.tgz 0ms (cache hit)
3615 http cache lodash.isinteger@https://registry.npmjs.org/lodash.isinteger/-/lodash.isinteger-4.0.4.tgz 0ms (cache hit)
3616 http cache lodash.isboolean@https://registry.npmjs.org/lodash.isboolean/-/lodash.isboolean-3.0.3.tgz 0ms (cache hit)
3617 http cache lodash.includes@https://registry.npmjs.org/lodash.includes/-/lodash.includes-4.3.0.tgz 0ms (cache hit)
3618 http cache jju@https://registry.npmjs.org/jju/-/jju-1.4.0.tgz 0ms (cache hit)
3619 http cache bignumber.js@https://registry.npmjs.org/bignumber.js/-/bignumber.js-9.3.1.tgz 0ms (cache hit)
3620 http cache argparse@https://registry.npmjs.org/argparse/-/argparse-2.0.1.tgz 0ms (cache hit)
3621 http cache wrap-ansi-cjs@https://registry.npmjs.org/wrap-ansi/-/wrap-ansi-7.0.0.tgz 0ms (cache hit)
3622 http cache ansi-regex@https://registry.npmjs.org/ansi-regex/-/ansi-regex-5.0.1.tgz 0ms (cache hit)
3623 http cache strip-ansi-cjs@https://registry.npmjs.org/strip-ansi/-/strip-ansi-6.0.1.tgz 0ms (cache hit)
3624 http cache ansi-regex@https://registry.npmjs.org/ansi-regex/-/ansi-regex-5.0.1.tgz 0ms (cache hit)
3625 http cache strip-ansi@https://registry.npmjs.org/strip-ansi/-/strip-ansi-6.0.1.tgz 0ms (cache hit)
3626 http cache string-width-cjs@https://registry.npmjs.org/string-width/-/string-width-4.2.3.tgz 0ms (cache hit)
3627 http cache strip-ansi@https://registry.npmjs.org/strip-ansi/-/strip-ansi-7.2.0.tgz 0ms (cache hit)
3628 http cache ansi-regex@https://registry.npmjs.org/ansi-regex/-/ansi-regex-5.0.1.tgz 0ms (cache hit)
3629 http cache @pkgjs/parseargs@https://registry.npmjs.org/@pkgjs/parseargs/-/parseargs-0.11.0.tgz 0ms (cache hit)
3630 http cache strip-ansi@https://registry.npmjs.org/strip-ansi/-/strip-ansi-6.0.1.tgz 0ms (cache hit)
3631 http cache @isaacs/cliui@https://registry.npmjs.org/@isaacs/cliui/-/cliui-8.0.2.tgz 0ms (cache hit)
3632 http cache ansi-styles@https://registry.npmjs.org/ansi-styles/-/ansi-styles-6.2.3.tgz 0ms (cache hit)
3633 http cache emoji-regex@https://registry.npmjs.org/emoji-regex/-/emoji-regex-9.2.2.tgz 0ms (cache hit)
3634 http cache wrap-ansi@https://registry.npmjs.org/wrap-ansi/-/wrap-ansi-8.1.0.tgz 0ms (cache hit)
3635 http cache is-extglob@https://registry.npmjs.org/is-extglob/-/is-extglob-2.1.1.tgz 0ms (cache hit)
3636 http cache string-width@https://registry.npmjs.org/string-width/-/string-width-5.1.2.tgz 0ms (cache hit)
3637 http cache binary-extensions@https://registry.npmjs.org/binary-extensions/-/binary-extensions-2.3.0.tgz 0ms (cache hit)
3638 http cache safer-buffer@https://registry.npmjs.org/safer-buffer/-/safer-buffer-2.1.2.tgz 0ms (cache hit)
3639 http cache agent-base@https://registry.npmjs.org/agent-base/-/agent-base-7.1.4.tgz 0ms (cache hit)
3640 http cache toidentifier@https://registry.npmjs.org/toidentifier/-/toidentifier-1.0.1.tgz 0ms (cache hit)
3641 http cache url-template@https://registry.npmjs.org/url-template/-/url-template-2.0.8.tgz 0ms (cache hit)
3642 http cache once@https://registry.npmjs.org/once/-/once-1.4.0.tgz 0ms (cache hit)
3643 http cache stream-shift@https://registry.npmjs.org/stream-shift/-/stream-shift-1.0.3.tgz 0ms (cache hit)
3644 http cache inherits@https://registry.npmjs.org/inherits/-/inherits-2.0.4.tgz 0ms (cache hit)
3645 http cache end-of-stream@https://registry.npmjs.org/end-of-stream/-/end-of-stream-1.4.5.tgz 0ms (cache hit)
3646 http cache yargs@https://registry.npmjs.org/yargs/-/yargs-17.7.3.tgz 0ms (cache hit)
3647 http cache lodash.camelcase@https://registry.npmjs.org/lodash.camelcase/-/lodash.camelcase-4.3.0.tgz 0ms (cache hit)
3648 http cache rimraf@https://registry.npmjs.org/rimraf/-/rimraf-5.0.10.tgz 0ms (cache hit)
3649 http cache @js-sdsl/ordered-map@https://registry.npmjs.org/@js-sdsl/ordered-map/-/ordered-map-4.4.2.tgz 0ms (cache hit)
3650 http cache retry-request@https://registry.npmjs.org/retry-request/-/retry-request-8.0.3.tgz 0ms (cache hit)
3651 http cache protobufjs@https://registry.npmjs.org/protobufjs/-/protobufjs-7.6.4.tgz 0ms (cache hit)
3652 http cache proto3-json-serializer@https://registry.npmjs.org/proto3-json-serializer/-/proto3-json-serializer-3.0.4.tgz 0ms (cache hit)
3653 http cache object-hash@https://registry.npmjs.org/object-hash/-/object-hash-3.0.0.tgz 0ms (cache hit)
3654 http cache duplexify@https://registry.npmjs.org/duplexify/-/duplexify-4.1.3.tgz 0ms (cache hit)
3655 http cache @grpc/grpc-js@https://registry.npmjs.org/@grpc/grpc-js/-/grpc-js-1.14.4.tgz 0ms (cache hit)
3656 http cache readable-stream@https://registry.npmjs.org/readable-stream/-/readable-stream-3.6.2.tgz 0ms (cache hit)
3657 http cache @grpc/proto-loader@https://registry.npmjs.org/@grpc/proto-loader/-/proto-loader-0.8.1.tgz 0ms (cache hit)
3658 http cache jws@https://registry.npmjs.org/jws/-/jws-4.0.1.tgz 0ms (cache hit)
3659 http cache json-bigint@https://registry.npmjs.org/json-bigint/-/json-bigint-1.0.0.tgz 0ms (cache hit)
3660 http cache gtoken@https://registry.npmjs.org/gtoken/-/gtoken-7.1.0.tgz 0ms (cache hit)
3661 http cache gcp-metadata@https://registry.npmjs.org/gcp-metadata/-/gcp-metadata-6.1.1.tgz 0ms (cache hit)
3662 http cache ecdsa-sig-formatter@https://registry.npmjs.org/ecdsa-sig-formatter/-/ecdsa-sig-formatter-1.0.11.tgz 0ms (cache hit)
3663 http cache google-logging-utils@https://registry.npmjs.org/google-logging-utils/-/google-logging-utils-0.0.2.tgz 0ms (cache hit)
3664 http cache base64-js@https://registry.npmjs.org/base64-js/-/base64-js-1.5.1.tgz 0ms (cache hit)
3665 http cache path-scurry@https://registry.npmjs.org/path-scurry/-/path-scurry-1.11.1.tgz 0ms (cache hit)
3666 http cache package-json-from-dist@https://registry.npmjs.org/package-json-from-dist/-/package-json-from-dist-1.0.1.tgz 0ms (cache hit)
3667 http cache minipass@https://registry.npmjs.org/minipass/-/minipass-7.1.3.tgz 0ms (cache hit)
3668 http cache foreground-child@https://registry.npmjs.org/foreground-child/-/foreground-child-3.3.1.tgz 0ms (cache hit)
3669 http cache jackspeak@https://registry.npmjs.org/jackspeak/-/jackspeak-3.4.3.tgz 0ms (cache hit)
3670 http cache dunder-proto@https://registry.npmjs.org/dunder-proto/-/dunder-proto-1.0.1.tgz 1ms (cache hit)
3671 http cache has-symbols@https://registry.npmjs.org/has-symbols/-/has-symbols-1.1.0.tgz 0ms (cache hit)
3672 http cache math-intrinsics@https://registry.npmjs.org/math-intrinsics/-/math-intrinsics-1.1.0.tgz 0ms (cache hit)
3673 http cache gopd@https://registry.npmjs.org/gopd/-/gopd-1.2.0.tgz 0ms (cache hit)
3674 http cache get-proto@https://registry.npmjs.org/get-proto/-/get-proto-1.0.1.tgz 0ms (cache hit)
3675 http cache function-bind@https://registry.npmjs.org/function-bind/-/function-bind-1.1.2.tgz 0ms (cache hit)
3676 http cache es-define-property@https://registry.npmjs.org/es-define-property/-/es-define-property-1.0.1.tgz 0ms (cache hit)
3677 http cache es-object-atoms@https://registry.npmjs.org/es-object-atoms/-/es-object-atoms-1.1.2.tgz 0ms (cache hit)
3678 http cache call-bind-apply-helpers@https://registry.npmjs.org/call-bind-apply-helpers/-/call-bind-apply-helpers-1.0.2.tgz 0ms (cache hit)
3679 http cache uuid@https://registry.npmjs.org/uuid/-/uuid-9.0.1.tgz 0ms (cache hit)
3680 http cache https-proxy-agent@https://registry.npmjs.org/https-proxy-agent/-/https-proxy-agent-7.0.6.tgz 0ms (cache hit)
3681 http cache debug@https://registry.npmjs.org/debug/-/debug-4.4.3.tgz 0ms (cache hit)
3682 http cache ms@https://registry.npmjs.org/ms/-/ms-2.1.3.tgz 0ms (cache hit)
3683 http cache universalify@https://registry.npmjs.org/universalify/-/universalify-2.0.1.tgz 0ms (cache hit)
3684 http cache jsonfile@https://registry.npmjs.org/jsonfile/-/jsonfile-6.2.1.tgz 0ms (cache hit)
3685 http cache has-tostringtag@https://registry.npmjs.org/has-tostringtag/-/has-tostringtag-1.0.2.tgz 0ms (cache hit)
3686 http cache get-intrinsic@https://registry.npmjs.org/get-intrinsic/-/get-intrinsic-1.3.0.tgz 0ms (cache hit)
3687 http cache es-errors@https://registry.npmjs.org/es-errors/-/es-errors-1.3.0.tgz 0ms (cache hit)
3688 http cache delayed-stream@https://registry.npmjs.org/delayed-stream/-/delayed-stream-1.0.0.tgz 0ms (cache hit)
3689 http cache hasown@https://registry.npmjs.org/hasown/-/hasown-2.0.4.tgz 0ms (cache hit)
3690 http cache es-set-tostringtag@https://registry.npmjs.org/es-set-tostringtag/-/es-set-tostringtag-2.1.0.tgz 0ms (cache hit)
3691 http cache asynckit@https://registry.npmjs.org/asynckit/-/asynckit-0.4.0.tgz 0ms (cache hit)
3692 http cache to-regex-range@https://registry.npmjs.org/to-regex-range/-/to-regex-range-5.0.1.tgz 0ms (cache hit)
3693 http cache ip-address@https://registry.npmjs.org/ip-address/-/ip-address-10.2.0.tgz 0ms (cache hit)
3694 http cache combined-stream@https://registry.npmjs.org/combined-stream/-/combined-stream-1.0.8.tgz 0ms (cache hit)
3695 http cache negotiator@https://registry.npmjs.org/negotiator/-/negotiator-0.6.3.tgz 0ms (cache hit)
3696 http cache mime-types@https://registry.npmjs.org/mime-types/-/mime-types-2.1.35.tgz 0ms (cache hit)
3697 http cache utils-merge@https://registry.npmjs.org/utils-merge/-/utils-merge-1.0.1.tgz 0ms (cache hit)
3698 http cache statuses@https://registry.npmjs.org/statuses/-/statuses-2.0.2.tgz 0ms (cache hit)
3699 http cache serve-static@https://registry.npmjs.org/serve-static/-/serve-static-1.16.3.tgz 0ms (cache hit)
3700 http cache send@https://registry.npmjs.org/send/-/send-0.19.2.tgz 0ms (cache hit)
3701 http cache setprototypeof@https://registry.npmjs.org/setprototypeof/-/setprototypeof-1.2.0.tgz 0ms (cache hit)
3702 http cache mime@https://registry.npmjs.org/mime/-/mime-1.6.0.tgz 0ms (cache hit)
3703 http cache ms@https://registry.npmjs.org/ms/-/ms-2.1.3.tgz 0ms (cache hit)
3704 http cache range-parser@https://registry.npmjs.org/range-parser/-/range-parser-1.2.1.tgz 0ms (cache hit)
3705 http cache safe-buffer@https://registry.npmjs.org/safe-buffer/-/safe-buffer-5.2.1.tgz 0ms (cache hit)
3706 http cache proxy-addr@https://registry.npmjs.org/proxy-addr/-/proxy-addr-2.0.7.tgz 0ms (cache hit)
3707 http cache path-to-regexp@https://registry.npmjs.org/path-to-regexp/-/path-to-regexp-0.1.13.tgz 0ms (cache hit)
3708 http cache parseurl@https://registry.npmjs.org/parseurl/-/parseurl-1.3.3.tgz 0ms (cache hit)
3709 http cache merge-descriptors@https://registry.npmjs.org/merge-descriptors/-/merge-descriptors-1.0.3.tgz 0ms (cache hit)
3710 http cache methods@https://registry.npmjs.org/methods/-/methods-1.1.2.tgz 0ms (cache hit)
3711 http cache fresh@https://registry.npmjs.org/fresh/-/fresh-0.5.2.tgz 0ms (cache hit)
3712 http cache finalhandler@https://registry.npmjs.org/finalhandler/-/finalhandler-1.3.2.tgz 0ms (cache hit)
3713 http cache escape-html@https://registry.npmjs.org/escape-html/-/escape-html-1.0.3.tgz 0ms (cache hit)
3714 http cache etag@https://registry.npmjs.org/etag/-/etag-1.8.1.tgz 0ms (cache hit)
3715 http cache encodeurl@https://registry.npmjs.org/encodeurl/-/encodeurl-2.0.0.tgz 0ms (cache hit)
3716 http cache cookie-signature@https://registry.npmjs.org/cookie-signature/-/cookie-signature-1.0.7.tgz 0ms (cache hit)
3717 http cache cookie@https://registry.npmjs.org/cookie/-/cookie-0.7.2.tgz 0ms (cache hit)
3718 http cache content-disposition@https://registry.npmjs.org/content-disposition/-/content-disposition-0.5.4.tgz 0ms (cache hit)
3719 http cache array-flatten@https://registry.npmjs.org/array-flatten/-/array-flatten-1.1.1.tgz 0ms (cache hit)
3720 http cache accepts@https://registry.npmjs.org/accepts/-/accepts-1.3.8.tgz 0ms (cache hit)
3721 http cache call-me-maybe@https://registry.npmjs.org/call-me-maybe/-/call-me-maybe-1.0.2.tgz 0ms (cache hit)
3722 http cache @types/json-schema@https://registry.npmjs.org/@types/json-schema/-/json-schema-7.0.15.tgz 0ms (cache hit)
3723 http cache @jsdevtools/ono@https://registry.npmjs.org/@jsdevtools/ono/-/ono-7.1.3.tgz 0ms (cache hit)
3724 http cache openapi3-ts@https://registry.npmjs.org/openapi3-ts/-/openapi3-ts-3.2.0.tgz 0ms (cache hit)
3725 http cache promise-breaker@https://registry.npmjs.org/promise-breaker/-/promise-breaker-6.0.0.tgz 0ms (cache hit)
3726 http cache json-ptr@https://registry.npmjs.org/json-ptr/-/json-ptr-3.1.1.tgz 0ms (cache hit)
3727 http cache events-listener@https://registry.npmjs.org/events-listener/-/events-listener-1.1.0.tgz 0ms (cache hit)
3728 http cache deep-freeze@https://registry.npmjs.org/deep-freeze/-/deep-freeze-0.0.1.tgz 0ms (cache hit)
3729 http cache @apidevtools/json-schema-ref-parser@https://registry.npmjs.org/@apidevtools/json-schema-ref-parser/-/json-schema-ref-parser-9.1.2.tgz 0ms (cache hit)
3730 http cache is-obj@https://registry.npmjs.org/is-obj/-/is-obj-2.0.0.tgz 0ms (cache hit)
3731 http cache ms@https://registry.npmjs.org/ms/-/ms-2.0.0.tgz 0ms (cache hit)
3732 http cache which@https://registry.npmjs.org/which/-/which-2.0.2.tgz 0ms (cache hit)
3733 http cache shebang-command@https://registry.npmjs.org/shebang-command/-/shebang-command-2.0.0.tgz 0ms (cache hit)
3734 http cache path-key@https://registry.npmjs.org/path-key/-/path-key-3.1.1.tgz 1ms (cache hit)
3735 http cache vary@https://registry.npmjs.org/vary/-/vary-1.1.2.tgz 0ms (cache hit)
3736 http cache object-assign@https://registry.npmjs.org/object-assign/-/object-assign-4.1.1.tgz 0ms (cache hit)
3737 http cache xdg-basedir@https://registry.npmjs.org/xdg-basedir/-/xdg-basedir-4.0.0.tgz 0ms (cache hit)
3738 http cache write-file-atomic@https://registry.npmjs.org/write-file-atomic/-/write-file-atomic-3.0.3.tgz 0ms (cache hit)
3739 http cache unique-string@https://registry.npmjs.org/unique-string/-/unique-string-2.0.0.tgz 0ms (cache hit)
3740 http cache make-dir@https://registry.npmjs.org/make-dir/-/make-dir-3.1.0.tgz 0ms (cache hit)
3741 http cache semver@https://registry.npmjs.org/semver/-/semver-6.3.1.tgz 0ms (cache hit)
3742 http cache dot-prop@https://registry.npmjs.org/dot-prop/-/dot-prop-5.3.0.tgz 0ms (cache hit)
3743 http cache string-width@https://registry.npmjs.org/string-width/-/string-width-4.2.3.tgz 0ms (cache hit)
3744 http cache ansi-regex@https://registry.npmjs.org/ansi-regex/-/ansi-regex-5.0.1.tgz 0ms (cache hit)
3745 http cache strip-ansi@https://registry.npmjs.org/strip-ansi/-/strip-ansi-6.0.1.tgz 0ms (cache hit)
3746 http cache @colors/colors@https://registry.npmjs.org/@colors/colors/-/colors-1.5.0.tgz 0ms (cache hit)
3747 http cache json-parse-helpfulerror@https://registry.npmjs.org/json-parse-helpfulerror/-/json-parse-helpfulerror-1.0.3.tgz 0ms (cache hit)
3748 http cache fill-range@https://registry.npmjs.org/fill-range/-/fill-range-7.1.1.tgz 0ms (cache hit)
3749 http cache picomatch@https://registry.npmjs.org/picomatch/-/picomatch-2.3.2.tgz 0ms (cache hit)
3750 http cache readdirp@https://registry.npmjs.org/readdirp/-/readdirp-3.6.0.tgz 0ms (cache hit)
3751 http cache is-glob@https://registry.npmjs.org/is-glob/-/is-glob-4.0.3.tgz 0ms (cache hit)
3752 http cache is-binary-path@https://registry.npmjs.org/is-binary-path/-/is-binary-path-2.1.0.tgz 0ms (cache hit)
3753 http cache glob-parent@https://registry.npmjs.org/glob-parent/-/glob-parent-5.1.2.tgz 0ms (cache hit)
3754 http cache braces@https://registry.npmjs.org/braces/-/braces-3.0.3.tgz 0ms (cache hit)
3755 http cache anymatch@https://registry.npmjs.org/anymatch/-/anymatch-3.1.3.tgz 0ms (cache hit)
3756 http cache unpipe@https://registry.npmjs.org/unpipe/-/unpipe-1.0.0.tgz 0ms (cache hit)
3757 http cache type-is@https://registry.npmjs.org/type-is/-/type-is-1.6.18.tgz 0ms (cache hit)
3758 http cache qs@https://registry.npmjs.org/qs/-/qs-6.15.3.tgz 0ms (cache hit)
3759 http cache on-finished@https://registry.npmjs.org/on-finished/-/on-finished-2.4.1.tgz 0ms (cache hit)
3760 http cache http-errors@https://registry.npmjs.org/http-errors/-/http-errors-2.0.1.tgz 0ms (cache hit)
3761 http cache destroy@https://registry.npmjs.org/destroy/-/destroy-1.2.0.tgz 0ms (cache hit)
3762 http cache depd@https://registry.npmjs.org/depd/-/depd-2.0.0.tgz 0ms (cache hit)
3763 http cache debug@https://registry.npmjs.org/debug/-/debug-2.6.9.tgz 0ms (cache hit)
3764 http cache bytes@https://registry.npmjs.org/bytes/-/bytes-3.1.2.tgz 0ms (cache hit)
3765 http cache normalize-path@https://registry.npmjs.org/normalize-path/-/normalize-path-3.0.0.tgz 0ms (cache hit)
3766 http cache lazystream@https://registry.npmjs.org/lazystream/-/lazystream-1.0.1.tgz 0ms (cache hit)
3767 http cache string_decoder@https://registry.npmjs.org/string_decoder/-/string_decoder-1.1.1.tgz 0ms (cache hit)
3768 http cache safe-buffer@https://registry.npmjs.org/safe-buffer/-/safe-buffer-5.1.2.tgz 0ms (cache hit)
3769 http cache readable-stream@https://registry.npmjs.org/readable-stream/-/readable-stream-2.3.8.tgz 0ms (cache hit)
3770 http cache is-stream@https://registry.npmjs.org/is-stream/-/is-stream-2.0.1.tgz 0ms (cache hit)
3771 http cache graceful-fs@https://registry.npmjs.org/graceful-fs/-/graceful-fs-4.2.11.tgz 0ms (cache hit)
3772 http cache zip-stream@https://registry.npmjs.org/zip-stream/-/zip-stream-6.0.1.tgz 0ms (cache hit)
3773 http cache tar-stream@https://registry.npmjs.org/tar-stream/-/tar-stream-3.2.0.tgz 0ms (cache hit)
3774 http cache readdir-glob@https://registry.npmjs.org/readdir-glob/-/readdir-glob-1.1.3.tgz 0ms (cache hit)
3775 http cache brace-expansion@https://registry.npmjs.org/brace-expansion/-/brace-expansion-2.1.1.tgz 0ms (cache hit)
3776 http cache signal-exit@https://registry.npmjs.org/signal-exit/-/signal-exit-3.0.7.tgz 0ms (cache hit)
3777 http cache readable-stream@https://registry.npmjs.org/readable-stream/-/readable-stream-4.7.0.tgz 0ms (cache hit)
3778 http cache minimatch@https://registry.npmjs.org/minimatch/-/minimatch-5.1.9.tgz 0ms (cache hit)
3779 http cache buffer-crc32@https://registry.npmjs.org/buffer-crc32/-/buffer-crc32-1.0.0.tgz 0ms (cache hit)
3780 http cache buffer@https://registry.npmjs.org/buffer/-/buffer-6.0.3.tgz 0ms (cache hit)
3781 http cache async@https://registry.npmjs.org/async/-/async-3.2.6.tgz 0ms (cache hit)
3782 http cache archiver-utils@https://registry.npmjs.org/archiver-utils/-/archiver-utils-5.0.2.tgz 0ms (cache hit)
3783 http cache require-from-string@https://registry.npmjs.org/require-from-string/-/require-from-string-2.0.2.tgz 0ms (cache hit)
3784 http cache json-schema-traverse@https://registry.npmjs.org/json-schema-traverse/-/json-schema-traverse-1.0.0.tgz 0ms (cache hit)
3785 http cache fast-uri@https://registry.npmjs.org/fast-uri/-/fast-uri-3.1.3.tgz 0ms (cache hit)
3786 http cache fast-deep-equal@https://registry.npmjs.org/fast-deep-equal/-/fast-deep-equal-3.1.3.tgz 0ms (cache hit)
3787 http cache event-target-shim@https://registry.npmjs.org/event-target-shim/-/event-target-shim-5.0.1.tgz 0ms (cache hit)
3788 http cache zod-to-json-schema@https://registry.npmjs.org/zod-to-json-schema/-/zod-to-json-schema-3.25.2.tgz 0ms (cache hit)
3789 http cache raw-body@https://registry.npmjs.org/raw-body/-/raw-body-3.0.2.tgz 0ms (cache hit)
3790 http cache pkce-challenge@https://registry.npmjs.org/pkce-challenge/-/pkce-challenge-5.0.1.tgz 0ms (cache hit)
3791 http cache json-schema-typed@https://registry.npmjs.org/json-schema-typed/-/json-schema-typed-8.0.2.tgz 0ms (cache hit)
3792 http cache express-rate-limit@https://registry.npmjs.org/express-rate-limit/-/express-rate-limit-8.5.2.tgz 0ms (cache hit)
3793 http cache jose@https://registry.npmjs.org/jose/-/jose-6.2.3.tgz 0ms (cache hit)
3794 http cache eventsource-parser@https://registry.npmjs.org/eventsource-parser/-/eventsource-parser-3.1.0.tgz 0ms (cache hit)
3795 http cache eventsource@https://registry.npmjs.org/eventsource/-/eventsource-3.0.7.tgz 0ms (cache hit)
3796 http cache content-type@https://registry.npmjs.org/content-type/-/content-type-1.0.5.tgz 0ms (cache hit)
3797 http cache hono@https://registry.npmjs.org/hono/-/hono-4.12.27.tgz 0ms (cache hit)
3798 http cache @hono/node-server@https://registry.npmjs.org/@hono/node-server/-/node-server-1.19.14.tgz 0ms (cache hit)
3799 http cache iconv-lite@https://registry.npmjs.org/iconv-lite/-/iconv-lite-0.7.2.tgz 0ms (cache hit)
3800 http cache chardet@https://registry.npmjs.org/chardet/-/chardet-2.2.0.tgz 0ms (cache hit)
3801 http cache @inquirer/external-editor@https://registry.npmjs.org/@inquirer/external-editor/-/external-editor-1.0.3.tgz 0ms (cache hit)
3802 http cache wrap-ansi@https://registry.npmjs.org/wrap-ansi/-/wrap-ansi-6.2.0.tgz 0ms (cache hit)
3803 http cache ansi-regex@https://registry.npmjs.org/ansi-regex/-/ansi-regex-5.0.1.tgz 0ms (cache hit)
3804 http cache strip-ansi@https://registry.npmjs.org/strip-ansi/-/strip-ansi-6.0.1.tgz 0ms (cache hit)
3805 http cache signal-exit@https://registry.npmjs.org/signal-exit/-/signal-exit-4.1.0.tgz 0ms (cache hit)
3806 http cache mute-stream@https://registry.npmjs.org/mute-stream/-/mute-stream-2.0.0.tgz 0ms (cache hit)
3807 http cache cli-width@https://registry.npmjs.org/cli-width/-/cli-width-4.1.0.tgz 0ms (cache hit)
3808 http cache yoctocolors-cjs@https://registry.npmjs.org/yoctocolors-cjs/-/yoctocolors-cjs-2.1.3.tgz 0ms (cache hit)
3809 http cache @inquirer/type@https://registry.npmjs.org/@inquirer/type/-/type-3.0.10.tgz 0ms (cache hit)
3810 http cache @inquirer/figures@https://registry.npmjs.org/@inquirer/figures/-/figures-1.0.15.tgz 0ms (cache hit)
3811 http cache @inquirer/core@https://registry.npmjs.org/@inquirer/core/-/core-10.3.2.tgz 0ms (cache hit)
3812 http cache @inquirer/ansi@https://registry.npmjs.org/@inquirer/ansi/-/ansi-1.0.2.tgz 0ms (cache hit)
3813 http cache @inquirer/select@https://registry.npmjs.org/@inquirer/select/-/select-4.4.2.tgz 0ms (cache hit)
3814 http cache @inquirer/search@https://registry.npmjs.org/@inquirer/search/-/search-3.2.2.tgz 0ms (cache hit)
3815 http cache @inquirer/rawlist@https://registry.npmjs.org/@inquirer/rawlist/-/rawlist-4.1.11.tgz 0ms (cache hit)
3816 http cache @inquirer/password@https://registry.npmjs.org/@inquirer/password/-/password-4.0.23.tgz 0ms (cache hit)
3817 http cache @inquirer/number@https://registry.npmjs.org/@inquirer/number/-/number-3.0.23.tgz 0ms (cache hit)
3818 http cache @inquirer/input@https://registry.npmjs.org/@inquirer/input/-/input-4.3.1.tgz 0ms (cache hit)
3819 http cache @inquirer/expand@https://registry.npmjs.org/@inquirer/expand/-/expand-4.0.23.tgz 0ms (cache hit)
3820 http cache @inquirer/editor@https://registry.npmjs.org/@inquirer/editor/-/editor-4.2.23.tgz 0ms (cache hit)
3821 http cache @inquirer/confirm@https://registry.npmjs.org/@inquirer/confirm/-/confirm-5.1.21.tgz 0ms (cache hit)
3822 http cache googleapis-common@https://registry.npmjs.org/googleapis-common/-/googleapis-common-8.0.2.tgz 0ms (cache hit)
3823 http cache @inquirer/checkbox@https://registry.npmjs.org/@inquirer/checkbox/-/checkbox-4.3.2.tgz 0ms (cache hit)
3824 http cache data-uri-to-buffer@https://registry.npmjs.org/data-uri-to-buffer/-/data-uri-to-buffer-4.0.1.tgz 0ms (cache hit)
3825 http cache gtoken@https://registry.npmjs.org/gtoken/-/gtoken-8.0.0.tgz 0ms (cache hit)
3826 http cache gcp-metadata@https://registry.npmjs.org/gcp-metadata/-/gcp-metadata-8.1.3.tgz 0ms (cache hit)
3827 http cache node-fetch@https://registry.npmjs.org/node-fetch/-/node-fetch-3.3.2.tgz 0ms (cache hit)
3828 http cache google-logging-utils@https://registry.npmjs.org/google-logging-utils/-/google-logging-utils-1.1.3.tgz 0ms (cache hit)
3829 http cache google-auth-library@https://registry.npmjs.org/google-auth-library/-/google-auth-library-10.5.0.tgz 0ms (cache hit)
3830 http cache gaxios@https://registry.npmjs.org/gaxios/-/gaxios-7.1.3.tgz 0ms (cache hit)
3831 http cache p-defer@https://registry.npmjs.org/p-defer/-/p-defer-3.0.0.tgz 0ms (cache hit)
3832 http cache long@https://registry.npmjs.org/long/-/long-5.3.2.tgz 0ms (cache hit)
3833 http cache is-stream-ended@https://registry.npmjs.org/is-stream-ended/-/is-stream-ended-0.1.4.tgz 0ms (cache hit)
3834 http cache lodash.snakecase@https://registry.npmjs.org/lodash.snakecase/-/lodash.snakecase-4.1.1.tgz 0ms (cache hit)
3835 http cache heap-js@https://registry.npmjs.org/heap-js/-/heap-js-2.7.1.tgz 0ms (cache hit)
3836 http cache google-gax@https://registry.npmjs.org/google-gax/-/google-gax-5.0.7.tgz 0ms (cache hit)
3837 http cache data-uri-to-buffer@https://registry.npmjs.org/data-uri-to-buffer/-/data-uri-to-buffer-4.0.1.tgz 0ms (cache hit)
3838 http cache gcp-metadata@https://registry.npmjs.org/gcp-metadata/-/gcp-metadata-8.1.3.tgz 0ms (cache hit)
3839 http cache gtoken@https://registry.npmjs.org/gtoken/-/gtoken-8.0.0.tgz 0ms (cache hit)
3840 http cache gaxios@https://registry.npmjs.org/gaxios/-/gaxios-7.1.3.tgz 0ms (cache hit)
3841 http cache gaxios@https://registry.npmjs.org/gaxios/-/gaxios-7.1.5.tgz 0ms (cache hit)
3842 http cache node-fetch@https://registry.npmjs.org/node-fetch/-/node-fetch-3.3.2.tgz 0ms (cache hit)
3843 http cache google-logging-utils@https://registry.npmjs.org/google-logging-utils/-/google-logging-utils-1.1.3.tgz 0ms (cache hit)
3844 http cache google-auth-library@https://registry.npmjs.org/google-auth-library/-/google-auth-library-10.5.0.tgz 0ms (cache hit)
3845 http cache extend@https://registry.npmjs.org/extend/-/extend-3.0.2.tgz 0ms (cache hit)
3846 http cache arrify@https://registry.npmjs.org/arrify/-/arrify-2.0.1.tgz 0ms (cache hit)
3847 http cache @opentelemetry/semantic-conventions@https://registry.npmjs.org/@opentelemetry/semantic-conventions/-/semantic-conventions-1.39.0.tgz 0ms (cache hit)
3848 http cache @opentelemetry/core@https://registry.npmjs.org/@opentelemetry/core/-/core-1.30.1.tgz 0ms (cache hit)
3849 http cache @opentelemetry/semantic-conventions@https://registry.npmjs.org/@opentelemetry/semantic-conventions/-/semantic-conventions-1.28.0.tgz 0ms (cache hit)
3850 http cache @opentelemetry/api@https://registry.npmjs.org/@opentelemetry/api/-/api-1.9.1.tgz 0ms (cache hit)
3851 http cache @google-cloud/promisify@https://registry.npmjs.org/@google-cloud/promisify/-/promisify-5.0.1.tgz 0ms (cache hit)
3852 http cache @google-cloud/projectify@https://registry.npmjs.org/@google-cloud/projectify/-/projectify-5.0.1.tgz 0ms (cache hit)
3853 http cache @google-cloud/paginator@https://registry.npmjs.org/@google-cloud/paginator/-/paginator-6.0.2.tgz 0ms (cache hit)
3854 http cache @google-cloud/precise-date@https://registry.npmjs.org/@google-cloud/precise-date/-/precise-date-5.0.1.tgz 0ms (cache hit)
3855 http cache @googleapis/sqladmin@https://registry.npmjs.org/@googleapis/sqladmin/-/sqladmin-37.0.0.tgz 0ms (cache hit)
3856 http cache p-throttle@https://registry.npmjs.org/p-throttle/-/p-throttle-7.0.0.tgz 0ms (cache hit)
3857 http cache zod@https://registry.npmjs.org/zod/-/zod-4.4.3.tgz 0ms (cache hit)
3858 http cache yaml@https://registry.npmjs.org/yaml/-/yaml-2.9.0.tgz 0ms (cache hit)
3859 http cache ws@https://registry.npmjs.org/ws/-/ws-7.5.11.tgz 0ms (cache hit)
3860 http cache winston-transport@https://registry.npmjs.org/winston-transport/-/winston-transport-4.9.0.tgz 0ms (cache hit)
3861 http cache winston@https://registry.npmjs.org/winston/-/winston-3.19.0.tgz 0ms (cache hit)
3862 http cache readable-stream@https://registry.npmjs.org/readable-stream/-/readable-stream-3.6.2.tgz 0ms (cache hit)
3863 http cache readable-stream@https://registry.npmjs.org/readable-stream/-/readable-stream-3.6.2.tgz 0ms (cache hit)
3864 http cache update-notifier-cjs@https://registry.npmjs.org/update-notifier-cjs/-/update-notifier-cjs-5.1.7.tgz 1ms (cache hit)
3865 http cache @colors/colors@https://registry.npmjs.org/@colors/colors/-/colors-1.6.0.tgz 0ms (cache hit)
3866 http cache universal-analytics@https://registry.npmjs.org/universal-analytics/-/universal-analytics-0.5.4.tgz 0ms (cache hit)
3867 http cache chalk@https://registry.npmjs.org/chalk/-/chalk-4.1.2.tgz 0ms (cache hit)
3868 http cache ms@https://registry.npmjs.org/ms/-/ms-2.1.3.tgz 0ms (cache hit)
3869 http cache uuid@https://registry.npmjs.org/uuid/-/uuid-14.0.1.tgz 0ms (cache hit)
3870 http cache debug@https://registry.npmjs.org/debug/-/debug-4.4.3.tgz 0ms (cache hit)
3871 http cache triple-beam@https://registry.npmjs.org/triple-beam/-/triple-beam-1.4.1.tgz 0ms (cache hit)
3872 http cache tcp-port-used@https://registry.npmjs.org/tcp-port-used/-/tcp-port-used-1.0.3.tgz 0ms (cache hit)
3873 http cache tmp@https://registry.npmjs.org/tmp/-/tmp-0.2.7.tgz 0ms (cache hit)
3874 http cache ms@https://registry.npmjs.org/ms/-/ms-2.1.2.tgz 0ms (cache hit)
3875 http cache debug@https://registry.npmjs.org/debug/-/debug-4.3.1.tgz 0ms (cache hit)
3876 http cache tar@https://registry.npmjs.org/tar/-/tar-7.5.19.tgz 0ms (cache hit)
3877 http cache superstatic@https://registry.npmjs.org/superstatic/-/superstatic-10.0.0.tgz 0ms (cache hit)
3878 http cache isarray@https://registry.npmjs.org/isarray/-/isarray-0.0.1.tgz 0ms (cache hit)
3879 http cache brace-expansion@https://registry.npmjs.org/brace-expansion/-/brace-expansion-2.1.1.tgz 0ms (cache hit)
3880 http cache path-to-regexp@https://registry.npmjs.org/path-to-regexp/-/path-to-regexp-1.9.0.tgz 0ms (cache hit)
3881 http cache minimatch@https://registry.npmjs.org/minimatch/-/minimatch-6.2.3.tgz 0ms (cache hit)
3882 http cache commander@https://registry.npmjs.org/commander/-/commander-10.0.1.tgz 0ms (cache hit)
3883 http cache stream-json@https://registry.npmjs.org/stream-json/-/stream-json-1.9.1.tgz 0ms (cache hit)
3884 http cache stream-chain@https://registry.npmjs.org/stream-chain/-/stream-chain-2.2.5.tgz 0ms (cache hit)
3885 http cache sql-formatter@https://registry.npmjs.org/sql-formatter/-/sql-formatter-15.8.2.tgz 0ms (cache hit)
3886 http cache semver@https://registry.npmjs.org/semver/-/semver-7.8.5.tgz 0ms (cache hit)
3887 http cache retry@https://registry.npmjs.org/retry/-/retry-0.13.1.tgz 0ms (cache hit)
3888 http cache proxy-agent@https://registry.npmjs.org/proxy-agent/-/proxy-agent-6.5.0.tgz 0ms (cache hit)
3889 http cache ms@https://registry.npmjs.org/ms/-/ms-2.1.3.tgz 0ms (cache hit)
3890 http cache lru-cache@https://registry.npmjs.org/lru-cache/-/lru-cache-7.18.3.tgz 0ms (cache hit)
3891 http cache debug@https://registry.npmjs.org/debug/-/debug-4.4.3.tgz 0ms (cache hit)
3892 http cache progress@https://registry.npmjs.org/progress/-/progress-2.0.3.tgz 0ms (cache hit)
3893 http cache portfinder@https://registry.npmjs.org/portfinder/-/portfinder-1.0.38.tgz 0ms (cache hit)
3894 http cache ms@https://registry.npmjs.org/ms/-/ms-2.1.3.tgz 0ms (cache hit)
3895 http cache pglite-2@https://registry.npmjs.org/@electric-sql/pglite/-/pglite-0.2.17.tgz 0ms (cache hit)
3896 http cache debug@https://registry.npmjs.org/debug/-/debug-4.4.3.tgz 0ms (cache hit)
3897 http cache ora@https://registry.npmjs.org/ora/-/ora-5.4.1.tgz 0ms (cache hit)
3898 http cache pg@https://registry.npmjs.org/pg/-/pg-8.22.0.tgz 0ms (cache hit)
3899 http cache pg-gateway@https://registry.npmjs.org/pg-gateway/-/pg-gateway-0.3.0-beta.4.tgz 0ms (cache hit)
3900 http cache strip-ansi@https://registry.npmjs.org/strip-ansi/-/strip-ansi-6.0.1.tgz 0ms (cache hit)
3901 http cache chalk@https://registry.npmjs.org/chalk/-/chalk-4.1.2.tgz 0ms (cache hit)
3902 http cache ansi-regex@https://registry.npmjs.org/ansi-regex/-/ansi-regex-5.0.1.tgz 0ms (cache hit)
3903 http cache open@https://registry.npmjs.org/open/-/open-6.4.0.tgz 0ms (cache hit)
3904 http cache node-fetch@https://registry.npmjs.org/node-fetch/-/node-fetch-2.7.0.tgz 0ms (cache hit)
3905 http cache morgan@https://registry.npmjs.org/morgan/-/morgan-1.11.0.tgz 0ms (cache hit)
3906 http cache minimatch@https://registry.npmjs.org/minimatch/-/minimatch-3.1.5.tgz 0ms (cache hit)
3907 http cache marked-terminal@https://registry.npmjs.org/marked-terminal/-/marked-terminal-7.3.0.tgz 0ms (cache hit)
3908 http cache mime@https://registry.npmjs.org/mime/-/mime-2.6.0.tgz 0ms (cache hit)
3909 http cache marked@https://registry.npmjs.org/marked/-/marked-13.0.3.tgz 0ms (cache hit)
3910 http cache lsofi@https://registry.npmjs.org/lsofi/-/lsofi-2.0.0.tgz 0ms (cache hit)
3911 http cache lodash@https://registry.npmjs.org/lodash/-/lodash-4.18.1.tgz 0ms (cache hit)
3912 http cache libsodium-wrappers@https://registry.npmjs.org/libsodium-wrappers/-/libsodium-wrappers-0.7.16.tgz 0ms (cache hit)
3913 http cache js-yaml@https://registry.npmjs.org/js-yaml/-/js-yaml-4.3.0.tgz 0ms (cache hit)
3914 http cache ms@https://registry.npmjs.org/ms/-/ms-2.1.3.tgz 0ms (cache hit)
3915 http cache ignore@https://registry.npmjs.org/ignore/-/ignore-7.0.5.tgz 0ms (cache hit)
3916 http cache jsonwebtoken@https://registry.npmjs.org/jsonwebtoken/-/jsonwebtoken-9.0.3.tgz 0ms (cache hit)
3917 http cache google-auth-library@https://registry.npmjs.org/google-auth-library/-/google-auth-library-9.15.1.tgz 0ms (cache hit)
3918 http cache glob@https://registry.npmjs.org/glob/-/glob-10.5.0.tgz 0ms (cache hit)
3919 http cache brace-expansion@https://registry.npmjs.org/brace-expansion/-/brace-expansion-2.1.1.tgz 0ms (cache hit)
3920 http cache minimatch@https://registry.npmjs.org/minimatch/-/minimatch-9.0.9.tgz 0ms (cache hit)
3921 http cache gaxios@https://registry.npmjs.org/gaxios/-/gaxios-6.7.1.tgz 0ms (cache hit)
3922 http cache fuzzy@https://registry.npmjs.org/fuzzy/-/fuzzy-0.1.3.tgz 0ms (cache hit)
3923 http cache fs-extra@https://registry.npmjs.org/fs-extra/-/fs-extra-10.1.0.tgz 0ms (cache hit)
3924 http cache form-data@https://registry.npmjs.org/form-data/-/form-data-4.0.6.tgz 0ms (cache hit)
3925 http cache express@https://registry.npmjs.org/express/-/express-4.22.2.tgz 0ms (cache hit)
3926 http cache exegesis-express@https://registry.npmjs.org/exegesis-express/-/exegesis-express-4.0.0.tgz 0ms (cache hit)
3927 http cache exegesis@https://registry.npmjs.org/exegesis/-/exegesis-4.3.0.tgz 0ms (cache hit)
3928 http cache iconv-lite@https://registry.npmjs.org/iconv-lite/-/iconv-lite-0.4.24.tgz 0ms (cache hit)
3929 http cache raw-body@https://registry.npmjs.org/raw-body/-/raw-body-2.5.3.tgz 0ms (cache hit)
3930 http cache ajv-formats@https://registry.npmjs.org/ajv-formats/-/ajv-formats-2.1.1.tgz 0ms (cache hit)
3931 http cache csv-parse@https://registry.npmjs.org/csv-parse/-/csv-parse-5.6.0.tgz 0ms (cache hit)
3932 http cache cross-spawn@https://registry.npmjs.org/cross-spawn/-/cross-spawn-7.0.6.tgz 0ms (cache hit)
3933 http cache cross-env@https://registry.npmjs.org/cross-env/-/cross-env-7.0.3.tgz 0ms (cache hit)
3934 http cache configstore@https://registry.npmjs.org/configstore/-/configstore-5.0.1.tgz 0ms (cache hit)
3935 http cache cors@https://registry.npmjs.org/cors/-/cors-2.8.6.tgz 0ms (cache hit)
3936 http cache commander@https://registry.npmjs.org/commander/-/commander-5.1.0.tgz 0ms (cache hit)
3937 http cache colorette@https://registry.npmjs.org/colorette/-/colorette-2.0.20.tgz 0ms (cache hit)
3938 http cache cli-table3@https://registry.npmjs.org/cli-table3/-/cli-table3-0.6.5.tgz 0ms (cache hit)
3939 http cache cjson@https://registry.npmjs.org/cjson/-/cjson-0.3.3.tgz 0ms (cache hit)
3940 http cache body-parser@https://registry.npmjs.org/body-parser/-/body-parser-1.20.5.tgz 0ms (cache hit)
3941 http cache chokidar@https://registry.npmjs.org/chokidar/-/chokidar-3.6.0.tgz 0ms (cache hit)
3942 http cache raw-body@https://registry.npmjs.org/raw-body/-/raw-body-2.5.3.tgz 0ms (cache hit)
3943 http cache async-lock@https://registry.npmjs.org/async-lock/-/async-lock-1.4.1.tgz 0ms (cache hit)
3944 http cache archiver@https://registry.npmjs.org/archiver/-/archiver-7.0.1.tgz 0ms (cache hit)
3945 http cache ajv@https://registry.npmjs.org/ajv/-/ajv-8.20.0.tgz 0ms (cache hit)
3946 http cache ajv-formats@https://registry.npmjs.org/ajv-formats/-/ajv-formats-3.0.1.tgz 0ms (cache hit)
3947 http cache abort-controller@https://registry.npmjs.org/abort-controller/-/abort-controller-3.0.0.tgz 0ms (cache hit)
3948 http cache @modelcontextprotocol/sdk@https://registry.npmjs.org/@modelcontextprotocol/sdk/-/sdk-1.29.0.tgz 0ms (cache hit)
3949 http cache media-typer@https://registry.npmjs.org/media-typer/-/media-typer-1.1.0.tgz 0ms (cache hit)
3950 http cache mime-db@https://registry.npmjs.org/mime-db/-/mime-db-1.54.0.tgz 0ms (cache hit)
3951 http cache iconv-lite@https://registry.npmjs.org/iconv-lite/-/iconv-lite-0.4.24.tgz 0ms (cache hit)
3952 http cache ms@https://registry.npmjs.org/ms/-/ms-2.1.3.tgz 0ms (cache hit)
3953 http cache negotiator@https://registry.npmjs.org/negotiator/-/negotiator-1.0.0.tgz 0ms (cache hit)
3954 http cache type-is@https://registry.npmjs.org/type-is/-/type-is-2.1.0.tgz 0ms (cache hit)
3955 http cache content-type@https://registry.npmjs.org/content-type/-/content-type-2.0.0.tgz 0ms (cache hit)
3956 http cache serve-static@https://registry.npmjs.org/serve-static/-/serve-static-2.2.1.tgz 0ms (cache hit)
3957 http cache send@https://registry.npmjs.org/send/-/send-1.2.1.tgz 0ms (cache hit)
3958 http cache mime-types@https://registry.npmjs.org/mime-types/-/mime-types-3.0.2.tgz 0ms (cache hit)
3959 http cache merge-descriptors@https://registry.npmjs.org/merge-descriptors/-/merge-descriptors-2.0.0.tgz 0ms (cache hit)
3960 http cache fresh@https://registry.npmjs.org/fresh/-/fresh-2.0.0.tgz 0ms (cache hit)
3961 http cache finalhandler@https://registry.npmjs.org/finalhandler/-/finalhandler-2.1.1.tgz 0ms (cache hit)
3962 http cache debug@https://registry.npmjs.org/debug/-/debug-4.4.3.tgz 0ms (cache hit)
3963 http cache cookie-signature@https://registry.npmjs.org/cookie-signature/-/cookie-signature-1.2.2.tgz 0ms (cache hit)
3964 http cache content-disposition@https://registry.npmjs.org/content-disposition/-/content-disposition-1.1.0.tgz 0ms (cache hit)
3965 http cache body-parser@https://registry.npmjs.org/body-parser/-/body-parser-2.3.0.tgz 0ms (cache hit)
3966 http cache content-type@https://registry.npmjs.org/content-type/-/content-type-2.0.0.tgz 0ms (cache hit)
3967 http cache accepts@https://registry.npmjs.org/accepts/-/accepts-2.0.0.tgz 0ms (cache hit)
3968 http cache express@https://registry.npmjs.org/express/-/express-5.2.1.tgz 0ms (cache hit)
3969 http cache @inquirer/prompts@https://registry.npmjs.org/@inquirer/prompts/-/prompts-7.10.1.tgz 0ms (cache hit)
3970 http cache @google-cloud/pubsub@https://registry.npmjs.org/@google-cloud/pubsub/-/pubsub-5.3.1.tgz 0ms (cache hit)
3971 http cache data-uri-to-buffer@https://registry.npmjs.org/data-uri-to-buffer/-/data-uri-to-buffer-4.0.1.tgz 0ms (cache hit)
3972 http cache node-fetch@https://registry.npmjs.org/node-fetch/-/node-fetch-3.3.2.tgz 0ms (cache hit)
3973 http cache google-logging-utils@https://registry.npmjs.org/google-logging-utils/-/google-logging-utils-1.1.3.tgz 0ms (cache hit)
3974 http cache gaxios@https://registry.npmjs.org/gaxios/-/gaxios-7.1.5.tgz 0ms (cache hit)
3975 http cache gcp-metadata@https://registry.npmjs.org/gcp-metadata/-/gcp-metadata-8.1.2.tgz 0ms (cache hit)
3976 http cache google-auth-library@https://registry.npmjs.org/google-auth-library/-/google-auth-library-10.9.0.tgz 1ms (cache hit)
3977 http cache @google-cloud/cloud-sql-connector@https://registry.npmjs.org/@google-cloud/cloud-sql-connector/-/cloud-sql-connector-1.11.2.tgz 0ms (cache hit)
3978 http cache data-uri-to-buffer@https://registry.npmjs.org/data-uri-to-buffer/-/data-uri-to-buffer-4.0.1.tgz 0ms (cache hit)
3979 http cache google-logging-utils@https://registry.npmjs.org/google-logging-utils/-/google-logging-utils-1.1.3.tgz 0ms (cache hit)
3980 http cache gcp-metadata@https://registry.npmjs.org/gcp-metadata/-/gcp-metadata-8.1.2.tgz 0ms (cache hit)
3981 http cache google-auth-library@https://registry.npmjs.org/google-auth-library/-/google-auth-library-10.9.0.tgz 0ms (cache hit)
3982 http cache node-fetch@https://registry.npmjs.org/node-fetch/-/node-fetch-3.3.2.tgz 0ms (cache hit)
3983 http cache gaxios@https://registry.npmjs.org/gaxios/-/gaxios-7.1.5.tgz 0ms (cache hit)
3984 http cache @electric-sql/pglite-tools@https://registry.npmjs.org/@electric-sql/pglite-tools/-/pglite-tools-0.2.21.tgz 0ms (cache hit)
3985 http cache @electric-sql/pglite@https://registry.npmjs.org/@electric-sql/pglite/-/pglite-0.3.16.tgz 0ms (cache hit)
3986 http cache @apphosting/common@https://registry.npmjs.org/@apphosting/common/-/common-0.0.8.tgz 0ms (cache hit)
3987 http cache firebase-tools@https://registry.npmjs.org/firebase-tools/-/firebase-tools-15.22.4.tgz 0ms (cache hit)
3988 silly tarball no local data for process-nextick-args@https://registry.npmjs.org/process-nextick-args/-/process-nextick-args-2.0.1.tgz. Extracting by manifest.
3989 silly tarball no local data for isarray@https://registry.npmjs.org/isarray/-/isarray-1.0.0.tgz. Extracting by manifest.
3990 silly tarball no local data for core-util-is@https://registry.npmjs.org/core-util-is/-/core-util-is-1.0.3.tgz. Extracting by manifest.
3991 silly tarball no local data for eastasianwidth@https://registry.npmjs.org/eastasianwidth/-/eastasianwidth-0.2.0.tgz. Extracting by manifest.
3992 silly tarball no local data for web-streams-polyfill@https://registry.npmjs.org/web-streams-polyfill/-/web-streams-polyfill-3.3.3.tgz. Extracting by manifest.
3993 silly tarball no local data for node-domexception@https://registry.npmjs.org/node-domexception/-/node-domexception-1.0.0.tgz. Extracting by manifest.
3994 silly tarball no local data for fetch-blob@https://registry.npmjs.org/fetch-blob/-/fetch-blob-3.2.0.tgz. Extracting by manifest.
3995 silly tarball no local data for util-deprecate@https://registry.npmjs.org/util-deprecate/-/util-deprecate-1.0.2.tgz. Extracting by manifest.
3996 silly tarball no local data for formdata-polyfill@https://registry.npmjs.org/formdata-polyfill/-/formdata-polyfill-4.0.10.tgz. Extracting by manifest.
3997 silly tarball no local data for crc32-stream@https://registry.npmjs.org/crc32-stream/-/crc32-stream-6.0.0.tgz. Extracting by manifest.
3998 silly tarball no local data for crc-32@https://registry.npmjs.org/crc-32/-/crc-32-1.2.2.tgz. Extracting by manifest.
3999 silly tarball no local data for compress-commons@https://registry.npmjs.org/compress-commons/-/compress-commons-6.0.2.tgz. Extracting by manifest.
4000 silly tarball no local data for y18n@https://registry.npmjs.org/y18n/-/y18n-5.0.8.tgz. Extracting by manifest.
4001 silly tarball no local data for require-directory@https://registry.npmjs.org/require-directory/-/require-directory-2.1.1.tgz. Extracting by manifest.
4002 silly tarball no local data for yargs-parser@https://registry.npmjs.org/yargs-parser/-/yargs-parser-21.1.1.tgz. Extracting by manifest.
4003 silly tarball no local data for escalade@https://registry.npmjs.org/escalade/-/escalade-3.2.0.tgz. Extracting by manifest.
4004 silly tarball no local data for cliui@https://registry.npmjs.org/cliui/-/cliui-8.0.1.tgz. Extracting by manifest.
4005 silly tarball no local data for ansi-regex@https://registry.npmjs.org/ansi-regex/-/ansi-regex-5.0.1.tgz. Extracting by manifest.
4006 silly tarball no local data for is-typedarray@https://registry.npmjs.org/is-typedarray/-/is-typedarray-1.0.0.tgz. Extracting by manifest.
4007 silly tarball no local data for wrap-ansi@https://registry.npmjs.org/wrap-ansi/-/wrap-ansi-7.0.0.tgz. Extracting by manifest.
4008 silly tarball no local data for get-caller-file@https://registry.npmjs.org/get-caller-file/-/get-caller-file-2.0.5.tgz. Extracting by manifest.
4009 silly tarball no local data for typedarray-to-buffer@https://registry.npmjs.org/typedarray-to-buffer/-/typedarray-to-buffer-3.1.5.tgz. Extracting by manifest.
4010 silly tarball no local data for strip-ansi@https://registry.npmjs.org/strip-ansi/-/strip-ansi-6.0.1.tgz. Extracting by manifest.
4011 silly tarball no local data for imurmurhash@https://registry.npmjs.org/imurmurhash/-/imurmurhash-0.1.4.tgz. Extracting by manifest.
4012 silly tarball no local data for ansi-styles@https://registry.npmjs.org/ansi-styles/-/ansi-styles-4.3.0.tgz. Extracting by manifest.
4013 silly tarball no local data for color-name@https://registry.npmjs.org/color-name/-/color-name-1.1.4.tgz. Extracting by manifest.
4014 silly tarball no local data for color-convert@https://registry.npmjs.org/color-convert/-/color-convert-2.0.1.tgz. Extracting by manifest.
4015 silly tarball no local data for fn.name@https://registry.npmjs.org/fn.name/-/fn.name-1.1.0.tgz. Extracting by manifest.
4016 silly tarball no local data for fecha@https://registry.npmjs.org/fecha/-/fecha-4.2.3.tgz. Extracting by manifest.
4017 silly tarball no local data for @types/triple-beam@https://registry.npmjs.org/@types/triple-beam/-/triple-beam-1.3.5.tgz. Extracting by manifest.
4018 silly tarball no local data for color-name@https://registry.npmjs.org/color-name/-/color-name-2.1.0.tgz. Extracting by manifest.
4019 silly tarball no local data for color-string@https://registry.npmjs.org/color-string/-/color-string-2.1.4.tgz. Extracting by manifest.
4020 silly tarball no local data for color-convert@https://registry.npmjs.org/color-convert/-/color-convert-3.1.3.tgz. Extracting by manifest.
4021 silly tarball no local data for text-hex@https://registry.npmjs.org/text-hex/-/text-hex-1.0.0.tgz. Extracting by manifest.
4022 silly tarball no local data for color@https://registry.npmjs.org/color/-/color-5.0.3.tgz. Extracting by manifest.
4023 silly tarball no local data for kuler@https://registry.npmjs.org/kuler/-/kuler-2.0.0.tgz. Extracting by manifest.
4024 silly tarball no local data for enabled@https://registry.npmjs.org/enabled/-/enabled-2.0.0.tgz. Extracting by manifest.
4025 silly tarball no local data for @so-ric/colorspace@https://registry.npmjs.org/@so-ric/colorspace/-/colorspace-1.1.6.tgz. Extracting by manifest.
4026 silly tarball no local data for stack-trace@https://registry.npmjs.org/stack-trace/-/stack-trace-0.0.10.tgz. Extracting by manifest.
4027 silly tarball no local data for safe-stable-stringify@https://registry.npmjs.org/safe-stable-stringify/-/safe-stable-stringify-2.5.0.tgz. Extracting by manifest.
4028 silly tarball no local data for one-time@https://registry.npmjs.org/one-time/-/one-time-1.0.0.tgz. Extracting by manifest.
4029 silly tarball no local data for logform@https://registry.npmjs.org/logform/-/logform-2.7.0.tgz. Extracting by manifest.
4030 silly tarball no local data for ms@https://registry.npmjs.org/ms/-/ms-2.1.3.tgz. Extracting by manifest.
4031 silly tarball no local data for @colors/colors@https://registry.npmjs.org/@colors/colors/-/colors-1.6.0.tgz. Extracting by manifest.
4032 silly tarball no local data for @dabh/diagnostics@https://registry.npmjs.org/@dabh/diagnostics/-/diagnostics-2.0.8.tgz. Extracting by manifest.
4033 silly tarball no local data for webidl-conversions@https://registry.npmjs.org/webidl-conversions/-/webidl-conversions-3.0.1.tgz. Extracting by manifest.
4034 silly tarball no local data for isexe@https://registry.npmjs.org/isexe/-/isexe-2.0.0.tgz. Extracting by manifest.
4035 silly tarball no local data for tr46@https://registry.npmjs.org/tr46/-/tr46-0.0.3.tgz. Extracting by manifest.
4036 silly tarball no local data for clone@https://registry.npmjs.org/clone/-/clone-1.0.4.tgz. Extracting by manifest.
4037 silly tarball no local data for defaults@https://registry.npmjs.org/defaults/-/defaults-1.0.4.tgz. Extracting by manifest.
4038 silly tarball no local data for strip-json-comments@https://registry.npmjs.org/strip-json-comments/-/strip-json-comments-2.0.1.tgz. Extracting by manifest.
4039 silly tarball no local data for deep-extend@https://registry.npmjs.org/deep-extend/-/deep-extend-0.6.0.tgz. Extracting by manifest.
4040 silly tarball no local data for minimist@https://registry.npmjs.org/minimist/-/minimist-1.2.8.tgz. Extracting by manifest.
4041 silly tarball no local data for rc@https://registry.npmjs.org/rc/-/rc-1.2.8.tgz. Extracting by manifest.
4042 silly tarball no local data for proto-list@https://registry.npmjs.org/proto-list/-/proto-list-1.2.4.tgz. Extracting by manifest.
4043 silly tarball no local data for config-chain@https://registry.npmjs.org/config-chain/-/config-chain-1.1.13.tgz. Extracting by manifest.
4044 silly tarball no local data for ini@https://registry.npmjs.org/ini/-/ini-1.3.8.tgz. Extracting by manifest.
4045 silly tarball no local data for ini@https://registry.npmjs.org/ini/-/ini-1.3.8.tgz. Extracting by manifest.
4046 silly tarball no local data for @pnpm/network.ca-file@https://registry.npmjs.org/@pnpm/network.ca-file/-/network.ca-file-1.0.2.tgz. Extracting by manifest.
4047 silly tarball no local data for graceful-fs@https://registry.npmjs.org/graceful-fs/-/graceful-fs-4.2.10.tgz. Extracting by manifest.
4048 silly tarball no local data for @pnpm/config.env-replace@https://registry.npmjs.org/@pnpm/config.env-replace/-/config.env-replace-1.1.0.tgz. Extracting by manifest.
4049 silly tarball no local data for @pnpm/npm-conf@https://registry.npmjs.org/@pnpm/npm-conf/-/npm-conf-3.0.3.tgz. Extracting by manifest.
4050 silly tarball no local data for escape-goat@https://registry.npmjs.org/escape-goat/-/escape-goat-2.1.1.tgz. Extracting by manifest.
4051 silly tarball no local data for ini@https://registry.npmjs.org/ini/-/ini-2.0.0.tgz. Extracting by manifest.
4052 silly tarball no local data for whatwg-fetch@https://registry.npmjs.org/whatwg-fetch/-/whatwg-fetch-3.6.20.tgz. Extracting by manifest.
4053 silly tarball no local data for is-path-inside@https://registry.npmjs.org/is-path-inside/-/is-path-inside-3.0.3.tgz. Extracting by manifest.
4054 silly tarball no local data for ci-info@https://registry.npmjs.org/ci-info/-/ci-info-2.0.0.tgz. Extracting by manifest.
4055 silly tarball no local data for widest-line@https://registry.npmjs.org/widest-line/-/widest-line-3.1.0.tgz. Extracting by manifest.
4056 silly tarball no local data for global-dirs@https://registry.npmjs.org/global-dirs/-/global-dirs-3.0.1.tgz. Extracting by manifest.
4057 silly tarball no local data for type-fest@https://registry.npmjs.org/type-fest/-/type-fest-0.20.2.tgz. Extracting by manifest.
4058 silly tarball no local data for camelcase@https://registry.npmjs.org/camelcase/-/camelcase-6.3.0.tgz. Extracting by manifest.
4059 silly tarball no local data for cli-boxes@https://registry.npmjs.org/cli-boxes/-/cli-boxes-2.2.1.tgz. Extracting by manifest.
4060 silly tarball no local data for semver-diff@https://registry.npmjs.org/semver-diff/-/semver-diff-3.1.1.tgz. Extracting by manifest.
4061 silly tarball no local data for semver@https://registry.npmjs.org/semver/-/semver-6.3.1.tgz. Extracting by manifest.
4062 silly tarball no local data for ansi-align@https://registry.npmjs.org/ansi-align/-/ansi-align-3.0.1.tgz. Extracting by manifest.
4063 silly tarball no local data for registry-auth-token@https://registry.npmjs.org/registry-auth-token/-/registry-auth-token-5.1.1.tgz. Extracting by manifest.
4064 silly tarball no local data for registry-url@https://registry.npmjs.org/registry-url/-/registry-url-5.1.0.tgz. Extracting by manifest.
4065 silly tarball no local data for pupa@https://registry.npmjs.org/pupa/-/pupa-2.1.1.tgz. Extracting by manifest.
4066 silly tarball no local data for isomorphic-fetch@https://registry.npmjs.org/isomorphic-fetch/-/isomorphic-fetch-3.0.0.tgz. Extracting by manifest.
4067 silly tarball no local data for is-yarn-global@https://registry.npmjs.org/is-yarn-global/-/is-yarn-global-0.3.0.tgz. Extracting by manifest.
4068 silly tarball no local data for is-npm@https://registry.npmjs.org/is-npm/-/is-npm-5.0.0.tgz. Extracting by manifest.
4069 silly tarball no local data for is-installed-globally@https://registry.npmjs.org/is-installed-globally/-/is-installed-globally-0.4.0.tgz. Extracting by manifest.
4070 silly tarball no local data for is-ci@https://registry.npmjs.org/is-ci/-/is-ci-2.0.0.tgz. Extracting by manifest.
4071 silly tarball no local data for has-yarn@https://registry.npmjs.org/has-yarn/-/has-yarn-2.1.0.tgz. Extracting by manifest.
4072 silly tarball no local data for import-lazy@https://registry.npmjs.org/import-lazy/-/import-lazy-2.1.0.tgz. Extracting by manifest.
4073 silly tarball no local data for ansi-regex@https://registry.npmjs.org/ansi-regex/-/ansi-regex-5.0.1.tgz. Extracting by manifest.
4074 silly tarball no local data for boxen@https://registry.npmjs.org/boxen/-/boxen-5.1.2.tgz. Extracting by manifest.
4075 silly tarball no local data for strip-ansi@https://registry.npmjs.org/strip-ansi/-/strip-ansi-6.0.1.tgz. Extracting by manifest.
4076 silly tarball no local data for chalk@https://registry.npmjs.org/chalk/-/chalk-4.1.2.tgz. Extracting by manifest.
4077 silly tarball no local data for media-typer@https://registry.npmjs.org/media-typer/-/media-typer-0.3.0.tgz. Extracting by manifest.
4078 silly tarball no local data for wrap-ansi@https://registry.npmjs.org/wrap-ansi/-/wrap-ansi-7.0.0.tgz. Extracting by manifest.
4079 silly tarball no local data for crypto-random-string@https://registry.npmjs.org/crypto-random-string/-/crypto-random-string-2.0.0.tgz. Extracting by manifest.
4080 silly tarball no local data for is-number@https://registry.npmjs.org/is-number/-/is-number-7.0.0.tgz. Extracting by manifest.
4081 silly tarball no local data for thenify@https://registry.npmjs.org/thenify/-/thenify-3.3.1.tgz. Extracting by manifest.
4082 silly tarball no local data for stubs@https://registry.npmjs.org/stubs/-/stubs-3.0.0.tgz. Extracting by manifest.
4083 silly tarball no local data for stream-events@https://registry.npmjs.org/stream-events/-/stream-events-1.0.5.tgz. Extracting by manifest.
4084 silly tarball no local data for ip-regex@https://registry.npmjs.org/ip-regex/-/ip-regex-2.1.0.tgz. Extracting by manifest.
4085 silly tarball no local data for deep-is@https://registry.npmjs.org/deep-is/-/deep-is-0.1.4.tgz. Extracting by manifest.
4086 silly tarball no local data for is2@https://registry.npmjs.org/is2/-/is2-2.0.1.tgz. Extracting by manifest.
4087 silly tarball no local data for text-decoder@https://registry.npmjs.org/text-decoder/-/text-decoder-1.2.7.tgz. Extracting by manifest.
4088 silly tarball no local data for events-universal@https://registry.npmjs.org/events-universal/-/events-universal-1.0.1.tgz. Extracting by manifest.
4089 silly tarball no local data for bare-os@https://registry.npmjs.org/bare-os/-/bare-os-3.9.3.tgz. Extracting by manifest.
4090 silly tarball no local data for teex@https://registry.npmjs.org/teex/-/teex-1.0.1.tgz. Extracting by manifest.
4091 silly tarball no local data for bare-url@https://registry.npmjs.org/bare-url/-/bare-url-2.4.5.tgz. Extracting by manifest.
4092 silly tarball no local data for bare-stream@https://registry.npmjs.org/bare-stream/-/bare-stream-2.13.3.tgz. Extracting by manifest.
4093 silly tarball no local data for bare-path@https://registry.npmjs.org/bare-path/-/bare-path-3.0.1.tgz. Extracting by manifest.
4094 silly tarball no local data for bare-events@https://registry.npmjs.org/bare-events/-/bare-events-2.9.1.tgz. Extracting by manifest.
4095 silly tarball no local data for streamx@https://registry.npmjs.org/streamx/-/streamx-2.28.0.tgz. Extracting by manifest.
4096 silly tarball no local data for fast-fifo@https://registry.npmjs.org/fast-fifo/-/fast-fifo-1.3.2.tgz. Extracting by manifest.
4097 silly tarball no local data for bare-fs@https://registry.npmjs.org/bare-fs/-/bare-fs-4.7.2.tgz. Extracting by manifest.
4098 silly tarball no local data for b4a@https://registry.npmjs.org/b4a/-/b4a-1.8.1.tgz. Extracting by manifest.
4099 silly tarball no local data for yallist@https://registry.npmjs.org/yallist/-/yallist-5.0.0.tgz. Extracting by manifest.
4100 silly tarball no local data for minizlib@https://registry.npmjs.org/minizlib/-/minizlib-3.1.0.tgz. Extracting by manifest.
4101 silly tarball no local data for supports-color@https://registry.npmjs.org/supports-color/-/supports-color-7.2.0.tgz. Extracting by manifest.
4102 silly tarball no local data for @isaacs/fs-minipass@https://registry.npmjs.org/@isaacs/fs-minipass/-/fs-minipass-4.0.1.tgz. Extracting by manifest.
4103 silly tarball no local data for has-flag@https://registry.npmjs.org/has-flag/-/has-flag-4.0.0.tgz. Extracting by manifest.
4104 silly tarball no local data for chownr@https://registry.npmjs.org/chownr/-/chownr-3.0.0.tgz. Extracting by manifest.
4105 silly tarball no local data for is-promise@https://registry.npmjs.org/is-promise/-/is-promise-4.0.0.tgz. Extracting by manifest.
4106 silly tarball no local data for abbrev@https://registry.npmjs.org/abbrev/-/abbrev-5.0.0.tgz. Extracting by manifest.
4107 silly tarball no local data for undici@https://registry.npmjs.org/undici/-/undici-6.27.0.tgz. Extracting by manifest.
4108 silly tarball no local data for tinyglobby@https://registry.npmjs.org/tinyglobby/-/tinyglobby-0.2.17.tgz. Extracting by manifest.
4109 silly tarball no local data for picomatch@https://registry.npmjs.org/picomatch/-/picomatch-4.0.4.tgz. Extracting by manifest.
4110 silly tarball no local data for proc-log@https://registry.npmjs.org/proc-log/-/proc-log-7.0.0.tgz. Extracting by manifest.
4111 silly tarball no local data for fdir@https://registry.npmjs.org/fdir/-/fdir-6.5.0.tgz. Extracting by manifest.
4112 silly tarball no local data for exponential-backoff@https://registry.npmjs.org/exponential-backoff/-/exponential-backoff-3.1.3.tgz. Extracting by manifest.
4113 silly tarball no local data for env-paths@https://registry.npmjs.org/env-paths/-/env-paths-2.2.1.tgz. Extracting by manifest.
4114 silly tarball no local data for nopt@https://registry.npmjs.org/nopt/-/nopt-10.0.1.tgz. Extracting by manifest.
4115 silly tarball no local data for node-gyp@https://registry.npmjs.org/node-gyp/-/node-gyp-13.0.0.tgz. Extracting by manifest.
4116 silly tarball no local data for isexe@https://registry.npmjs.org/isexe/-/isexe-4.0.0.tgz. Extracting by manifest.
4117 silly tarball no local data for which@https://registry.npmjs.org/which/-/which-7.0.0.tgz. Extracting by manifest.
4118 silly tarball no local data for nan@https://registry.npmjs.org/nan/-/nan-2.28.0.tgz. Extracting by manifest.
4119 silly tarball no local data for install-artifact-from-github@https://registry.npmjs.org/install-artifact-from-github/-/install-artifact-from-github-1.6.0.tgz. Extracting by manifest.
4120 silly tarball no local data for lodash._objecttypes@https://registry.npmjs.org/lodash._objecttypes/-/lodash._objecttypes-2.4.1.tgz. Extracting by manifest.
4121 silly tarball no local data for valid-url@https://registry.npmjs.org/valid-url/-/valid-url-1.0.9.tgz. Extracting by manifest.
4122 silly tarball no local data for url-join@https://registry.npmjs.org/url-join/-/url-join-0.0.1.tgz. Extracting by manifest.
4123 silly tarball no local data for as-array@https://registry.npmjs.org/as-array/-/as-array-2.0.0.tgz. Extracting by manifest.
4124 silly tarball no local data for toxic@https://registry.npmjs.org/toxic/-/toxic-1.0.1.tgz. Extracting by manifest.
4125 silly tarball no local data for lodash.isobject@https://registry.npmjs.org/lodash.isobject/-/lodash.isobject-2.4.1.tgz. Extracting by manifest.
4126 silly tarball no local data for glob-slash@https://registry.npmjs.org/glob-slash/-/glob-slash-1.0.0.tgz. Extracting by manifest.
4127 silly tarball no local data for compressible@https://registry.npmjs.org/compressible/-/compressible-2.0.18.tgz. Extracting by manifest.
4128 silly tarball no local data for tsscmp@https://registry.npmjs.org/tsscmp/-/tsscmp-1.0.6.tgz. Extracting by manifest.
4129 silly tarball no local data for router@https://registry.npmjs.org/router/-/router-2.2.0.tgz. Extracting by manifest.
4130 silly tarball no local data for ms@https://registry.npmjs.org/ms/-/ms-2.1.3.tgz. Extracting by manifest.
4131 silly tarball no local data for path-to-regexp@https://registry.npmjs.org/path-to-regexp/-/path-to-regexp-8.4.2.tgz. Extracting by manifest.
4132 silly tarball no local data for debug@https://registry.npmjs.org/debug/-/debug-4.4.3.tgz. Extracting by manifest.
4133 silly tarball no local data for re2@https://registry.npmjs.org/re2/-/re2-1.25.0.tgz. Extracting by manifest.
4134 silly tarball no local data for join-path@https://registry.npmjs.org/join-path/-/join-path-1.1.1.tgz. Extracting by manifest.
4135 silly tarball no local data for is-url@https://registry.npmjs.org/is-url/-/is-url-1.2.4.tgz. Extracting by manifest.
4136 silly tarball no local data for glob-slasher@https://registry.npmjs.org/glob-slasher/-/glob-slasher-1.0.1.tgz. Extracting by manifest.
4137 silly tarball no local data for connect@https://registry.npmjs.org/connect/-/connect-3.7.0.tgz. Extracting by manifest.
4138 silly tarball no local data for statuses@https://registry.npmjs.org/statuses/-/statuses-1.5.0.tgz. Extracting by manifest.
4139 silly tarball no local data for on-finished@https://registry.npmjs.org/on-finished/-/on-finished-2.3.0.tgz. Extracting by manifest.
4140 silly tarball no local data for finalhandler@https://registry.npmjs.org/finalhandler/-/finalhandler-1.1.2.tgz. Extracting by manifest.
4141 silly tarball no local data for encodeurl@https://registry.npmjs.org/encodeurl/-/encodeurl-1.0.2.tgz. Extracting by manifest.
4142 silly tarball no local data for compression@https://registry.npmjs.org/compression/-/compression-1.8.1.tgz. Extracting by manifest.
4143 silly tarball no local data for negotiator@https://registry.npmjs.org/negotiator/-/negotiator-0.6.4.tgz. Extracting by manifest.
4144 silly tarball no local data for is-fullwidth-code-point@https://registry.npmjs.org/is-fullwidth-code-point/-/is-fullwidth-code-point-3.0.0.tgz. Extracting by manifest.
4145 silly tarball no local data for basic-auth-connect@https://registry.npmjs.org/basic-auth-connect/-/basic-auth-connect-1.1.0.tgz. Extracting by manifest.
4146 silly tarball no local data for ret@https://registry.npmjs.org/ret/-/ret-0.1.15.tgz. Extracting by manifest.
4147 silly tarball no local data for emoji-regex@https://registry.npmjs.org/emoji-regex/-/emoji-regex-8.0.0.tgz. Extracting by manifest.
4148 silly tarball no local data for discontinuous-range@https://registry.npmjs.org/discontinuous-range/-/discontinuous-range-1.0.0.tgz. Extracting by manifest.
4149 silly tarball no local data for railroad-diagrams@https://registry.npmjs.org/railroad-diagrams/-/railroad-diagrams-1.0.0.tgz. Extracting by manifest.
4150 silly tarball no local data for randexp@https://registry.npmjs.org/randexp/-/randexp-0.4.6.tgz. Extracting by manifest.
4151 silly tarball no local data for moo@https://registry.npmjs.org/moo/-/moo-0.5.3.tgz. Extracting by manifest.
4152 silly tarball no local data for nearley@https://registry.npmjs.org/nearley/-/nearley-2.20.1.tgz. Extracting by manifest.
4153 silly tarball no local data for commander@https://registry.npmjs.org/commander/-/commander-2.20.3.tgz. Extracting by manifest.
4154 silly tarball no local data for socks@https://registry.npmjs.org/socks/-/socks-2.8.9.tgz. Extracting by manifest.
4155 silly tarball no local data for smart-buffer@https://registry.npmjs.org/smart-buffer/-/smart-buffer-4.2.0.tgz. Extracting by manifest.
4156 silly tarball no local data for unicode-emoji-modifier-base@https://registry.npmjs.org/unicode-emoji-modifier-base/-/unicode-emoji-modifier-base-1.0.0.tgz. Extracting by manifest.
4157 silly tarball no local data for call-bound@https://registry.npmjs.org/call-bound/-/call-bound-1.0.4.tgz. Extracting by manifest.
4158 silly tarball no local data for side-channel-weakmap@https://registry.npmjs.org/side-channel-weakmap/-/side-channel-weakmap-1.0.2.tgz. Extracting by manifest.
4159 silly tarball no local data for side-channel-map@https://registry.npmjs.org/side-channel-map/-/side-channel-map-1.0.1.tgz. Extracting by manifest.
4160 silly tarball no local data for side-channel-list@https://registry.npmjs.org/side-channel-list/-/side-channel-list-1.0.1.tgz. Extracting by manifest.
4161 silly tarball no local data for object-inspect@https://registry.npmjs.org/object-inspect/-/object-inspect-1.13.4.tgz. Extracting by manifest.
4162 silly tarball no local data for shebang-regex@https://registry.npmjs.org/shebang-regex/-/shebang-regex-3.0.0.tgz. Extracting by manifest.
4163 silly tarball no local data for teeny-request@https://registry.npmjs.org/teeny-request/-/teeny-request-10.1.3.tgz. Extracting by manifest.
4164 silly tarball no local data for data-uri-to-buffer@https://registry.npmjs.org/data-uri-to-buffer/-/data-uri-to-buffer-4.0.1.tgz. Extracting by manifest.
4165 silly tarball no local data for node-fetch@https://registry.npmjs.org/node-fetch/-/node-fetch-3.3.2.tgz. Extracting by manifest.
4166 silly tarball no local data for onetime@https://registry.npmjs.org/onetime/-/onetime-5.1.2.tgz. Extracting by manifest.
4167 silly tarball no local data for mimic-fn@https://registry.npmjs.org/mimic-fn/-/mimic-fn-2.1.0.tgz. Extracting by manifest.
4168 silly tarball no local data for string_decoder@https://registry.npmjs.org/string_decoder/-/string_decoder-1.3.0.tgz. Extracting by manifest.
4169 silly tarball no local data for process@https://registry.npmjs.org/process/-/process-0.11.10.tgz. Extracting by manifest.
4170 silly tarball no local data for events@https://registry.npmjs.org/events/-/events-3.3.0.tgz. Extracting by manifest.
4171 silly tarball no local data for side-channel@https://registry.npmjs.org/side-channel/-/side-channel-1.1.1.tgz. Extracting by manifest.
4172 silly tarball no local data for source-map@https://registry.npmjs.org/source-map/-/source-map-0.6.1.tgz. Extracting by manifest.
4173 silly tarball no local data for esutils@https://registry.npmjs.org/esutils/-/esutils-2.0.3.tgz. Extracting by manifest.
4174 silly tarball no local data for estraverse@https://registry.npmjs.org/estraverse/-/estraverse-5.3.0.tgz. Extracting by manifest.
4175 silly tarball no local data for tslib@https://registry.npmjs.org/tslib/-/tslib-2.8.1.tgz. Extracting by manifest.
4176 silly tarball no local data for esprima@https://registry.npmjs.org/esprima/-/esprima-4.0.1.tgz. Extracting by manifest.
4177 silly tarball no local data for escodegen@https://registry.npmjs.org/escodegen/-/escodegen-2.1.0.tgz. Extracting by manifest.
4178 silly tarball no local data for ast-types@https://registry.npmjs.org/ast-types/-/ast-types-0.13.4.tgz. Extracting by manifest.
4179 silly tarball no local data for netmask@https://registry.npmjs.org/netmask/-/netmask-2.1.1.tgz. Extracting by manifest.
4180 silly tarball no local data for data-uri-to-buffer@https://registry.npmjs.org/data-uri-to-buffer/-/data-uri-to-buffer-6.0.2.tgz. Extracting by manifest.
4181 silly tarball no local data for basic-ftp@https://registry.npmjs.org/basic-ftp/-/basic-ftp-5.3.1.tgz. Extracting by manifest.
4182 silly tarball no local data for pac-resolver@https://registry.npmjs.org/pac-resolver/-/pac-resolver-7.0.1.tgz. Extracting by manifest.
4183 silly tarball no local data for get-uri@https://registry.npmjs.org/get-uri/-/get-uri-6.0.5.tgz. Extracting by manifest.
4184 silly tarball no local data for degenerator@https://registry.npmjs.org/degenerator/-/degenerator-5.0.1.tgz. Extracting by manifest.
4185 silly tarball no local data for ms@https://registry.npmjs.org/ms/-/ms-2.1.3.tgz. Extracting by manifest.
4186 silly tarball no local data for debug@https://registry.npmjs.org/debug/-/debug-4.4.3.tgz. Extracting by manifest.
4187 silly tarball no local data for socks-proxy-agent@https://registry.npmjs.org/socks-proxy-agent/-/socks-proxy-agent-8.0.5.tgz. Extracting by manifest.
4188 silly tarball no local data for @tootallnate/quickjs-emscripten@https://registry.npmjs.org/@tootallnate/quickjs-emscripten/-/quickjs-emscripten-0.23.0.tgz. Extracting by manifest.
4189 silly tarball no local data for ms@https://registry.npmjs.org/ms/-/ms-2.1.3.tgz. Extracting by manifest.
4190 silly tarball no local data for debug@https://registry.npmjs.org/debug/-/debug-4.4.3.tgz. Extracting by manifest.
4191 silly tarball no local data for ms@https://registry.npmjs.org/ms/-/ms-2.1.3.tgz. Extracting by manifest.
4192 silly tarball no local data for pac-proxy-agent@https://registry.npmjs.org/pac-proxy-agent/-/pac-proxy-agent-7.2.0.tgz. Extracting by manifest.
4193 silly tarball no local data for debug@https://registry.npmjs.org/debug/-/debug-4.4.3.tgz. Extracting by manifest.
4194 silly tarball no local data for proxy-from-env@https://registry.npmjs.org/proxy-from-env/-/proxy-from-env-1.1.0.tgz. Extracting by manifest.
4195 silly tarball no local data for http-proxy-agent@https://registry.npmjs.org/http-proxy-agent/-/http-proxy-agent-7.0.2.tgz. Extracting by manifest.
4196 silly tarball no local data for debug@https://registry.npmjs.org/debug/-/debug-4.4.3.tgz. Extracting by manifest.
4197 silly tarball no local data for ms@https://registry.npmjs.org/ms/-/ms-2.1.3.tgz. Extracting by manifest.
4198 silly tarball no local data for ipaddr.js@https://registry.npmjs.org/ipaddr.js/-/ipaddr.js-1.9.1.tgz. Extracting by manifest.
4199 silly tarball no local data for undici-types@https://registry.npmjs.org/undici-types/-/undici-types-8.3.0.tgz. Extracting by manifest.
4200 silly tarball no local data for forwarded@https://registry.npmjs.org/forwarded/-/forwarded-0.2.0.tgz. Extracting by manifest.
4201 silly tarball no local data for @types/node@https://registry.npmjs.org/@types/node/-/node-26.1.0.tgz. Extracting by manifest.
4202 silly tarball no local data for @protobufjs/utf8@https://registry.npmjs.org/@protobufjs/utf8/-/utf8-1.1.1.tgz. Extracting by manifest.
4203 silly tarball no local data for @protobufjs/pool@https://registry.npmjs.org/@protobufjs/pool/-/pool-1.1.0.tgz. Extracting by manifest.
4204 silly tarball no local data for @protobufjs/path@https://registry.npmjs.org/@protobufjs/path/-/path-1.1.2.tgz. Extracting by manifest.
4205 silly tarball no local data for @protobufjs/fetch@https://registry.npmjs.org/@protobufjs/fetch/-/fetch-1.1.1.tgz. Extracting by manifest.
4206 silly tarball no local data for @protobufjs/float@https://registry.npmjs.org/@protobufjs/float/-/float-1.0.2.tgz. Extracting by manifest.
4207 silly tarball no local data for @protobufjs/eventemitter@https://registry.npmjs.org/@protobufjs/eventemitter/-/eventemitter-1.1.1.tgz. Extracting by manifest.
4208 silly tarball no local data for @protobufjs/codegen@https://registry.npmjs.org/@protobufjs/codegen/-/codegen-2.0.5.tgz. Extracting by manifest.
4209 silly tarball no local data for @protobufjs/base64@https://registry.npmjs.org/@protobufjs/base64/-/base64-1.1.2.tgz. Extracting by manifest.
4210 silly tarball no local data for @protobufjs/aspromise@https://registry.npmjs.org/@protobufjs/aspromise/-/aspromise-1.1.2.tgz. Extracting by manifest.
4211 silly tarball no local data for xtend@https://registry.npmjs.org/xtend/-/xtend-4.0.2.tgz. Extracting by manifest.
4212 silly tarball no local data for split2@https://registry.npmjs.org/split2/-/split2-4.2.0.tgz. Extracting by manifest.
4213 silly tarball no local data for postgres-interval@https://registry.npmjs.org/postgres-interval/-/postgres-interval-1.2.0.tgz. Extracting by manifest.
4214 silly tarball no local data for postgres-date@https://registry.npmjs.org/postgres-date/-/postgres-date-1.0.7.tgz. Extracting by manifest.
4215 silly tarball no local data for postgres-bytea@https://registry.npmjs.org/postgres-bytea/-/postgres-bytea-1.0.1.tgz. Extracting by manifest.
4216 silly tarball no local data for pg-int8@https://registry.npmjs.org/pg-int8/-/pg-int8-1.0.1.tgz. Extracting by manifest.
4217 silly tarball no local data for postgres-array@https://registry.npmjs.org/postgres-array/-/postgres-array-2.0.0.tgz. Extracting by manifest.
4218 silly tarball no local data for pgpass@https://registry.npmjs.org/pgpass/-/pgpass-1.0.5.tgz. Extracting by manifest.
4219 silly tarball no local data for pg-types@https://registry.npmjs.org/pg-types/-/pg-types-2.2.0.tgz. Extracting by manifest.
4220 silly tarball no local data for pg-protocol@https://registry.npmjs.org/pg-protocol/-/pg-protocol-1.15.0.tgz. Extracting by manifest.
4221 silly tarball no local data for pg-pool@https://registry.npmjs.org/pg-pool/-/pg-pool-3.14.0.tgz. Extracting by manifest.
4222 silly tarball no local data for pg-cloudflare@https://registry.npmjs.org/pg-cloudflare/-/pg-cloudflare-1.4.0.tgz. Extracting by manifest.
4223 silly tarball no local data for pg-connection-string@https://registry.npmjs.org/pg-connection-string/-/pg-connection-string-2.14.0.tgz. Extracting by manifest.
4224 silly tarball no local data for lru-cache@https://registry.npmjs.org/lru-cache/-/lru-cache-10.4.3.tgz. Extracting by manifest.
4225 silly tarball no local data for restore-cursor@https://registry.npmjs.org/restore-cursor/-/restore-cursor-3.1.0.tgz. Extracting by manifest.
4226 silly tarball no local data for signal-exit@https://registry.npmjs.org/signal-exit/-/signal-exit-3.0.7.tgz. Extracting by manifest.
4227 silly tarball no local data for ieee754@https://registry.npmjs.org/ieee754/-/ieee754-1.2.1.tgz. Extracting by manifest.
4228 silly tarball no local data for buffer@https://registry.npmjs.org/buffer/-/buffer-5.7.1.tgz. Extracting by manifest.
4229 silly tarball no local data for log-symbols@https://registry.npmjs.org/log-symbols/-/log-symbols-4.1.0.tgz. Extracting by manifest.
4230 silly tarball no local data for wcwidth@https://registry.npmjs.org/wcwidth/-/wcwidth-1.0.1.tgz. Extracting by manifest.
4231 silly tarball no local data for is-unicode-supported@https://registry.npmjs.org/is-unicode-supported/-/is-unicode-supported-0.1.0.tgz. Extracting by manifest.
4232 silly tarball no local data for chalk@https://registry.npmjs.org/chalk/-/chalk-4.1.2.tgz. Extracting by manifest.
4233 silly tarball no local data for is-interactive@https://registry.npmjs.org/is-interactive/-/is-interactive-1.0.0.tgz. Extracting by manifest.
4234 silly tarball no local data for cli-spinners@https://registry.npmjs.org/cli-spinners/-/cli-spinners-2.9.2.tgz. Extracting by manifest.
4235 silly tarball no local data for cli-cursor@https://registry.npmjs.org/cli-cursor/-/cli-cursor-3.1.0.tgz. Extracting by manifest.
4236 silly tarball no local data for bl@https://registry.npmjs.org/bl/-/bl-4.1.0.tgz. Extracting by manifest.
4237 silly tarball no local data for is-wsl@https://registry.npmjs.org/is-wsl/-/is-wsl-1.1.0.tgz. Extracting by manifest.
4238 silly tarball no local data for readable-stream@https://registry.npmjs.org/readable-stream/-/readable-stream-3.6.2.tgz. Extracting by manifest.
4239 silly tarball no local data for ee-first@https://registry.npmjs.org/ee-first/-/ee-first-1.1.1.tgz. Extracting by manifest.
4240 silly tarball no local data for wrappy@https://registry.npmjs.org/wrappy/-/wrappy-1.0.2.tgz. Extracting by manifest.
4241 silly tarball no local data for whatwg-url@https://registry.npmjs.org/whatwg-url/-/whatwg-url-5.0.0.tgz. Extracting by manifest.
4242 silly tarball no local data for skin-tone@https://registry.npmjs.org/skin-tone/-/skin-tone-2.0.0.tgz. Extracting by manifest.
4243 silly tarball no local data for char-regex@https://registry.npmjs.org/char-regex/-/char-regex-1.0.2.tgz. Extracting by manifest.
4244 silly tarball no local data for emojilib@https://registry.npmjs.org/emojilib/-/emojilib-2.4.0.tgz. Extracting by manifest.
4245 silly tarball no local data for thenify-all@https://registry.npmjs.org/thenify-all/-/thenify-all-1.6.0.tgz. Extracting by manifest.
4246 silly tarball no local data for @sindresorhus/is@https://registry.npmjs.org/@sindresorhus/is/-/is-4.6.0.tgz. Extracting by manifest.
4247 silly tarball no local data for any-promise@https://registry.npmjs.org/any-promise/-/any-promise-1.3.0.tgz. Extracting by manifest.
4248 silly tarball no local data for on-headers@https://registry.npmjs.org/on-headers/-/on-headers-1.1.0.tgz. Extracting by manifest.
4249 silly tarball no local data for basic-auth@https://registry.npmjs.org/basic-auth/-/basic-auth-2.0.1.tgz. Extracting by manifest.
4250 silly tarball no local data for safe-buffer@https://registry.npmjs.org/safe-buffer/-/safe-buffer-5.1.2.tgz. Extracting by manifest.
4251 silly tarball no local data for concat-map@https://registry.npmjs.org/concat-map/-/concat-map-0.0.1.tgz. Extracting by manifest.
4252 silly tarball no local data for balanced-match@https://registry.npmjs.org/balanced-match/-/balanced-match-1.0.2.tgz. Extracting by manifest.
4253 silly tarball no local data for brace-expansion@https://registry.npmjs.org/brace-expansion/-/brace-expansion-1.1.15.tgz. Extracting by manifest.
4254 silly tarball no local data for mime-db@https://registry.npmjs.org/mime-db/-/mime-db-1.52.0.tgz. Extracting by manifest.
4255 silly tarball no local data for parse5-htmlparser2-tree-adapter@https://registry.npmjs.org/parse5-htmlparser2-tree-adapter/-/parse5-htmlparser2-tree-adapter-6.0.1.tgz. Extracting by manifest.
4256 silly tarball no local data for parse5@https://registry.npmjs.org/parse5/-/parse5-6.0.1.tgz. Extracting by manifest.
4257 silly tarball no local data for parse5@https://registry.npmjs.org/parse5/-/parse5-5.1.1.tgz. Extracting by manifest.
4258 silly tarball no local data for mz@https://registry.npmjs.org/mz/-/mz-2.7.0.tgz. Extracting by manifest.
4259 silly tarball no local data for highlight.js@https://registry.npmjs.org/highlight.js/-/highlight.js-10.7.3.tgz. Extracting by manifest.
4260 silly tarball no local data for supports-hyperlinks@https://registry.npmjs.org/supports-hyperlinks/-/supports-hyperlinks-3.2.0.tgz. Extracting by manifest.
4261 silly tarball no local data for node-emoji@https://registry.npmjs.org/node-emoji/-/node-emoji-2.2.0.tgz. Extracting by manifest.
4262 silly tarball no local data for environment@https://registry.npmjs.org/environment/-/environment-1.1.0.tgz. Extracting by manifest.
4263 silly tarball no local data for cli-highlight@https://registry.npmjs.org/cli-highlight/-/cli-highlight-2.1.11.tgz. Extracting by manifest.
4264 silly tarball no local data for ansi-regex@https://registry.npmjs.org/ansi-regex/-/ansi-regex-5.0.1.tgz. Extracting by manifest.
4265 silly tarball no local data for wrap-ansi@https://registry.npmjs.org/wrap-ansi/-/wrap-ansi-7.0.0.tgz. Extracting by manifest.
4266 silly tarball no local data for strip-ansi@https://registry.npmjs.org/strip-ansi/-/strip-ansi-6.0.1.tgz. Extracting by manifest.
4267 silly tarball no local data for yargs-parser@https://registry.npmjs.org/yargs-parser/-/yargs-parser-20.2.9.tgz. Extracting by manifest.
4268 silly tarball no local data for cliui@https://registry.npmjs.org/cliui/-/cliui-7.0.4.tgz. Extracting by manifest.
4269 silly tarball no local data for yargs@https://registry.npmjs.org/yargs/-/yargs-16.2.2.tgz. Extracting by manifest.
4270 silly tarball no local data for chalk@https://registry.npmjs.org/chalk/-/chalk-4.1.2.tgz. Extracting by manifest.
4271 silly tarball no local data for ansi-regex@https://registry.npmjs.org/ansi-regex/-/ansi-regex-6.2.2.tgz. Extracting by manifest.
4272 silly tarball no local data for chalk@https://registry.npmjs.org/chalk/-/chalk-5.6.2.tgz. Extracting by manifest.
4273 silly tarball no local data for ansi-escapes@https://registry.npmjs.org/ansi-escapes/-/ansi-escapes-7.3.0.tgz. Extracting by manifest.
4274 silly tarball no local data for libsodium@https://registry.npmjs.org/libsodium/-/libsodium-0.7.16.tgz. Extracting by manifest.
4275 silly tarball no local data for buffer-equal-constant-time@https://registry.npmjs.org/buffer-equal-constant-time/-/buffer-equal-constant-time-1.0.1.tgz. Extracting by manifest.
4276 silly tarball no local data for jwa@https://registry.npmjs.org/jwa/-/jwa-2.0.1.tgz. Extracting by manifest.
4277 silly tarball no local data for lodash.once@https://registry.npmjs.org/lodash.once/-/lodash.once-4.1.1.tgz. Extracting by manifest.
4278 silly tarball no local data for lodash.isstring@https://registry.npmjs.org/lodash.isstring/-/lodash.isstring-4.0.1.tgz. Extracting by manifest.
4279 silly tarball no local data for lodash.isplainobject@https://registry.npmjs.org/lodash.isplainobject/-/lodash.isplainobject-4.0.6.tgz. Extracting by manifest.
4280 silly tarball no local data for lodash.isnumber@https://registry.npmjs.org/lodash.isnumber/-/lodash.isnumber-3.0.3.tgz. Extracting by manifest.
4281 silly tarball no local data for lodash.isinteger@https://registry.npmjs.org/lodash.isinteger/-/lodash.isinteger-4.0.4.tgz. Extracting by manifest.
4282 silly tarball no local data for lodash.isboolean@https://registry.npmjs.org/lodash.isboolean/-/lodash.isboolean-3.0.3.tgz. Extracting by manifest.
4283 silly tarball no local data for lodash.includes@https://registry.npmjs.org/lodash.includes/-/lodash.includes-4.3.0.tgz. Extracting by manifest.
4284 silly tarball no local data for jju@https://registry.npmjs.org/jju/-/jju-1.4.0.tgz. Extracting by manifest.
4285 silly tarball no local data for bignumber.js@https://registry.npmjs.org/bignumber.js/-/bignumber.js-9.3.1.tgz. Extracting by manifest.
4286 silly tarball no local data for argparse@https://registry.npmjs.org/argparse/-/argparse-2.0.1.tgz. Extracting by manifest.
4287 silly tarball no local data for wrap-ansi-cjs@https://registry.npmjs.org/wrap-ansi/-/wrap-ansi-7.0.0.tgz. Extracting by manifest.
4288 silly tarball no local data for ansi-regex@https://registry.npmjs.org/ansi-regex/-/ansi-regex-5.0.1.tgz. Extracting by manifest.
4289 silly tarball no local data for strip-ansi-cjs@https://registry.npmjs.org/strip-ansi/-/strip-ansi-6.0.1.tgz. Extracting by manifest.
4290 silly tarball no local data for ansi-regex@https://registry.npmjs.org/ansi-regex/-/ansi-regex-5.0.1.tgz. Extracting by manifest.
4291 silly tarball no local data for strip-ansi@https://registry.npmjs.org/strip-ansi/-/strip-ansi-6.0.1.tgz. Extracting by manifest.
4292 silly tarball no local data for string-width-cjs@https://registry.npmjs.org/string-width/-/string-width-4.2.3.tgz. Extracting by manifest.
4293 silly tarball no local data for strip-ansi@https://registry.npmjs.org/strip-ansi/-/strip-ansi-7.2.0.tgz. Extracting by manifest.
4294 silly tarball no local data for ansi-regex@https://registry.npmjs.org/ansi-regex/-/ansi-regex-5.0.1.tgz. Extracting by manifest.
4295 silly tarball no local data for @pkgjs/parseargs@https://registry.npmjs.org/@pkgjs/parseargs/-/parseargs-0.11.0.tgz. Extracting by manifest.
4296 silly tarball no local data for strip-ansi@https://registry.npmjs.org/strip-ansi/-/strip-ansi-6.0.1.tgz. Extracting by manifest.
4297 silly tarball no local data for @isaacs/cliui@https://registry.npmjs.org/@isaacs/cliui/-/cliui-8.0.2.tgz. Extracting by manifest.
4298 silly tarball no local data for ansi-styles@https://registry.npmjs.org/ansi-styles/-/ansi-styles-6.2.3.tgz. Extracting by manifest.
4299 silly tarball no local data for emoji-regex@https://registry.npmjs.org/emoji-regex/-/emoji-regex-9.2.2.tgz. Extracting by manifest.
4300 silly tarball no local data for wrap-ansi@https://registry.npmjs.org/wrap-ansi/-/wrap-ansi-8.1.0.tgz. Extracting by manifest.
4301 silly tarball no local data for is-extglob@https://registry.npmjs.org/is-extglob/-/is-extglob-2.1.1.tgz. Extracting by manifest.
4302 silly tarball no local data for string-width@https://registry.npmjs.org/string-width/-/string-width-5.1.2.tgz. Extracting by manifest.
4303 silly tarball no local data for binary-extensions@https://registry.npmjs.org/binary-extensions/-/binary-extensions-2.3.0.tgz. Extracting by manifest.
4304 silly tarball no local data for safer-buffer@https://registry.npmjs.org/safer-buffer/-/safer-buffer-2.1.2.tgz. Extracting by manifest.
4305 silly tarball no local data for agent-base@https://registry.npmjs.org/agent-base/-/agent-base-7.1.4.tgz. Extracting by manifest.
4306 silly tarball no local data for toidentifier@https://registry.npmjs.org/toidentifier/-/toidentifier-1.0.1.tgz. Extracting by manifest.
4307 silly tarball no local data for url-template@https://registry.npmjs.org/url-template/-/url-template-2.0.8.tgz. Extracting by manifest.
4308 silly tarball no local data for once@https://registry.npmjs.org/once/-/once-1.4.0.tgz. Extracting by manifest.
4309 silly tarball no local data for stream-shift@https://registry.npmjs.org/stream-shift/-/stream-shift-1.0.3.tgz. Extracting by manifest.
4310 silly tarball no local data for inherits@https://registry.npmjs.org/inherits/-/inherits-2.0.4.tgz. Extracting by manifest.
4311 silly tarball no local data for end-of-stream@https://registry.npmjs.org/end-of-stream/-/end-of-stream-1.4.5.tgz. Extracting by manifest.
4312 silly tarball no local data for yargs@https://registry.npmjs.org/yargs/-/yargs-17.7.3.tgz. Extracting by manifest.
4313 silly tarball no local data for lodash.camelcase@https://registry.npmjs.org/lodash.camelcase/-/lodash.camelcase-4.3.0.tgz. Extracting by manifest.
4314 silly tarball no local data for rimraf@https://registry.npmjs.org/rimraf/-/rimraf-5.0.10.tgz. Extracting by manifest.
4315 silly tarball no local data for @js-sdsl/ordered-map@https://registry.npmjs.org/@js-sdsl/ordered-map/-/ordered-map-4.4.2.tgz. Extracting by manifest.
4316 silly tarball no local data for retry-request@https://registry.npmjs.org/retry-request/-/retry-request-8.0.3.tgz. Extracting by manifest.
4317 silly tarball no local data for protobufjs@https://registry.npmjs.org/protobufjs/-/protobufjs-7.6.4.tgz. Extracting by manifest.
4318 silly tarball no local data for proto3-json-serializer@https://registry.npmjs.org/proto3-json-serializer/-/proto3-json-serializer-3.0.4.tgz. Extracting by manifest.
4319 silly tarball no local data for object-hash@https://registry.npmjs.org/object-hash/-/object-hash-3.0.0.tgz. Extracting by manifest.
4320 silly tarball no local data for duplexify@https://registry.npmjs.org/duplexify/-/duplexify-4.1.3.tgz. Extracting by manifest.
4321 silly tarball no local data for @grpc/grpc-js@https://registry.npmjs.org/@grpc/grpc-js/-/grpc-js-1.14.4.tgz. Extracting by manifest.
4322 silly tarball no local data for readable-stream@https://registry.npmjs.org/readable-stream/-/readable-stream-3.6.2.tgz. Extracting by manifest.
4323 silly tarball no local data for @grpc/proto-loader@https://registry.npmjs.org/@grpc/proto-loader/-/proto-loader-0.8.1.tgz. Extracting by manifest.
4324 silly tarball no local data for jws@https://registry.npmjs.org/jws/-/jws-4.0.1.tgz. Extracting by manifest.
4325 silly tarball no local data for json-bigint@https://registry.npmjs.org/json-bigint/-/json-bigint-1.0.0.tgz. Extracting by manifest.
4326 silly tarball no local data for gtoken@https://registry.npmjs.org/gtoken/-/gtoken-7.1.0.tgz. Extracting by manifest.
4327 silly tarball no local data for gcp-metadata@https://registry.npmjs.org/gcp-metadata/-/gcp-metadata-6.1.1.tgz. Extracting by manifest.
4328 silly tarball no local data for ecdsa-sig-formatter@https://registry.npmjs.org/ecdsa-sig-formatter/-/ecdsa-sig-formatter-1.0.11.tgz. Extracting by manifest.
4329 silly tarball no local data for google-logging-utils@https://registry.npmjs.org/google-logging-utils/-/google-logging-utils-0.0.2.tgz. Extracting by manifest.
4330 silly tarball no local data for base64-js@https://registry.npmjs.org/base64-js/-/base64-js-1.5.1.tgz. Extracting by manifest.
4331 silly tarball no local data for path-scurry@https://registry.npmjs.org/path-scurry/-/path-scurry-1.11.1.tgz. Extracting by manifest.
4332 silly tarball no local data for package-json-from-dist@https://registry.npmjs.org/package-json-from-dist/-/package-json-from-dist-1.0.1.tgz. Extracting by manifest.
4333 silly tarball no local data for minipass@https://registry.npmjs.org/minipass/-/minipass-7.1.3.tgz. Extracting by manifest.
4334 silly tarball no local data for foreground-child@https://registry.npmjs.org/foreground-child/-/foreground-child-3.3.1.tgz. Extracting by manifest.
4335 silly tarball no local data for jackspeak@https://registry.npmjs.org/jackspeak/-/jackspeak-3.4.3.tgz. Extracting by manifest.
4336 silly tarball no local data for dunder-proto@https://registry.npmjs.org/dunder-proto/-/dunder-proto-1.0.1.tgz. Extracting by manifest.
4337 silly tarball no local data for has-symbols@https://registry.npmjs.org/has-symbols/-/has-symbols-1.1.0.tgz. Extracting by manifest.
4338 silly tarball no local data for math-intrinsics@https://registry.npmjs.org/math-intrinsics/-/math-intrinsics-1.1.0.tgz. Extracting by manifest.
4339 silly tarball no local data for gopd@https://registry.npmjs.org/gopd/-/gopd-1.2.0.tgz. Extracting by manifest.
4340 silly tarball no local data for get-proto@https://registry.npmjs.org/get-proto/-/get-proto-1.0.1.tgz. Extracting by manifest.
4341 silly tarball no local data for function-bind@https://registry.npmjs.org/function-bind/-/function-bind-1.1.2.tgz. Extracting by manifest.
4342 silly tarball no local data for es-define-property@https://registry.npmjs.org/es-define-property/-/es-define-property-1.0.1.tgz. Extracting by manifest.
4343 silly tarball no local data for es-object-atoms@https://registry.npmjs.org/es-object-atoms/-/es-object-atoms-1.1.2.tgz. Extracting by manifest.
4344 silly tarball no local data for call-bind-apply-helpers@https://registry.npmjs.org/call-bind-apply-helpers/-/call-bind-apply-helpers-1.0.2.tgz. Extracting by manifest.
4345 silly tarball no local data for uuid@https://registry.npmjs.org/uuid/-/uuid-9.0.1.tgz. Extracting by manifest.
4346 silly tarball no local data for https-proxy-agent@https://registry.npmjs.org/https-proxy-agent/-/https-proxy-agent-7.0.6.tgz. Extracting by manifest.
4347 silly tarball no local data for debug@https://registry.npmjs.org/debug/-/debug-4.4.3.tgz. Extracting by manifest.
4348 silly tarball no local data for ms@https://registry.npmjs.org/ms/-/ms-2.1.3.tgz. Extracting by manifest.
4349 silly tarball no local data for universalify@https://registry.npmjs.org/universalify/-/universalify-2.0.1.tgz. Extracting by manifest.
4350 silly tarball no local data for jsonfile@https://registry.npmjs.org/jsonfile/-/jsonfile-6.2.1.tgz. Extracting by manifest.
4351 silly tarball no local data for has-tostringtag@https://registry.npmjs.org/has-tostringtag/-/has-tostringtag-1.0.2.tgz. Extracting by manifest.
4352 silly tarball no local data for get-intrinsic@https://registry.npmjs.org/get-intrinsic/-/get-intrinsic-1.3.0.tgz. Extracting by manifest.
4353 silly tarball no local data for es-errors@https://registry.npmjs.org/es-errors/-/es-errors-1.3.0.tgz. Extracting by manifest.
4354 silly tarball no local data for delayed-stream@https://registry.npmjs.org/delayed-stream/-/delayed-stream-1.0.0.tgz. Extracting by manifest.
4355 silly tarball no local data for hasown@https://registry.npmjs.org/hasown/-/hasown-2.0.4.tgz. Extracting by manifest.
4356 silly tarball no local data for es-set-tostringtag@https://registry.npmjs.org/es-set-tostringtag/-/es-set-tostringtag-2.1.0.tgz. Extracting by manifest.
4357 silly tarball no local data for asynckit@https://registry.npmjs.org/asynckit/-/asynckit-0.4.0.tgz. Extracting by manifest.
4358 silly tarball no local data for to-regex-range@https://registry.npmjs.org/to-regex-range/-/to-regex-range-5.0.1.tgz. Extracting by manifest.
4359 silly tarball no local data for ip-address@https://registry.npmjs.org/ip-address/-/ip-address-10.2.0.tgz. Extracting by manifest.
4360 silly tarball no local data for combined-stream@https://registry.npmjs.org/combined-stream/-/combined-stream-1.0.8.tgz. Extracting by manifest.
4361 silly tarball no local data for negotiator@https://registry.npmjs.org/negotiator/-/negotiator-0.6.3.tgz. Extracting by manifest.
4362 silly tarball no local data for mime-types@https://registry.npmjs.org/mime-types/-/mime-types-2.1.35.tgz. Extracting by manifest.
4363 silly tarball no local data for utils-merge@https://registry.npmjs.org/utils-merge/-/utils-merge-1.0.1.tgz. Extracting by manifest.
4364 silly tarball no local data for statuses@https://registry.npmjs.org/statuses/-/statuses-2.0.2.tgz. Extracting by manifest.
4365 silly tarball no local data for serve-static@https://registry.npmjs.org/serve-static/-/serve-static-1.16.3.tgz. Extracting by manifest.
4366 silly tarball no local data for send@https://registry.npmjs.org/send/-/send-0.19.2.tgz. Extracting by manifest.
4367 silly tarball no local data for setprototypeof@https://registry.npmjs.org/setprototypeof/-/setprototypeof-1.2.0.tgz. Extracting by manifest.
4368 silly tarball no local data for mime@https://registry.npmjs.org/mime/-/mime-1.6.0.tgz. Extracting by manifest.
4369 silly tarball no local data for ms@https://registry.npmjs.org/ms/-/ms-2.1.3.tgz. Extracting by manifest.
4370 silly tarball no local data for range-parser@https://registry.npmjs.org/range-parser/-/range-parser-1.2.1.tgz. Extracting by manifest.
4371 silly tarball no local data for safe-buffer@https://registry.npmjs.org/safe-buffer/-/safe-buffer-5.2.1.tgz. Extracting by manifest.
4372 silly tarball no local data for proxy-addr@https://registry.npmjs.org/proxy-addr/-/proxy-addr-2.0.7.tgz. Extracting by manifest.
4373 silly tarball no local data for path-to-regexp@https://registry.npmjs.org/path-to-regexp/-/path-to-regexp-0.1.13.tgz. Extracting by manifest.
4374 silly tarball no local data for parseurl@https://registry.npmjs.org/parseurl/-/parseurl-1.3.3.tgz. Extracting by manifest.
4375 silly tarball no local data for merge-descriptors@https://registry.npmjs.org/merge-descriptors/-/merge-descriptors-1.0.3.tgz. Extracting by manifest.
4376 silly tarball no local data for methods@https://registry.npmjs.org/methods/-/methods-1.1.2.tgz. Extracting by manifest.
4377 silly tarball no local data for fresh@https://registry.npmjs.org/fresh/-/fresh-0.5.2.tgz. Extracting by manifest.
4378 silly tarball no local data for finalhandler@https://registry.npmjs.org/finalhandler/-/finalhandler-1.3.2.tgz. Extracting by manifest.
4379 silly tarball no local data for escape-html@https://registry.npmjs.org/escape-html/-/escape-html-1.0.3.tgz. Extracting by manifest.
4380 silly tarball no local data for etag@https://registry.npmjs.org/etag/-/etag-1.8.1.tgz. Extracting by manifest.
4381 silly tarball no local data for encodeurl@https://registry.npmjs.org/encodeurl/-/encodeurl-2.0.0.tgz. Extracting by manifest.
4382 silly tarball no local data for cookie-signature@https://registry.npmjs.org/cookie-signature/-/cookie-signature-1.0.7.tgz. Extracting by manifest.
4383 silly tarball no local data for cookie@https://registry.npmjs.org/cookie/-/cookie-0.7.2.tgz. Extracting by manifest.
4384 silly tarball no local data for content-disposition@https://registry.npmjs.org/content-disposition/-/content-disposition-0.5.4.tgz. Extracting by manifest.
4385 silly tarball no local data for array-flatten@https://registry.npmjs.org/array-flatten/-/array-flatten-1.1.1.tgz. Extracting by manifest.
4386 silly tarball no local data for accepts@https://registry.npmjs.org/accepts/-/accepts-1.3.8.tgz. Extracting by manifest.
4387 silly tarball no local data for call-me-maybe@https://registry.npmjs.org/call-me-maybe/-/call-me-maybe-1.0.2.tgz. Extracting by manifest.
4388 silly tarball no local data for @types/json-schema@https://registry.npmjs.org/@types/json-schema/-/json-schema-7.0.15.tgz. Extracting by manifest.
4389 silly tarball no local data for @jsdevtools/ono@https://registry.npmjs.org/@jsdevtools/ono/-/ono-7.1.3.tgz. Extracting by manifest.
4390 silly tarball no local data for openapi3-ts@https://registry.npmjs.org/openapi3-ts/-/openapi3-ts-3.2.0.tgz. Extracting by manifest.
4391 silly tarball no local data for promise-breaker@https://registry.npmjs.org/promise-breaker/-/promise-breaker-6.0.0.tgz. Extracting by manifest.
4392 silly tarball no local data for json-ptr@https://registry.npmjs.org/json-ptr/-/json-ptr-3.1.1.tgz. Extracting by manifest.
4393 silly tarball no local data for events-listener@https://registry.npmjs.org/events-listener/-/events-listener-1.1.0.tgz. Extracting by manifest.
4394 silly tarball no local data for deep-freeze@https://registry.npmjs.org/deep-freeze/-/deep-freeze-0.0.1.tgz. Extracting by manifest.
4395 silly tarball no local data for @apidevtools/json-schema-ref-parser@https://registry.npmjs.org/@apidevtools/json-schema-ref-parser/-/json-schema-ref-parser-9.1.2.tgz. Extracting by manifest.
4396 silly tarball no local data for is-obj@https://registry.npmjs.org/is-obj/-/is-obj-2.0.0.tgz. Extracting by manifest.
4397 silly tarball no local data for ms@https://registry.npmjs.org/ms/-/ms-2.0.0.tgz. Extracting by manifest.
4398 silly tarball no local data for which@https://registry.npmjs.org/which/-/which-2.0.2.tgz. Extracting by manifest.
4399 silly tarball no local data for shebang-command@https://registry.npmjs.org/shebang-command/-/shebang-command-2.0.0.tgz. Extracting by manifest.
4400 silly tarball no local data for path-key@https://registry.npmjs.org/path-key/-/path-key-3.1.1.tgz. Extracting by manifest.
4401 silly tarball no local data for vary@https://registry.npmjs.org/vary/-/vary-1.1.2.tgz. Extracting by manifest.
4402 silly tarball no local data for object-assign@https://registry.npmjs.org/object-assign/-/object-assign-4.1.1.tgz. Extracting by manifest.
4403 silly tarball no local data for xdg-basedir@https://registry.npmjs.org/xdg-basedir/-/xdg-basedir-4.0.0.tgz. Extracting by manifest.
4404 silly tarball no local data for write-file-atomic@https://registry.npmjs.org/write-file-atomic/-/write-file-atomic-3.0.3.tgz. Extracting by manifest.
4405 silly tarball no local data for unique-string@https://registry.npmjs.org/unique-string/-/unique-string-2.0.0.tgz. Extracting by manifest.
4406 silly tarball no local data for make-dir@https://registry.npmjs.org/make-dir/-/make-dir-3.1.0.tgz. Extracting by manifest.
4407 silly tarball no local data for semver@https://registry.npmjs.org/semver/-/semver-6.3.1.tgz. Extracting by manifest.
4408 silly tarball no local data for dot-prop@https://registry.npmjs.org/dot-prop/-/dot-prop-5.3.0.tgz. Extracting by manifest.
4409 silly tarball no local data for string-width@https://registry.npmjs.org/string-width/-/string-width-4.2.3.tgz. Extracting by manifest.
4410 silly tarball no local data for ansi-regex@https://registry.npmjs.org/ansi-regex/-/ansi-regex-5.0.1.tgz. Extracting by manifest.
4411 silly tarball no local data for strip-ansi@https://registry.npmjs.org/strip-ansi/-/strip-ansi-6.0.1.tgz. Extracting by manifest.
4412 silly tarball no local data for @colors/colors@https://registry.npmjs.org/@colors/colors/-/colors-1.5.0.tgz. Extracting by manifest.
4413 silly tarball no local data for json-parse-helpfulerror@https://registry.npmjs.org/json-parse-helpfulerror/-/json-parse-helpfulerror-1.0.3.tgz. Extracting by manifest.
4414 silly tarball no local data for fill-range@https://registry.npmjs.org/fill-range/-/fill-range-7.1.1.tgz. Extracting by manifest.
4415 silly tarball no local data for picomatch@https://registry.npmjs.org/picomatch/-/picomatch-2.3.2.tgz. Extracting by manifest.
4416 silly tarball no local data for readdirp@https://registry.npmjs.org/readdirp/-/readdirp-3.6.0.tgz. Extracting by manifest.
4417 silly tarball no local data for is-glob@https://registry.npmjs.org/is-glob/-/is-glob-4.0.3.tgz. Extracting by manifest.
4418 silly tarball no local data for is-binary-path@https://registry.npmjs.org/is-binary-path/-/is-binary-path-2.1.0.tgz. Extracting by manifest.
4419 silly tarball no local data for glob-parent@https://registry.npmjs.org/glob-parent/-/glob-parent-5.1.2.tgz. Extracting by manifest.
4420 silly tarball no local data for braces@https://registry.npmjs.org/braces/-/braces-3.0.3.tgz. Extracting by manifest.
4421 silly tarball no local data for anymatch@https://registry.npmjs.org/anymatch/-/anymatch-3.1.3.tgz. Extracting by manifest.
4422 silly tarball no local data for unpipe@https://registry.npmjs.org/unpipe/-/unpipe-1.0.0.tgz. Extracting by manifest.
4423 silly tarball no local data for type-is@https://registry.npmjs.org/type-is/-/type-is-1.6.18.tgz. Extracting by manifest.
4424 silly tarball no local data for qs@https://registry.npmjs.org/qs/-/qs-6.15.3.tgz. Extracting by manifest.
4425 silly tarball no local data for on-finished@https://registry.npmjs.org/on-finished/-/on-finished-2.4.1.tgz. Extracting by manifest.
4426 silly tarball no local data for http-errors@https://registry.npmjs.org/http-errors/-/http-errors-2.0.1.tgz. Extracting by manifest.
4427 silly tarball no local data for destroy@https://registry.npmjs.org/destroy/-/destroy-1.2.0.tgz. Extracting by manifest.
4428 silly tarball no local data for depd@https://registry.npmjs.org/depd/-/depd-2.0.0.tgz. Extracting by manifest.
4429 silly tarball no local data for debug@https://registry.npmjs.org/debug/-/debug-2.6.9.tgz. Extracting by manifest.
4430 silly tarball no local data for bytes@https://registry.npmjs.org/bytes/-/bytes-3.1.2.tgz. Extracting by manifest.
4431 silly tarball no local data for normalize-path@https://registry.npmjs.org/normalize-path/-/normalize-path-3.0.0.tgz. Extracting by manifest.
4432 silly tarball no local data for lazystream@https://registry.npmjs.org/lazystream/-/lazystream-1.0.1.tgz. Extracting by manifest.
4433 silly tarball no local data for string_decoder@https://registry.npmjs.org/string_decoder/-/string_decoder-1.1.1.tgz. Extracting by manifest.
4434 silly tarball no local data for safe-buffer@https://registry.npmjs.org/safe-buffer/-/safe-buffer-5.1.2.tgz. Extracting by manifest.
4435 silly tarball no local data for readable-stream@https://registry.npmjs.org/readable-stream/-/readable-stream-2.3.8.tgz. Extracting by manifest.
4436 silly tarball no local data for is-stream@https://registry.npmjs.org/is-stream/-/is-stream-2.0.1.tgz. Extracting by manifest.
4437 silly tarball no local data for graceful-fs@https://registry.npmjs.org/graceful-fs/-/graceful-fs-4.2.11.tgz. Extracting by manifest.
4438 silly tarball no local data for zip-stream@https://registry.npmjs.org/zip-stream/-/zip-stream-6.0.1.tgz. Extracting by manifest.
4439 silly tarball no local data for tar-stream@https://registry.npmjs.org/tar-stream/-/tar-stream-3.2.0.tgz. Extracting by manifest.
4440 silly tarball no local data for readdir-glob@https://registry.npmjs.org/readdir-glob/-/readdir-glob-1.1.3.tgz. Extracting by manifest.
4441 silly tarball no local data for brace-expansion@https://registry.npmjs.org/brace-expansion/-/brace-expansion-2.1.1.tgz. Extracting by manifest.
4442 silly tarball no local data for signal-exit@https://registry.npmjs.org/signal-exit/-/signal-exit-3.0.7.tgz. Extracting by manifest.
4443 silly tarball no local data for readable-stream@https://registry.npmjs.org/readable-stream/-/readable-stream-4.7.0.tgz. Extracting by manifest.
4444 silly tarball no local data for minimatch@https://registry.npmjs.org/minimatch/-/minimatch-5.1.9.tgz. Extracting by manifest.
4445 silly tarball no local data for buffer-crc32@https://registry.npmjs.org/buffer-crc32/-/buffer-crc32-1.0.0.tgz. Extracting by manifest.
4446 silly tarball no local data for buffer@https://registry.npmjs.org/buffer/-/buffer-6.0.3.tgz. Extracting by manifest.
4447 silly tarball no local data for async@https://registry.npmjs.org/async/-/async-3.2.6.tgz. Extracting by manifest.
4448 silly tarball no local data for archiver-utils@https://registry.npmjs.org/archiver-utils/-/archiver-utils-5.0.2.tgz. Extracting by manifest.
4449 silly tarball no local data for require-from-string@https://registry.npmjs.org/require-from-string/-/require-from-string-2.0.2.tgz. Extracting by manifest.
4450 silly tarball no local data for json-schema-traverse@https://registry.npmjs.org/json-schema-traverse/-/json-schema-traverse-1.0.0.tgz. Extracting by manifest.
4451 silly tarball no local data for fast-uri@https://registry.npmjs.org/fast-uri/-/fast-uri-3.1.3.tgz. Extracting by manifest.
4452 silly tarball no local data for fast-deep-equal@https://registry.npmjs.org/fast-deep-equal/-/fast-deep-equal-3.1.3.tgz. Extracting by manifest.
4453 silly tarball no local data for event-target-shim@https://registry.npmjs.org/event-target-shim/-/event-target-shim-5.0.1.tgz. Extracting by manifest.
4454 silly tarball no local data for zod-to-json-schema@https://registry.npmjs.org/zod-to-json-schema/-/zod-to-json-schema-3.25.2.tgz. Extracting by manifest.
4455 silly tarball no local data for raw-body@https://registry.npmjs.org/raw-body/-/raw-body-3.0.2.tgz. Extracting by manifest.
4456 silly tarball no local data for pkce-challenge@https://registry.npmjs.org/pkce-challenge/-/pkce-challenge-5.0.1.tgz. Extracting by manifest.
4457 silly tarball no local data for json-schema-typed@https://registry.npmjs.org/json-schema-typed/-/json-schema-typed-8.0.2.tgz. Extracting by manifest.
4458 silly tarball no local data for express-rate-limit@https://registry.npmjs.org/express-rate-limit/-/express-rate-limit-8.5.2.tgz. Extracting by manifest.
4459 silly tarball no local data for jose@https://registry.npmjs.org/jose/-/jose-6.2.3.tgz. Extracting by manifest.
4460 silly tarball no local data for eventsource-parser@https://registry.npmjs.org/eventsource-parser/-/eventsource-parser-3.1.0.tgz. Extracting by manifest.
4461 silly tarball no local data for eventsource@https://registry.npmjs.org/eventsource/-/eventsource-3.0.7.tgz. Extracting by manifest.
4462 silly tarball no local data for content-type@https://registry.npmjs.org/content-type/-/content-type-1.0.5.tgz. Extracting by manifest.
4463 silly tarball no local data for hono@https://registry.npmjs.org/hono/-/hono-4.12.27.tgz. Extracting by manifest.
4464 silly tarball no local data for @hono/node-server@https://registry.npmjs.org/@hono/node-server/-/node-server-1.19.14.tgz. Extracting by manifest.
4465 silly tarball no local data for iconv-lite@https://registry.npmjs.org/iconv-lite/-/iconv-lite-0.7.2.tgz. Extracting by manifest.
4466 silly tarball no local data for chardet@https://registry.npmjs.org/chardet/-/chardet-2.2.0.tgz. Extracting by manifest.
4467 silly tarball no local data for @inquirer/external-editor@https://registry.npmjs.org/@inquirer/external-editor/-/external-editor-1.0.3.tgz. Extracting by manifest.
4468 silly tarball no local data for wrap-ansi@https://registry.npmjs.org/wrap-ansi/-/wrap-ansi-6.2.0.tgz. Extracting by manifest.
4469 silly tarball no local data for ansi-regex@https://registry.npmjs.org/ansi-regex/-/ansi-regex-5.0.1.tgz. Extracting by manifest.
4470 silly tarball no local data for strip-ansi@https://registry.npmjs.org/strip-ansi/-/strip-ansi-6.0.1.tgz. Extracting by manifest.
4471 silly tarball no local data for signal-exit@https://registry.npmjs.org/signal-exit/-/signal-exit-4.1.0.tgz. Extracting by manifest.
4472 silly tarball no local data for mute-stream@https://registry.npmjs.org/mute-stream/-/mute-stream-2.0.0.tgz. Extracting by manifest.
4473 silly tarball no local data for cli-width@https://registry.npmjs.org/cli-width/-/cli-width-4.1.0.tgz. Extracting by manifest.
4474 silly tarball no local data for yoctocolors-cjs@https://registry.npmjs.org/yoctocolors-cjs/-/yoctocolors-cjs-2.1.3.tgz. Extracting by manifest.
4475 silly tarball no local data for @inquirer/type@https://registry.npmjs.org/@inquirer/type/-/type-3.0.10.tgz. Extracting by manifest.
4476 silly tarball no local data for @inquirer/figures@https://registry.npmjs.org/@inquirer/figures/-/figures-1.0.15.tgz. Extracting by manifest.
4477 silly tarball no local data for @inquirer/core@https://registry.npmjs.org/@inquirer/core/-/core-10.3.2.tgz. Extracting by manifest.
4478 silly tarball no local data for @inquirer/ansi@https://registry.npmjs.org/@inquirer/ansi/-/ansi-1.0.2.tgz. Extracting by manifest.
4479 silly tarball no local data for @inquirer/select@https://registry.npmjs.org/@inquirer/select/-/select-4.4.2.tgz. Extracting by manifest.
4480 silly tarball no local data for @inquirer/search@https://registry.npmjs.org/@inquirer/search/-/search-3.2.2.tgz. Extracting by manifest.
4481 silly tarball no local data for @inquirer/rawlist@https://registry.npmjs.org/@inquirer/rawlist/-/rawlist-4.1.11.tgz. Extracting by manifest.
4482 silly tarball no local data for @inquirer/password@https://registry.npmjs.org/@inquirer/password/-/password-4.0.23.tgz. Extracting by manifest.
4483 silly tarball no local data for @inquirer/number@https://registry.npmjs.org/@inquirer/number/-/number-3.0.23.tgz. Extracting by manifest.
4484 silly tarball no local data for @inquirer/input@https://registry.npmjs.org/@inquirer/input/-/input-4.3.1.tgz. Extracting by manifest.
4485 silly tarball no local data for @inquirer/expand@https://registry.npmjs.org/@inquirer/expand/-/expand-4.0.23.tgz. Extracting by manifest.
4486 silly tarball no local data for @inquirer/editor@https://registry.npmjs.org/@inquirer/editor/-/editor-4.2.23.tgz. Extracting by manifest.
4487 silly tarball no local data for @inquirer/confirm@https://registry.npmjs.org/@inquirer/confirm/-/confirm-5.1.21.tgz. Extracting by manifest.
4488 silly tarball no local data for googleapis-common@https://registry.npmjs.org/googleapis-common/-/googleapis-common-8.0.2.tgz. Extracting by manifest.
4489 silly tarball no local data for @inquirer/checkbox@https://registry.npmjs.org/@inquirer/checkbox/-/checkbox-4.3.2.tgz. Extracting by manifest.
4490 silly tarball no local data for data-uri-to-buffer@https://registry.npmjs.org/data-uri-to-buffer/-/data-uri-to-buffer-4.0.1.tgz. Extracting by manifest.
4491 silly tarball no local data for gtoken@https://registry.npmjs.org/gtoken/-/gtoken-8.0.0.tgz. Extracting by manifest.
4492 silly tarball no local data for gcp-metadata@https://registry.npmjs.org/gcp-metadata/-/gcp-metadata-8.1.3.tgz. Extracting by manifest.
4493 silly tarball no local data for node-fetch@https://registry.npmjs.org/node-fetch/-/node-fetch-3.3.2.tgz. Extracting by manifest.
4494 silly tarball no local data for google-logging-utils@https://registry.npmjs.org/google-logging-utils/-/google-logging-utils-1.1.3.tgz. Extracting by manifest.
4495 silly tarball no local data for google-auth-library@https://registry.npmjs.org/google-auth-library/-/google-auth-library-10.5.0.tgz. Extracting by manifest.
4496 silly tarball no local data for gaxios@https://registry.npmjs.org/gaxios/-/gaxios-7.1.3.tgz. Extracting by manifest.
4497 silly tarball no local data for p-defer@https://registry.npmjs.org/p-defer/-/p-defer-3.0.0.tgz. Extracting by manifest.
4498 silly tarball no local data for long@https://registry.npmjs.org/long/-/long-5.3.2.tgz. Extracting by manifest.
4499 silly tarball no local data for is-stream-ended@https://registry.npmjs.org/is-stream-ended/-/is-stream-ended-0.1.4.tgz. Extracting by manifest.
4500 silly tarball no local data for lodash.snakecase@https://registry.npmjs.org/lodash.snakecase/-/lodash.snakecase-4.1.1.tgz. Extracting by manifest.
4501 silly tarball no local data for heap-js@https://registry.npmjs.org/heap-js/-/heap-js-2.7.1.tgz. Extracting by manifest.
4502 silly tarball no local data for google-gax@https://registry.npmjs.org/google-gax/-/google-gax-5.0.7.tgz. Extracting by manifest.
4503 silly tarball no local data for data-uri-to-buffer@https://registry.npmjs.org/data-uri-to-buffer/-/data-uri-to-buffer-4.0.1.tgz. Extracting by manifest.
4504 silly tarball no local data for gcp-metadata@https://registry.npmjs.org/gcp-metadata/-/gcp-metadata-8.1.3.tgz. Extracting by manifest.
4505 silly tarball no local data for gtoken@https://registry.npmjs.org/gtoken/-/gtoken-8.0.0.tgz. Extracting by manifest.
4506 silly tarball no local data for gaxios@https://registry.npmjs.org/gaxios/-/gaxios-7.1.3.tgz. Extracting by manifest.
4507 silly tarball no local data for gaxios@https://registry.npmjs.org/gaxios/-/gaxios-7.1.5.tgz. Extracting by manifest.
4508 silly tarball no local data for node-fetch@https://registry.npmjs.org/node-fetch/-/node-fetch-3.3.2.tgz. Extracting by manifest.
4509 silly tarball no local data for google-logging-utils@https://registry.npmjs.org/google-logging-utils/-/google-logging-utils-1.1.3.tgz. Extracting by manifest.
4510 silly tarball no local data for google-auth-library@https://registry.npmjs.org/google-auth-library/-/google-auth-library-10.5.0.tgz. Extracting by manifest.
4511 silly tarball no local data for extend@https://registry.npmjs.org/extend/-/extend-3.0.2.tgz. Extracting by manifest.
4512 silly tarball no local data for arrify@https://registry.npmjs.org/arrify/-/arrify-2.0.1.tgz. Extracting by manifest.
4513 silly tarball no local data for @opentelemetry/semantic-conventions@https://registry.npmjs.org/@opentelemetry/semantic-conventions/-/semantic-conventions-1.39.0.tgz. Extracting by manifest.
4514 silly tarball no local data for @opentelemetry/core@https://registry.npmjs.org/@opentelemetry/core/-/core-1.30.1.tgz. Extracting by manifest.
4515 silly tarball no local data for @opentelemetry/semantic-conventions@https://registry.npmjs.org/@opentelemetry/semantic-conventions/-/semantic-conventions-1.28.0.tgz. Extracting by manifest.
4516 silly tarball no local data for @opentelemetry/api@https://registry.npmjs.org/@opentelemetry/api/-/api-1.9.1.tgz. Extracting by manifest.
4517 silly tarball no local data for @google-cloud/promisify@https://registry.npmjs.org/@google-cloud/promisify/-/promisify-5.0.1.tgz. Extracting by manifest.
4518 silly tarball no local data for @google-cloud/projectify@https://registry.npmjs.org/@google-cloud/projectify/-/projectify-5.0.1.tgz. Extracting by manifest.
4519 silly tarball no local data for @google-cloud/paginator@https://registry.npmjs.org/@google-cloud/paginator/-/paginator-6.0.2.tgz. Extracting by manifest.
4520 silly tarball no local data for @google-cloud/precise-date@https://registry.npmjs.org/@google-cloud/precise-date/-/precise-date-5.0.1.tgz. Extracting by manifest.
4521 silly tarball no local data for @googleapis/sqladmin@https://registry.npmjs.org/@googleapis/sqladmin/-/sqladmin-37.0.0.tgz. Extracting by manifest.
4522 silly tarball no local data for p-throttle@https://registry.npmjs.org/p-throttle/-/p-throttle-7.0.0.tgz. Extracting by manifest.
4523 silly tarball no local data for zod@https://registry.npmjs.org/zod/-/zod-4.4.3.tgz. Extracting by manifest.
4524 silly tarball no local data for yaml@https://registry.npmjs.org/yaml/-/yaml-2.9.0.tgz. Extracting by manifest.
4525 silly tarball no local data for ws@https://registry.npmjs.org/ws/-/ws-7.5.11.tgz. Extracting by manifest.
4526 silly tarball no local data for winston-transport@https://registry.npmjs.org/winston-transport/-/winston-transport-4.9.0.tgz. Extracting by manifest.
4527 silly tarball no local data for winston@https://registry.npmjs.org/winston/-/winston-3.19.0.tgz. Extracting by manifest.
4528 silly tarball no local data for readable-stream@https://registry.npmjs.org/readable-stream/-/readable-stream-3.6.2.tgz. Extracting by manifest.
4529 silly tarball no local data for readable-stream@https://registry.npmjs.org/readable-stream/-/readable-stream-3.6.2.tgz. Extracting by manifest.
4530 silly tarball no local data for update-notifier-cjs@https://registry.npmjs.org/update-notifier-cjs/-/update-notifier-cjs-5.1.7.tgz. Extracting by manifest.
4531 silly tarball no local data for @colors/colors@https://registry.npmjs.org/@colors/colors/-/colors-1.6.0.tgz. Extracting by manifest.
4532 silly tarball no local data for universal-analytics@https://registry.npmjs.org/universal-analytics/-/universal-analytics-0.5.4.tgz. Extracting by manifest.
4533 silly tarball no local data for chalk@https://registry.npmjs.org/chalk/-/chalk-4.1.2.tgz. Extracting by manifest.
4534 silly tarball no local data for ms@https://registry.npmjs.org/ms/-/ms-2.1.3.tgz. Extracting by manifest.
4535 silly tarball no local data for uuid@https://registry.npmjs.org/uuid/-/uuid-14.0.1.tgz. Extracting by manifest.
4536 silly tarball no local data for debug@https://registry.npmjs.org/debug/-/debug-4.4.3.tgz. Extracting by manifest.
4537 silly tarball no local data for triple-beam@https://registry.npmjs.org/triple-beam/-/triple-beam-1.4.1.tgz. Extracting by manifest.
4538 silly tarball no local data for tcp-port-used@https://registry.npmjs.org/tcp-port-used/-/tcp-port-used-1.0.3.tgz. Extracting by manifest.
4539 silly tarball no local data for tmp@https://registry.npmjs.org/tmp/-/tmp-0.2.7.tgz. Extracting by manifest.
4540 silly tarball no local data for ms@https://registry.npmjs.org/ms/-/ms-2.1.2.tgz. Extracting by manifest.
4541 silly tarball no local data for debug@https://registry.npmjs.org/debug/-/debug-4.3.1.tgz. Extracting by manifest.
4542 silly tarball no local data for tar@https://registry.npmjs.org/tar/-/tar-7.5.19.tgz. Extracting by manifest.
4543 silly tarball no local data for superstatic@https://registry.npmjs.org/superstatic/-/superstatic-10.0.0.tgz. Extracting by manifest.
4544 silly tarball no local data for isarray@https://registry.npmjs.org/isarray/-/isarray-0.0.1.tgz. Extracting by manifest.
4545 silly tarball no local data for brace-expansion@https://registry.npmjs.org/brace-expansion/-/brace-expansion-2.1.1.tgz. Extracting by manifest.
4546 silly tarball no local data for path-to-regexp@https://registry.npmjs.org/path-to-regexp/-/path-to-regexp-1.9.0.tgz. Extracting by manifest.
4547 silly tarball no local data for minimatch@https://registry.npmjs.org/minimatch/-/minimatch-6.2.3.tgz. Extracting by manifest.
4548 silly tarball no local data for commander@https://registry.npmjs.org/commander/-/commander-10.0.1.tgz. Extracting by manifest.
4549 silly tarball no local data for stream-json@https://registry.npmjs.org/stream-json/-/stream-json-1.9.1.tgz. Extracting by manifest.
4550 silly tarball no local data for stream-chain@https://registry.npmjs.org/stream-chain/-/stream-chain-2.2.5.tgz. Extracting by manifest.
4551 silly tarball no local data for sql-formatter@https://registry.npmjs.org/sql-formatter/-/sql-formatter-15.8.2.tgz. Extracting by manifest.
4552 silly tarball no local data for semver@https://registry.npmjs.org/semver/-/semver-7.8.5.tgz. Extracting by manifest.
4553 silly tarball no local data for retry@https://registry.npmjs.org/retry/-/retry-0.13.1.tgz. Extracting by manifest.
4554 silly tarball no local data for proxy-agent@https://registry.npmjs.org/proxy-agent/-/proxy-agent-6.5.0.tgz. Extracting by manifest.
4555 silly tarball no local data for ms@https://registry.npmjs.org/ms/-/ms-2.1.3.tgz. Extracting by manifest.
4556 silly tarball no local data for lru-cache@https://registry.npmjs.org/lru-cache/-/lru-cache-7.18.3.tgz. Extracting by manifest.
4557 silly tarball no local data for debug@https://registry.npmjs.org/debug/-/debug-4.4.3.tgz. Extracting by manifest.
4558 silly tarball no local data for progress@https://registry.npmjs.org/progress/-/progress-2.0.3.tgz. Extracting by manifest.
4559 silly tarball no local data for portfinder@https://registry.npmjs.org/portfinder/-/portfinder-1.0.38.tgz. Extracting by manifest.
4560 silly tarball no local data for ms@https://registry.npmjs.org/ms/-/ms-2.1.3.tgz. Extracting by manifest.
4561 silly tarball no local data for pglite-2@https://registry.npmjs.org/@electric-sql/pglite/-/pglite-0.2.17.tgz. Extracting by manifest.
4562 silly tarball no local data for debug@https://registry.npmjs.org/debug/-/debug-4.4.3.tgz. Extracting by manifest.
4563 silly tarball no local data for ora@https://registry.npmjs.org/ora/-/ora-5.4.1.tgz. Extracting by manifest.
4564 silly tarball no local data for pg@https://registry.npmjs.org/pg/-/pg-8.22.0.tgz. Extracting by manifest.
4565 silly tarball no local data for pg-gateway@https://registry.npmjs.org/pg-gateway/-/pg-gateway-0.3.0-beta.4.tgz. Extracting by manifest.
4566 silly tarball no local data for strip-ansi@https://registry.npmjs.org/strip-ansi/-/strip-ansi-6.0.1.tgz. Extracting by manifest.
4567 silly tarball no local data for chalk@https://registry.npmjs.org/chalk/-/chalk-4.1.2.tgz. Extracting by manifest.
4568 silly tarball no local data for ansi-regex@https://registry.npmjs.org/ansi-regex/-/ansi-regex-5.0.1.tgz. Extracting by manifest.
4569 silly tarball no local data for open@https://registry.npmjs.org/open/-/open-6.4.0.tgz. Extracting by manifest.
4570 silly tarball no local data for node-fetch@https://registry.npmjs.org/node-fetch/-/node-fetch-2.7.0.tgz. Extracting by manifest.
4571 silly tarball no local data for morgan@https://registry.npmjs.org/morgan/-/morgan-1.11.0.tgz. Extracting by manifest.
4572 silly tarball no local data for minimatch@https://registry.npmjs.org/minimatch/-/minimatch-3.1.5.tgz. Extracting by manifest.
4573 silly tarball no local data for marked-terminal@https://registry.npmjs.org/marked-terminal/-/marked-terminal-7.3.0.tgz. Extracting by manifest.
4574 silly tarball no local data for mime@https://registry.npmjs.org/mime/-/mime-2.6.0.tgz. Extracting by manifest.
4575 silly tarball no local data for marked@https://registry.npmjs.org/marked/-/marked-13.0.3.tgz. Extracting by manifest.
4576 silly tarball no local data for lsofi@https://registry.npmjs.org/lsofi/-/lsofi-2.0.0.tgz. Extracting by manifest.
4577 silly tarball no local data for lodash@https://registry.npmjs.org/lodash/-/lodash-4.18.1.tgz. Extracting by manifest.
4578 silly tarball no local data for libsodium-wrappers@https://registry.npmjs.org/libsodium-wrappers/-/libsodium-wrappers-0.7.16.tgz. Extracting by manifest.
4579 silly tarball no local data for js-yaml@https://registry.npmjs.org/js-yaml/-/js-yaml-4.3.0.tgz. Extracting by manifest.
4580 silly tarball no local data for ms@https://registry.npmjs.org/ms/-/ms-2.1.3.tgz. Extracting by manifest.
4581 silly tarball no local data for ignore@https://registry.npmjs.org/ignore/-/ignore-7.0.5.tgz. Extracting by manifest.
4582 silly tarball no local data for jsonwebtoken@https://registry.npmjs.org/jsonwebtoken/-/jsonwebtoken-9.0.3.tgz. Extracting by manifest.
4583 silly tarball no local data for google-auth-library@https://registry.npmjs.org/google-auth-library/-/google-auth-library-9.15.1.tgz. Extracting by manifest.
4584 silly tarball no local data for glob@https://registry.npmjs.org/glob/-/glob-10.5.0.tgz. Extracting by manifest.
4585 silly tarball no local data for brace-expansion@https://registry.npmjs.org/brace-expansion/-/brace-expansion-2.1.1.tgz. Extracting by manifest.
4586 silly tarball no local data for minimatch@https://registry.npmjs.org/minimatch/-/minimatch-9.0.9.tgz. Extracting by manifest.
4587 silly tarball no local data for gaxios@https://registry.npmjs.org/gaxios/-/gaxios-6.7.1.tgz. Extracting by manifest.
4588 silly tarball no local data for fuzzy@https://registry.npmjs.org/fuzzy/-/fuzzy-0.1.3.tgz. Extracting by manifest.
4589 silly tarball no local data for fs-extra@https://registry.npmjs.org/fs-extra/-/fs-extra-10.1.0.tgz. Extracting by manifest.
4590 silly tarball no local data for form-data@https://registry.npmjs.org/form-data/-/form-data-4.0.6.tgz. Extracting by manifest.
4591 silly tarball no local data for express@https://registry.npmjs.org/express/-/express-4.22.2.tgz. Extracting by manifest.
4592 silly tarball no local data for exegesis-express@https://registry.npmjs.org/exegesis-express/-/exegesis-express-4.0.0.tgz. Extracting by manifest.
4593 silly tarball no local data for exegesis@https://registry.npmjs.org/exegesis/-/exegesis-4.3.0.tgz. Extracting by manifest.
4594 silly tarball no local data for iconv-lite@https://registry.npmjs.org/iconv-lite/-/iconv-lite-0.4.24.tgz. Extracting by manifest.
4595 silly tarball no local data for raw-body@https://registry.npmjs.org/raw-body/-/raw-body-2.5.3.tgz. Extracting by manifest.
4596 silly tarball no local data for ajv-formats@https://registry.npmjs.org/ajv-formats/-/ajv-formats-2.1.1.tgz. Extracting by manifest.
4597 silly tarball no local data for csv-parse@https://registry.npmjs.org/csv-parse/-/csv-parse-5.6.0.tgz. Extracting by manifest.
4598 silly tarball no local data for cross-spawn@https://registry.npmjs.org/cross-spawn/-/cross-spawn-7.0.6.tgz. Extracting by manifest.
4599 silly tarball no local data for cross-env@https://registry.npmjs.org/cross-env/-/cross-env-7.0.3.tgz. Extracting by manifest.
4600 silly tarball no local data for configstore@https://registry.npmjs.org/configstore/-/configstore-5.0.1.tgz. Extracting by manifest.
4601 silly tarball no local data for cors@https://registry.npmjs.org/cors/-/cors-2.8.6.tgz. Extracting by manifest.
4602 silly tarball no local data for commander@https://registry.npmjs.org/commander/-/commander-5.1.0.tgz. Extracting by manifest.
4603 silly tarball no local data for colorette@https://registry.npmjs.org/colorette/-/colorette-2.0.20.tgz. Extracting by manifest.
4604 silly tarball no local data for cli-table3@https://registry.npmjs.org/cli-table3/-/cli-table3-0.6.5.tgz. Extracting by manifest.
4605 silly tarball no local data for cjson@https://registry.npmjs.org/cjson/-/cjson-0.3.3.tgz. Extracting by manifest.
4606 silly tarball no local data for body-parser@https://registry.npmjs.org/body-parser/-/body-parser-1.20.5.tgz. Extracting by manifest.
4607 silly tarball no local data for chokidar@https://registry.npmjs.org/chokidar/-/chokidar-3.6.0.tgz. Extracting by manifest.
4608 silly tarball no local data for raw-body@https://registry.npmjs.org/raw-body/-/raw-body-2.5.3.tgz. Extracting by manifest.
4609 silly tarball no local data for async-lock@https://registry.npmjs.org/async-lock/-/async-lock-1.4.1.tgz. Extracting by manifest.
4610 silly tarball no local data for archiver@https://registry.npmjs.org/archiver/-/archiver-7.0.1.tgz. Extracting by manifest.
4611 silly tarball no local data for ajv@https://registry.npmjs.org/ajv/-/ajv-8.20.0.tgz. Extracting by manifest.
4612 silly tarball no local data for ajv-formats@https://registry.npmjs.org/ajv-formats/-/ajv-formats-3.0.1.tgz. Extracting by manifest.
4613 silly tarball no local data for abort-controller@https://registry.npmjs.org/abort-controller/-/abort-controller-3.0.0.tgz. Extracting by manifest.
4614 silly tarball no local data for @modelcontextprotocol/sdk@https://registry.npmjs.org/@modelcontextprotocol/sdk/-/sdk-1.29.0.tgz. Extracting by manifest.
4615 silly tarball no local data for media-typer@https://registry.npmjs.org/media-typer/-/media-typer-1.1.0.tgz. Extracting by manifest.
4616 silly tarball no local data for mime-db@https://registry.npmjs.org/mime-db/-/mime-db-1.54.0.tgz. Extracting by manifest.
4617 silly tarball no local data for iconv-lite@https://registry.npmjs.org/iconv-lite/-/iconv-lite-0.4.24.tgz. Extracting by manifest.
4618 silly tarball no local data for ms@https://registry.npmjs.org/ms/-/ms-2.1.3.tgz. Extracting by manifest.
4619 silly tarball no local data for negotiator@https://registry.npmjs.org/negotiator/-/negotiator-1.0.0.tgz. Extracting by manifest.
4620 silly tarball no local data for type-is@https://registry.npmjs.org/type-is/-/type-is-2.1.0.tgz. Extracting by manifest.
4621 silly tarball no local data for content-type@https://registry.npmjs.org/content-type/-/content-type-2.0.0.tgz. Extracting by manifest.
4622 silly tarball no local data for serve-static@https://registry.npmjs.org/serve-static/-/serve-static-2.2.1.tgz. Extracting by manifest.
4623 silly tarball no local data for send@https://registry.npmjs.org/send/-/send-1.2.1.tgz. Extracting by manifest.
4624 silly tarball no local data for mime-types@https://registry.npmjs.org/mime-types/-/mime-types-3.0.2.tgz. Extracting by manifest.
4625 silly tarball no local data for merge-descriptors@https://registry.npmjs.org/merge-descriptors/-/merge-descriptors-2.0.0.tgz. Extracting by manifest.
4626 silly tarball no local data for fresh@https://registry.npmjs.org/fresh/-/fresh-2.0.0.tgz. Extracting by manifest.
4627 silly tarball no local data for finalhandler@https://registry.npmjs.org/finalhandler/-/finalhandler-2.1.1.tgz. Extracting by manifest.
4628 silly tarball no local data for debug@https://registry.npmjs.org/debug/-/debug-4.4.3.tgz. Extracting by manifest.
4629 silly tarball no local data for cookie-signature@https://registry.npmjs.org/cookie-signature/-/cookie-signature-1.2.2.tgz. Extracting by manifest.
4630 silly tarball no local data for content-disposition@https://registry.npmjs.org/content-disposition/-/content-disposition-1.1.0.tgz. Extracting by manifest.
4631 silly tarball no local data for body-parser@https://registry.npmjs.org/body-parser/-/body-parser-2.3.0.tgz. Extracting by manifest.
4632 silly tarball no local data for content-type@https://registry.npmjs.org/content-type/-/content-type-2.0.0.tgz. Extracting by manifest.
4633 silly tarball no local data for accepts@https://registry.npmjs.org/accepts/-/accepts-2.0.0.tgz. Extracting by manifest.
4634 silly tarball no local data for express@https://registry.npmjs.org/express/-/express-5.2.1.tgz. Extracting by manifest.
4635 silly tarball no local data for @inquirer/prompts@https://registry.npmjs.org/@inquirer/prompts/-/prompts-7.10.1.tgz. Extracting by manifest.
4636 silly tarball no local data for @google-cloud/pubsub@https://registry.npmjs.org/@google-cloud/pubsub/-/pubsub-5.3.1.tgz. Extracting by manifest.
4637 silly tarball no local data for data-uri-to-buffer@https://registry.npmjs.org/data-uri-to-buffer/-/data-uri-to-buffer-4.0.1.tgz. Extracting by manifest.
4638 silly tarball no local data for node-fetch@https://registry.npmjs.org/node-fetch/-/node-fetch-3.3.2.tgz. Extracting by manifest.
4639 silly tarball no local data for google-logging-utils@https://registry.npmjs.org/google-logging-utils/-/google-logging-utils-1.1.3.tgz. Extracting by manifest.
4640 silly tarball no local data for gaxios@https://registry.npmjs.org/gaxios/-/gaxios-7.1.5.tgz. Extracting by manifest.
4641 silly tarball no local data for gcp-metadata@https://registry.npmjs.org/gcp-metadata/-/gcp-metadata-8.1.2.tgz. Extracting by manifest.
4642 silly tarball no local data for google-auth-library@https://registry.npmjs.org/google-auth-library/-/google-auth-library-10.9.0.tgz. Extracting by manifest.
4643 silly tarball no local data for @google-cloud/cloud-sql-connector@https://registry.npmjs.org/@google-cloud/cloud-sql-connector/-/cloud-sql-connector-1.11.2.tgz. Extracting by manifest.
4644 silly tarball no local data for data-uri-to-buffer@https://registry.npmjs.org/data-uri-to-buffer/-/data-uri-to-buffer-4.0.1.tgz. Extracting by manifest.
4645 silly tarball no local data for google-logging-utils@https://registry.npmjs.org/google-logging-utils/-/google-logging-utils-1.1.3.tgz. Extracting by manifest.
4646 silly tarball no local data for gcp-metadata@https://registry.npmjs.org/gcp-metadata/-/gcp-metadata-8.1.2.tgz. Extracting by manifest.
4647 silly tarball no local data for google-auth-library@https://registry.npmjs.org/google-auth-library/-/google-auth-library-10.9.0.tgz. Extracting by manifest.
4648 silly tarball no local data for node-fetch@https://registry.npmjs.org/node-fetch/-/node-fetch-3.3.2.tgz. Extracting by manifest.
4649 silly tarball no local data for gaxios@https://registry.npmjs.org/gaxios/-/gaxios-7.1.5.tgz. Extracting by manifest.
4650 silly tarball no local data for @electric-sql/pglite-tools@https://registry.npmjs.org/@electric-sql/pglite-tools/-/pglite-tools-0.2.21.tgz. Extracting by manifest.
4651 silly tarball no local data for @electric-sql/pglite@https://registry.npmjs.org/@electric-sql/pglite/-/pglite-0.3.16.tgz. Extracting by manifest.
4652 silly tarball no local data for @apphosting/common@https://registry.npmjs.org/@apphosting/common/-/common-0.0.8.tgz. Extracting by manifest.
4653 silly tarball no local data for firebase-tools@https://registry.npmjs.org/firebase-tools/-/firebase-tools-15.22.4.tgz. Extracting by manifest.
4654 http fetch GET 200 https://registry.npmjs.org/process-nextick-args/-/process-nextick-args-2.0.1.tgz 829ms (cache miss)
4655 http fetch GET 200 https://registry.npmjs.org/isarray/-/isarray-1.0.0.tgz 832ms (cache miss)
4656 http fetch GET 200 https://registry.npmjs.org/cliui/-/cliui-8.0.1.tgz 895ms (cache miss)
4657 http fetch GET 200 https://registry.npmjs.org/escalade/-/escalade-3.2.0.tgz 915ms (cache miss)
4658 http fetch GET 200 https://registry.npmjs.org/core-util-is/-/core-util-is-1.0.3.tgz 967ms (cache miss)
4659 http fetch GET 200 https://registry.npmjs.org/ansi-regex/-/ansi-regex-5.0.1.tgz 958ms (cache miss)
4660 http fetch GET 200 https://registry.npmjs.org/is-typedarray/-/is-typedarray-1.0.0.tgz 1013ms (cache miss)
4661 http fetch GET 200 https://registry.npmjs.org/eastasianwidth/-/eastasianwidth-0.2.0.tgz 1069ms (cache miss)
4662 http fetch GET 200 https://registry.npmjs.org/util-deprecate/-/util-deprecate-1.0.2.tgz 1066ms (cache miss)
4663 http fetch GET 200 https://registry.npmjs.org/get-caller-file/-/get-caller-file-2.0.5.tgz 1060ms (cache miss)
4664 http fetch GET 200 https://registry.npmjs.org/strip-ansi/-/strip-ansi-6.0.1.tgz 1073ms (cache miss)
4665 http fetch GET 200 https://registry.npmjs.org/wrap-ansi/-/wrap-ansi-7.0.0.tgz 1092ms (cache miss)
4666 http fetch GET 200 https://registry.npmjs.org/require-directory/-/require-directory-2.1.1.tgz 1115ms (cache miss)
4667 http fetch GET 200 https://registry.npmjs.org/typedarray-to-buffer/-/typedarray-to-buffer-3.1.5.tgz 1126ms (cache miss)
4668 http fetch GET 200 https://registry.npmjs.org/color-name/-/color-name-1.1.4.tgz 1142ms (cache miss)
4669 http fetch GET 200 https://registry.npmjs.org/ansi-styles/-/ansi-styles-4.3.0.tgz 1143ms (cache miss)
4670 http fetch GET 200 https://registry.npmjs.org/@types/triple-beam/-/triple-beam-1.3.5.tgz 1164ms (cache miss)
4671 http fetch GET 200 https://registry.npmjs.org/color-convert/-/color-convert-3.1.3.tgz 1164ms (cache miss)
4672 http fetch GET 200 https://registry.npmjs.org/text-hex/-/text-hex-1.0.0.tgz 1163ms (cache miss)
4673 http fetch GET 200 https://registry.npmjs.org/fn.name/-/fn.name-1.1.0.tgz 1166ms (cache miss)
4674 http fetch GET 200 https://registry.npmjs.org/crc-32/-/crc-32-1.2.2.tgz 1198ms (cache miss)
4675 http fetch GET 200 https://registry.npmjs.org/color-name/-/color-name-2.1.0.tgz 1188ms (cache miss)
4676 http fetch GET 200 https://registry.npmjs.org/stack-trace/-/stack-trace-0.0.10.tgz 1184ms (cache miss)
4677 http fetch GET 200 https://registry.npmjs.org/color-string/-/color-string-2.1.4.tgz 1215ms (cache miss)
4678 http fetch GET 200 https://registry.npmjs.org/enabled/-/enabled-2.0.0.tgz 1213ms (cache miss)
4679 http fetch GET 200 https://registry.npmjs.org/kuler/-/kuler-2.0.0.tgz 1214ms (cache miss)
4680 http fetch GET 200 https://registry.npmjs.org/one-time/-/one-time-1.0.0.tgz 1237ms (cache miss)
4681 http fetch GET 200 https://registry.npmjs.org/ms/-/ms-2.1.3.tgz 1262ms (cache miss)
4682 http fetch GET 200 https://registry.npmjs.org/strip-json-comments/-/strip-json-comments-2.0.1.tgz 1260ms (cache miss)
4683 http fetch GET 200 https://registry.npmjs.org/formdata-polyfill/-/formdata-polyfill-4.0.10.tgz 1311ms (cache miss)
4684 http fetch GET 200 https://registry.npmjs.org/color-convert/-/color-convert-2.0.1.tgz 1302ms (cache miss)
4685 http fetch GET 200 https://registry.npmjs.org/defaults/-/defaults-1.0.4.tgz 1291ms (cache miss)
4686 http fetch GET 200 https://registry.npmjs.org/y18n/-/y18n-5.0.8.tgz 1339ms (cache miss)
4687 http fetch GET 200 https://registry.npmjs.org/webidl-conversions/-/webidl-conversions-3.0.1.tgz 1323ms (cache miss)
4688 http fetch GET 200 https://registry.npmjs.org/@colors/colors/-/colors-1.6.0.tgz 1325ms (cache miss)
4689 http fetch GET 200 https://registry.npmjs.org/color/-/color-5.0.3.tgz 1356ms (cache miss)
4690 http fetch GET 200 https://registry.npmjs.org/ini/-/ini-1.3.8.tgz 1345ms (cache miss)
4691 http fetch GET 200 https://registry.npmjs.org/fetch-blob/-/fetch-blob-3.2.0.tgz 1420ms (cache miss)
4692 http fetch GET 200 https://registry.npmjs.org/deep-extend/-/deep-extend-0.6.0.tgz 1395ms (cache miss)
4693 http fetch GET 200 https://registry.npmjs.org/config-chain/-/config-chain-1.1.13.tgz 1394ms (cache miss)
4694 http fetch GET 200 https://registry.npmjs.org/isexe/-/isexe-2.0.0.tgz 1427ms (cache miss)
4695 http fetch GET 200 https://registry.npmjs.org/proto-list/-/proto-list-1.2.4.tgz 1423ms (cache miss)
4696 http fetch GET 200 https://registry.npmjs.org/escape-goat/-/escape-goat-2.1.1.tgz 1420ms (cache miss)
4697 http fetch GET 200 https://registry.npmjs.org/clone/-/clone-1.0.4.tgz 1447ms (cache miss)
4698 http fetch GET 200 https://registry.npmjs.org/@pnpm/config.env-replace/-/config.env-replace-1.1.0.tgz 1440ms (cache miss)
4699 http fetch GET 200 https://registry.npmjs.org/ini/-/ini-1.3.8.tgz 1462ms (cache miss)
4700 http fetch GET 200 https://registry.npmjs.org/widest-line/-/widest-line-3.1.0.tgz 1457ms (cache miss)
4701 http fetch GET 200 https://registry.npmjs.org/ini/-/ini-2.0.0.tgz 1484ms (cache miss)
4702 http fetch GET 200 https://registry.npmjs.org/is-path-inside/-/is-path-inside-3.0.3.tgz 1484ms (cache miss)
4703 http fetch GET 200 https://registry.npmjs.org/@so-ric/colorspace/-/colorspace-1.1.6.tgz 1520ms (cache miss)
4704 http fetch GET 200 https://registry.npmjs.org/global-dirs/-/global-dirs-3.0.1.tgz 1504ms (cache miss)
4705 http fetch GET 200 https://registry.npmjs.org/cli-boxes/-/cli-boxes-2.2.1.tgz 1503ms (cache miss)
4706 http fetch GET 200 https://registry.npmjs.org/registry-url/-/registry-url-5.1.0.tgz 1501ms (cache miss)
4707 http fetch GET 200 https://registry.npmjs.org/ansi-align/-/ansi-align-3.0.1.tgz 1503ms (cache miss)
4708 http fetch GET 200 https://registry.npmjs.org/ci-info/-/ci-info-2.0.0.tgz 1536ms (cache miss)
4709 http fetch GET 200 https://registry.npmjs.org/camelcase/-/camelcase-6.3.0.tgz 1535ms (cache miss)
4710 http fetch GET 200 https://registry.npmjs.org/semver-diff/-/semver-diff-3.1.1.tgz 1534ms (cache miss)
4711 http fetch GET 200 https://registry.npmjs.org/is-npm/-/is-npm-5.0.0.tgz 1531ms (cache miss)
4712 http fetch GET 200 https://registry.npmjs.org/is-ci/-/is-ci-2.0.0.tgz 1530ms (cache miss)
4713 http fetch GET 200 https://registry.npmjs.org/imurmurhash/-/imurmurhash-0.1.4.tgz 1598ms (cache miss)
4714 http fetch GET 200 https://registry.npmjs.org/pupa/-/pupa-2.1.1.tgz 1568ms (cache miss)
4715 http fetch GET 200 https://registry.npmjs.org/is-installed-globally/-/is-installed-globally-0.4.0.tgz 1567ms (cache miss)
4716 http fetch GET 200 https://registry.npmjs.org/is-yarn-global/-/is-yarn-global-0.3.0.tgz 1568ms (cache miss)
4717 http fetch GET 200 https://registry.npmjs.org/ansi-regex/-/ansi-regex-5.0.1.tgz 1565ms (cache miss)
4718 http fetch GET 200 https://registry.npmjs.org/strip-ansi/-/strip-ansi-6.0.1.tgz 1564ms (cache miss)
4719 http fetch GET 200 https://registry.npmjs.org/rc/-/rc-1.2.8.tgz 1611ms (cache miss)
4720 http fetch GET 200 https://registry.npmjs.org/isomorphic-fetch/-/isomorphic-fetch-3.0.0.tgz 1598ms (cache miss)
4721 http fetch GET 200 https://registry.npmjs.org/boxen/-/boxen-5.1.2.tgz 1595ms (cache miss)
4722 http fetch GET 200 https://registry.npmjs.org/has-yarn/-/has-yarn-2.1.0.tgz 1597ms (cache miss)
4723 http fetch GET 200 https://registry.npmjs.org/media-typer/-/media-typer-0.3.0.tgz 1594ms (cache miss)
4724 http fetch GET 200 https://registry.npmjs.org/chalk/-/chalk-4.1.2.tgz 1595ms (cache miss)
4725 http fetch GET 200 https://registry.npmjs.org/thenify/-/thenify-3.3.1.tgz 1593ms (cache miss)
4726 http fetch GET 200 https://registry.npmjs.org/safe-stable-stringify/-/safe-stable-stringify-2.5.0.tgz 1660ms (cache miss)
4727 http fetch GET 200 https://registry.npmjs.org/registry-auth-token/-/registry-auth-token-5.1.1.tgz 1643ms (cache miss)
4728 http fetch GET 200 https://registry.npmjs.org/import-lazy/-/import-lazy-2.1.0.tgz 1639ms (cache miss)
4729 http fetch GET 200 https://registry.npmjs.org/crypto-random-string/-/crypto-random-string-2.0.0.tgz 1636ms (cache miss)
4730 http fetch GET 200 https://registry.npmjs.org/deep-is/-/deep-is-0.1.4.tgz 1634ms (cache miss)
4731 http fetch GET 200 https://registry.npmjs.org/graceful-fs/-/graceful-fs-4.2.10.tgz 1685ms (cache miss)
4732 http fetch GET 200 https://registry.npmjs.org/stream-events/-/stream-events-1.0.5.tgz 1667ms (cache miss)
4733 http fetch GET 200 https://registry.npmjs.org/events-universal/-/events-universal-1.0.1.tgz 1665ms (cache miss)
4734 http fetch GET 200 https://registry.npmjs.org/wrap-ansi/-/wrap-ansi-7.0.0.tgz 1709ms (cache miss)
4735 http fetch GET 200 https://registry.npmjs.org/fast-fifo/-/fast-fifo-1.3.2.tgz 1702ms (cache miss)
4736 http fetch GET 200 https://registry.npmjs.org/supports-color/-/supports-color-7.2.0.tgz 1700ms (cache miss)
4737 http fetch GET 200 https://registry.npmjs.org/crc32-stream/-/crc32-stream-6.0.0.tgz 1791ms (cache miss)
4738 http fetch GET 200 https://registry.npmjs.org/stubs/-/stubs-3.0.0.tgz 1743ms (cache miss)
4739 http fetch GET 200 https://registry.npmjs.org/bare-events/-/bare-events-2.9.1.tgz 1737ms (cache miss)
4740 http fetch GET 200 https://registry.npmjs.org/teex/-/teex-1.0.1.tgz 1739ms (cache miss)
4741 http fetch GET 200 https://registry.npmjs.org/is-promise/-/is-promise-4.0.0.tgz 1733ms (cache miss)
4742 http fetch GET 200 https://registry.npmjs.org/abbrev/-/abbrev-5.0.0.tgz 1733ms (cache miss)
4743 http fetch GET 200 https://registry.npmjs.org/is-number/-/is-number-7.0.0.tgz 1782ms (cache miss)
4744 http fetch GET 200 https://registry.npmjs.org/ip-regex/-/ip-regex-2.1.0.tgz 1780ms (cache miss)
4745 http fetch GET 200 https://registry.npmjs.org/@isaacs/fs-minipass/-/fs-minipass-4.0.1.tgz 1773ms (cache miss)
4746 http fetch GET 200 https://registry.npmjs.org/has-flag/-/has-flag-4.0.0.tgz 1810ms (cache miss)
4747 http fetch GET 200 https://registry.npmjs.org/nopt/-/nopt-10.0.1.tgz 1805ms (cache miss)
4748 http fetch GET 200 https://registry.npmjs.org/env-paths/-/env-paths-2.2.1.tgz 1807ms (cache miss)
4749 http fetch GET 200 https://registry.npmjs.org/which/-/which-7.0.0.tgz 1805ms (cache miss)
4750 http fetch GET 200 https://registry.npmjs.org/text-decoder/-/text-decoder-1.2.7.tgz 1852ms (cache miss)
4751 http fetch GET 200 https://registry.npmjs.org/lodash._objecttypes/-/lodash._objecttypes-2.4.1.tgz 1838ms (cache miss)
4752 http fetch GET 200 https://registry.npmjs.org/install-artifact-from-github/-/install-artifact-from-github-1.6.0.tgz 1871ms (cache miss)
4753 http fetch GET 200 https://registry.npmjs.org/proc-log/-/proc-log-7.0.0.tgz 1876ms (cache miss)
4754 http fetch GET 200 https://registry.npmjs.org/as-array/-/as-array-2.0.0.tgz 1870ms (cache miss)
4755 http fetch GET 200 https://registry.npmjs.org/toxic/-/toxic-1.0.1.tgz 1870ms (cache miss)
4756 http fetch GET 200 https://registry.npmjs.org/url-join/-/url-join-0.0.1.tgz 1872ms (cache miss)
4757 http fetch GET 200 https://registry.npmjs.org/whatwg-fetch/-/whatwg-fetch-3.6.20.tgz 1953ms (cache miss)
4758 http fetch GET 200 https://registry.npmjs.org/is2/-/is2-2.0.1.tgz 1936ms (cache miss)
4759 http fetch GET 200 https://registry.npmjs.org/tsscmp/-/tsscmp-1.0.6.tgz 1917ms (cache miss)
4760 http fetch GET 200 https://registry.npmjs.org/ms/-/ms-2.1.3.tgz 1950ms (cache miss)
4761 http fetch GET 200 https://registry.npmjs.org/fdir/-/fdir-6.5.0.tgz 1997ms (cache miss)
4762 http fetch GET 200 https://registry.npmjs.org/lodash.isobject/-/lodash.isobject-2.4.1.tgz 1989ms (cache miss)
4763 http fetch GET 200 https://registry.npmjs.org/glob-slash/-/glob-slash-1.0.0.tgz 1989ms (cache miss)
4764 http fetch GET 200 https://registry.npmjs.org/is-url/-/is-url-1.2.4.tgz 1985ms (cache miss)
4765 http fetch GET 200 https://registry.npmjs.org/on-finished/-/on-finished-2.3.0.tgz 1984ms (cache miss)
4766 http fetch GET 200 https://registry.npmjs.org/path-to-regexp/-/path-to-regexp-8.4.2.tgz 1989ms (cache miss)
4767 http fetch GET 200 https://registry.npmjs.org/semver/-/semver-6.3.1.tgz 2060ms (cache miss)
4768 http fetch GET 200 https://registry.npmjs.org/compressible/-/compressible-2.0.18.tgz 2027ms (cache miss)
4769 http fetch GET 200 https://registry.npmjs.org/statuses/-/statuses-1.5.0.tgz 2022ms (cache miss)
4770 http fetch GET 200 https://registry.npmjs.org/encodeurl/-/encodeurl-1.0.2.tgz 2021ms (cache miss)
4771 http fetch GET 200 https://registry.npmjs.org/finalhandler/-/finalhandler-1.1.2.tgz 2022ms (cache miss)
4772 http fetch GET 200 https://registry.npmjs.org/valid-url/-/valid-url-1.0.9.tgz 2072ms (cache miss)
4773 http fetch GET 200 https://registry.npmjs.org/router/-/router-2.2.0.tgz 2069ms (cache miss)
4774 http fetch GET 200 https://registry.npmjs.org/join-path/-/join-path-1.1.1.tgz 2067ms (cache miss)
4775 http fetch GET 200 https://registry.npmjs.org/glob-slasher/-/glob-slasher-1.0.1.tgz 2066ms (cache miss)
4776 http fetch GET 200 https://registry.npmjs.org/connect/-/connect-3.7.0.tgz 2066ms (cache miss)
4777 http fetch GET 200 https://registry.npmjs.org/is-fullwidth-code-point/-/is-fullwidth-code-point-3.0.0.tgz 2062ms (cache miss)
4778 http fetch GET 200 https://registry.npmjs.org/basic-auth-connect/-/basic-auth-connect-1.1.0.tgz 2063ms (cache miss)
4779 http fetch GET 200 https://registry.npmjs.org/ret/-/ret-0.1.15.tgz 2062ms (cache miss)
4780 http fetch GET 200 https://registry.npmjs.org/randexp/-/randexp-0.4.6.tgz 2061ms (cache miss)
4781 http fetch GET 200 https://registry.npmjs.org/debug/-/debug-4.4.3.tgz 2104ms (cache miss)
4782 http fetch GET 200 https://registry.npmjs.org/compression/-/compression-1.8.1.tgz 2099ms (cache miss)
4783 http fetch GET 200 https://registry.npmjs.org/discontinuous-range/-/discontinuous-range-1.0.0.tgz 2097ms (cache miss)
4784 http fetch GET 200 https://registry.npmjs.org/emoji-regex/-/emoji-regex-8.0.0.tgz 2097ms (cache miss)
4785 http fetch GET 200 https://registry.npmjs.org/moo/-/moo-0.5.3.tgz 2096ms (cache miss)
4786 http fetch GET 200 https://registry.npmjs.org/tinyglobby/-/tinyglobby-0.2.17.tgz 2157ms (cache miss)
4787 http fetch GET 200 https://registry.npmjs.org/railroad-diagrams/-/railroad-diagrams-1.0.0.tgz 2136ms (cache miss)
4788 http fetch GET 200 https://registry.npmjs.org/side-channel-weakmap/-/side-channel-weakmap-1.0.2.tgz 2132ms (cache miss)
4789 http fetch GET 200 https://registry.npmjs.org/side-channel-list/-/side-channel-list-1.0.1.tgz 2131ms (cache miss)
4790 http fetch GET 200 https://registry.npmjs.org/call-bound/-/call-bound-1.0.4.tgz 2134ms (cache miss)
4791 http fetch GET 200 https://registry.npmjs.org/shebang-regex/-/shebang-regex-3.0.0.tgz 2132ms (cache miss)
4792 http fetch GET 200 https://registry.npmjs.org/unicode-emoji-modifier-base/-/unicode-emoji-modifier-base-1.0.0.tgz 2170ms (cache miss)
4793 http fetch GET 200 https://registry.npmjs.org/mimic-fn/-/mimic-fn-2.1.0.tgz 2165ms (cache miss)
4794 http fetch GET 200 https://registry.npmjs.org/string_decoder/-/string_decoder-1.3.0.tgz 2166ms (cache miss)
4795 http fetch GET 200 https://registry.npmjs.org/bare-stream/-/bare-stream-2.13.3.tgz 2239ms (cache miss)
4796 http fetch GET 200 https://registry.npmjs.org/debug/-/debug-4.4.3.tgz 2187ms (cache miss)
4797 http fetch GET 200 https://registry.npmjs.org/debug/-/debug-4.4.3.tgz 2190ms (cache miss)
4798 http fetch GET 200 https://registry.npmjs.org/process/-/process-0.11.10.tgz 2201ms (cache miss)
4799 http fetch GET 200 https://registry.npmjs.org/side-channel/-/side-channel-1.1.1.tgz 2200ms (cache miss)
4800 http fetch GET 200 https://registry.npmjs.org/estraverse/-/estraverse-5.3.0.tgz 2199ms (cache miss)
4801 http fetch GET 200 https://registry.npmjs.org/bare-path/-/bare-path-3.0.1.tgz 2281ms (cache miss)
4802 http fetch GET 200 https://registry.npmjs.org/commander/-/commander-2.20.3.tgz 2250ms (cache miss)
4803 http fetch GET 200 https://registry.npmjs.org/side-channel-map/-/side-channel-map-1.0.1.tgz 2247ms (cache miss)
4804 http fetch GET 200 https://registry.npmjs.org/onetime/-/onetime-5.1.2.tgz 2244ms (cache miss)
4805 http fetch GET 200 https://registry.npmjs.org/data-uri-to-buffer/-/data-uri-to-buffer-6.0.2.tgz 2238ms (cache miss)
4806 http fetch GET 200 https://registry.npmjs.org/escodegen/-/escodegen-2.1.0.tgz 2240ms (cache miss)
4807 http fetch GET 200 https://registry.npmjs.org/degenerator/-/degenerator-5.0.1.tgz 2237ms (cache miss)
4808 http fetch GET 200 https://registry.npmjs.org/data-uri-to-buffer/-/data-uri-to-buffer-4.0.1.tgz 2280ms (cache miss)
4809 http fetch GET 200 https://registry.npmjs.org/ms/-/ms-2.1.3.tgz 2269ms (cache miss)
4810 http fetch GET 200 https://registry.npmjs.org/ms/-/ms-2.1.3.tgz 2272ms (cache miss)
4811 http fetch GET 200 https://registry.npmjs.org/ms/-/ms-2.1.3.tgz 2264ms (cache miss)
4812 http fetch GET 200 https://registry.npmjs.org/ms/-/ms-2.1.3.tgz 2268ms (cache miss)
4813 http fetch GET 200 https://registry.npmjs.org/socks-proxy-agent/-/socks-proxy-agent-8.0.5.tgz 2272ms (cache miss)
4814 http fetch GET 200 https://registry.npmjs.org/b4a/-/b4a-1.8.1.tgz 2356ms (cache miss)
4815 http fetch GET 200 https://registry.npmjs.org/streamx/-/streamx-2.28.0.tgz 2396ms (cache miss)
4816 http fetch GET 200 https://registry.npmjs.org/proxy-from-env/-/proxy-from-env-1.1.0.tgz 2346ms (cache miss)
4817 http fetch GET 200 https://registry.npmjs.org/@protobufjs/path/-/path-1.1.2.tgz 2342ms (cache miss)
4818 http fetch GET 200 https://registry.npmjs.org/@protobufjs/utf8/-/utf8-1.1.1.tgz 2343ms (cache miss)
4819 http fetch GET 200 https://registry.npmjs.org/http-proxy-agent/-/http-proxy-agent-7.0.2.tgz 2398ms (cache miss)
4820 http fetch GET 200 https://registry.npmjs.org/@protobufjs/fetch/-/fetch-1.1.1.tgz 2392ms (cache miss)
4821 http fetch GET 200 https://registry.npmjs.org/xtend/-/xtend-4.0.2.tgz 2389ms (cache miss)
4822 http fetch GET 200 https://registry.npmjs.org/@protobufjs/base64/-/base64-1.1.2.tgz 2390ms (cache miss)
4823 http fetch GET 200 https://registry.npmjs.org/@pnpm/npm-conf/-/npm-conf-3.0.3.tgz 2515ms (cache miss)
4824 http fetch GET 200 https://registry.npmjs.org/esutils/-/esutils-2.0.3.tgz 2449ms (cache miss)
4825 http fetch GET 200 https://registry.npmjs.org/forwarded/-/forwarded-0.2.0.tgz 2436ms (cache miss)
4826 http fetch GET 200 https://registry.npmjs.org/@protobufjs/pool/-/pool-1.1.0.tgz 2433ms (cache miss)
4827 http fetch GET 200 https://registry.npmjs.org/split2/-/split2-4.2.0.tgz 2428ms (cache miss)
4828 http fetch GET 200 https://registry.npmjs.org/@protobufjs/codegen/-/codegen-2.0.5.tgz 2432ms (cache miss)
4829 http fetch GET 200 https://registry.npmjs.org/@protobufjs/eventemitter/-/eventemitter-1.1.1.tgz 2433ms (cache miss)
4830 http fetch GET 200 https://registry.npmjs.org/postgres-interval/-/postgres-interval-1.2.0.tgz 2429ms (cache miss)
4831 http fetch GET 200 https://registry.npmjs.org/postgres-bytea/-/postgres-bytea-1.0.1.tgz 2428ms (cache miss)
4832 http fetch GET 200 https://registry.npmjs.org/@protobufjs/aspromise/-/aspromise-1.1.2.tgz 2432ms (cache miss)
4833 http fetch GET 200 https://registry.npmjs.org/pg-int8/-/pg-int8-1.0.1.tgz 2429ms (cache miss)
4834 http fetch GET 200 https://registry.npmjs.org/postgres-array/-/postgres-array-2.0.0.tgz 2428ms (cache miss)
4835 http fetch GET 200 https://registry.npmjs.org/pgpass/-/pgpass-1.0.5.tgz 2427ms (cache miss)
4836 http fetch GET 200 https://registry.npmjs.org/debug/-/debug-4.4.3.tgz 2479ms (cache miss)
4837 http fetch GET 200 https://registry.npmjs.org/ipaddr.js/-/ipaddr.js-1.9.1.tgz 2476ms (cache miss)
4838 http fetch GET 200 https://registry.npmjs.org/@protobufjs/float/-/float-1.0.2.tgz 2471ms (cache miss)
4839 http fetch GET 200 https://registry.npmjs.org/restore-cursor/-/restore-cursor-3.1.0.tgz 2460ms (cache miss)
4840 http fetch GET 200 https://registry.npmjs.org/signal-exit/-/signal-exit-3.0.7.tgz 2460ms (cache miss)
4841 http fetch GET 200 https://registry.npmjs.org/postgres-date/-/postgres-date-1.0.7.tgz 2507ms (cache miss)
4842 http fetch GET 200 https://registry.npmjs.org/pg-connection-string/-/pg-connection-string-2.14.0.tgz 2502ms (cache miss)
4843 http fetch GET 200 https://registry.npmjs.org/log-symbols/-/log-symbols-4.1.0.tgz 2499ms (cache miss)
4844 http fetch GET 200 https://registry.npmjs.org/is-unicode-supported/-/is-unicode-supported-0.1.0.tgz 2498ms (cache miss)
4845 http fetch GET 200 https://registry.npmjs.org/ieee754/-/ieee754-1.2.1.tgz 2501ms (cache miss)
4846 http fetch GET 200 https://registry.npmjs.org/is-interactive/-/is-interactive-1.0.0.tgz 2497ms (cache miss)
4847 http fetch GET 200 https://registry.npmjs.org/debug/-/debug-4.4.3.tgz 2561ms (cache miss)
4848 http fetch GET 200 https://registry.npmjs.org/pg-pool/-/pg-pool-3.14.0.tgz 2546ms (cache miss)
4849 http fetch GET 200 https://registry.npmjs.org/buffer/-/buffer-5.7.1.tgz 2541ms (cache miss)
4850 http fetch GET 200 https://registry.npmjs.org/chalk/-/chalk-4.1.2.tgz 2539ms (cache miss)
4851 http fetch GET 200 https://registry.npmjs.org/wcwidth/-/wcwidth-1.0.1.tgz 2541ms (cache miss)
4852 http fetch GET 200 https://registry.npmjs.org/wrappy/-/wrappy-1.0.2.tgz 2535ms (cache miss)
4853 http fetch GET 200 https://registry.npmjs.org/is-wsl/-/is-wsl-1.1.0.tgz 2538ms (cache miss)
4854 http fetch GET 200 https://registry.npmjs.org/cli-cursor/-/cli-cursor-3.1.0.tgz 2539ms (cache miss)
4855 http fetch GET 200 https://registry.npmjs.org/ee-first/-/ee-first-1.1.1.tgz 2537ms (cache miss)
4856 http fetch GET 200 https://registry.npmjs.org/whatwg-url/-/whatwg-url-5.0.0.tgz 2536ms (cache miss)
4857 http fetch GET 200 https://registry.npmjs.org/cli-spinners/-/cli-spinners-2.9.2.tgz 2575ms (cache miss)
4858 http fetch GET 200 https://registry.npmjs.org/skin-tone/-/skin-tone-2.0.0.tgz 2571ms (cache miss)
4859 http fetch GET 200 https://registry.npmjs.org/char-regex/-/char-regex-1.0.2.tgz 2570ms (cache miss)
4860 http fetch GET 200 https://registry.npmjs.org/on-headers/-/on-headers-1.1.0.tgz 2567ms (cache miss)
4861 http fetch GET 200 https://registry.npmjs.org/thenify-all/-/thenify-all-1.6.0.tgz 2570ms (cache miss)
4862 http fetch GET 200 https://registry.npmjs.org/picomatch/-/picomatch-4.0.4.tgz 2683ms (cache miss)
4863 http fetch GET 200 https://registry.npmjs.org/balanced-match/-/balanced-match-1.0.2.tgz 2603ms (cache miss)
4864 http fetch GET 200 https://registry.npmjs.org/concat-map/-/concat-map-0.0.1.tgz 2604ms (cache miss)
4865 http fetch GET 200 https://registry.npmjs.org/yargs-parser/-/yargs-parser-21.1.1.tgz 2778ms (cache miss)
4866 http fetch GET 200 https://registry.npmjs.org/tr46/-/tr46-0.0.3.tgz 2760ms (cache miss)
4867 http fetch GET 200 https://registry.npmjs.org/netmask/-/netmask-2.1.1.tgz 2684ms (cache miss)
4868 http fetch GET 200 https://registry.npmjs.org/@sindresorhus/is/-/is-4.6.0.tgz 2641ms (cache miss)
4869 http fetch GET 200 https://registry.npmjs.org/basic-auth/-/basic-auth-2.0.1.tgz 2640ms (cache miss)
4870 http fetch GET 200 https://registry.npmjs.org/brace-expansion/-/brace-expansion-1.1.15.tgz 2637ms (cache miss)
4871 http fetch GET 200 https://registry.npmjs.org/environment/-/environment-1.1.0.tgz 2633ms (cache miss)
4872 http fetch GET 200 https://registry.npmjs.org/pac-proxy-agent/-/pac-proxy-agent-7.2.0.tgz 2711ms (cache miss)
4873 http fetch GET 200 https://registry.npmjs.org/parse5-htmlparser2-tree-adapter/-/parse5-htmlparser2-tree-adapter-6.0.1.tgz 2671ms (cache miss)
4874 http fetch GET 200 https://registry.npmjs.org/mz/-/mz-2.7.0.tgz 2670ms (cache miss)
4875 http fetch GET 200 https://registry.npmjs.org/wrap-ansi/-/wrap-ansi-7.0.0.tgz 2667ms (cache miss)
4876 http fetch GET 200 https://registry.npmjs.org/cli-highlight/-/cli-highlight-2.1.11.tgz 2668ms (cache miss)
4877 http fetch GET 200 https://registry.npmjs.org/ansi-regex/-/ansi-regex-5.0.1.tgz 2667ms (cache miss)
4878 http fetch GET 200 https://registry.npmjs.org/strip-ansi/-/strip-ansi-6.0.1.tgz 2667ms (cache miss)
4879 http fetch GET 200 https://registry.npmjs.org/cliui/-/cliui-7.0.4.tgz 2666ms (cache miss)
4880 http fetch GET 200 https://registry.npmjs.org/negotiator/-/negotiator-0.6.4.tgz 2775ms (cache miss)
4881 http fetch GET 200 https://registry.npmjs.org/safe-buffer/-/safe-buffer-5.1.2.tgz 2713ms (cache miss)
4882 http fetch GET 200 https://registry.npmjs.org/supports-hyperlinks/-/supports-hyperlinks-3.2.0.tgz 2708ms (cache miss)
4883 http fetch GET 200 https://registry.npmjs.org/chalk/-/chalk-5.6.2.tgz 2701ms (cache miss)
4884 http fetch GET 200 https://registry.npmjs.org/ansi-escapes/-/ansi-escapes-7.3.0.tgz 2700ms (cache miss)
4885 http fetch GET 200 https://registry.npmjs.org/ansi-regex/-/ansi-regex-6.2.2.tgz 2703ms (cache miss)
4886 http fetch GET 200 https://registry.npmjs.org/jwa/-/jwa-2.0.1.tgz 2699ms (cache miss)
4887 http fetch GET 200 https://registry.npmjs.org/tslib/-/tslib-2.8.1.tgz 2790ms (cache miss)
4888 http fetch GET 200 https://registry.npmjs.org/lodash.once/-/lodash.once-4.1.1.tgz 2727ms (cache miss)
4889 http fetch GET 200 https://registry.npmjs.org/lodash.isplainobject/-/lodash.isplainobject-4.0.6.tgz 2726ms (cache miss)
4890 http fetch GET 200 https://registry.npmjs.org/lodash.isstring/-/lodash.isstring-4.0.1.tgz 2728ms (cache miss)
4891 http fetch GET 200 https://registry.npmjs.org/lodash.isinteger/-/lodash.isinteger-4.0.4.tgz 2726ms (cache miss)
4892 http fetch GET 200 https://registry.npmjs.org/lodash.isboolean/-/lodash.isboolean-3.0.3.tgz 2726ms (cache miss)
4893 http fetch GET 200 https://registry.npmjs.org/lodash.isnumber/-/lodash.isnumber-3.0.3.tgz 2728ms (cache miss)
4894 http fetch GET 200 https://registry.npmjs.org/lodash.includes/-/lodash.includes-4.3.0.tgz 2726ms (cache miss)
4895 http fetch GET 200 https://registry.npmjs.org/wrap-ansi/-/wrap-ansi-7.0.0.tgz 2758ms (cache miss)
4896 http fetch GET 200 https://registry.npmjs.org/ansi-regex/-/ansi-regex-5.0.1.tgz 2739ms (cache miss)
4897 http fetch GET 200 https://registry.npmjs.org/ansi-regex/-/ansi-regex-5.0.1.tgz 2736ms (cache miss)
4898 http fetch GET 200 https://registry.npmjs.org/ansi-regex/-/ansi-regex-5.0.1.tgz 2743ms (cache miss)
4899 http fetch GET 200 https://registry.npmjs.org/strip-ansi/-/strip-ansi-6.0.1.tgz 2741ms (cache miss)
4900 http fetch GET 200 https://registry.npmjs.org/strip-ansi/-/strip-ansi-6.0.1.tgz 2740ms (cache miss)
4901 http fetch GET 200 https://registry.npmjs.org/strip-ansi/-/strip-ansi-6.0.1.tgz 2737ms (cache miss)
4902 http fetch GET 200 https://registry.npmjs.org/@pnpm/network.ca-file/-/network.ca-file-1.0.2.tgz 2934ms (cache miss)
4903 http fetch GET 200 https://registry.npmjs.org/esprima/-/esprima-4.0.1.tgz 2863ms (cache miss)
4904 http fetch GET 200 https://registry.npmjs.org/chalk/-/chalk-4.1.2.tgz 2805ms (cache miss)
4905 http fetch GET 200 https://registry.npmjs.org/buffer-equal-constant-time/-/buffer-equal-constant-time-1.0.1.tgz 2803ms (cache miss)
4906 http fetch GET 200 https://registry.npmjs.org/string-width/-/string-width-4.2.3.tgz 2775ms (cache miss)
4907 http fetch GET 200 https://registry.npmjs.org/strip-ansi/-/strip-ansi-7.2.0.tgz 2775ms (cache miss)
4908 http fetch GET 200 https://registry.npmjs.org/ansi-styles/-/ansi-styles-6.2.3.tgz 2772ms (cache miss)
4909 http fetch GET 200 https://registry.npmjs.org/fecha/-/fecha-4.2.3.tgz 3002ms (cache miss)
4910 http fetch GET 200 https://registry.npmjs.org/bl/-/bl-4.1.0.tgz 2878ms (cache miss)
4911 http fetch GET 200 https://registry.npmjs.org/mime-db/-/mime-db-1.52.0.tgz 2868ms (cache miss)
4912 http fetch GET 200 https://registry.npmjs.org/safer-buffer/-/safer-buffer-2.1.2.tgz 2821ms (cache miss)
4913 http fetch GET 200 https://registry.npmjs.org/string-width/-/string-width-5.1.2.tgz 2823ms (cache miss)
4914 http fetch GET 200 https://registry.npmjs.org/binary-extensions/-/binary-extensions-2.3.0.tgz 2823ms (cache miss)
4915 http fetch GET 200 https://registry.npmjs.org/wrap-ansi/-/wrap-ansi-8.1.0.tgz 2824ms (cache miss)
4916 http fetch GET 200 https://registry.npmjs.org/agent-base/-/agent-base-7.1.4.tgz 2844ms (cache miss)
4917 http fetch GET 200 https://registry.npmjs.org/emoji-regex/-/emoji-regex-9.2.2.tgz 2858ms (cache miss)
4918 http fetch GET 200 https://registry.npmjs.org/once/-/once-1.4.0.tgz 2854ms (cache miss)
4919 http fetch GET 200 https://registry.npmjs.org/stream-shift/-/stream-shift-1.0.3.tgz 2853ms (cache miss)
4920 http fetch GET 200 https://registry.npmjs.org/toidentifier/-/toidentifier-1.0.1.tgz 2856ms (cache miss)
4921 http fetch GET 200 https://registry.npmjs.org/is-extglob/-/is-extglob-2.1.1.tgz 2859ms (cache miss)
4922 http fetch GET 200 https://registry.npmjs.org/url-template/-/url-template-2.0.8.tgz 2855ms (cache miss)
4923 http fetch GET 200 https://registry.npmjs.org/lodash.camelcase/-/lodash.camelcase-4.3.0.tgz 2853ms (cache miss)
4924 http fetch GET 200 https://registry.npmjs.org/end-of-stream/-/end-of-stream-1.4.5.tgz 2854ms (cache miss)
4925 http fetch GET 200 https://registry.npmjs.org/@isaacs/cliui/-/cliui-8.0.2.tgz 2900ms (cache miss)
4926 http fetch GET 200 https://registry.npmjs.org/retry-request/-/retry-request-8.0.3.tgz 2890ms (cache miss)
4927 http fetch GET 200 https://registry.npmjs.org/duplexify/-/duplexify-4.1.3.tgz 2889ms (cache miss)
4928 http fetch GET 200 https://registry.npmjs.org/inherits/-/inherits-2.0.4.tgz 2925ms (cache miss)
4929 http fetch GET 200 https://registry.npmjs.org/object-hash/-/object-hash-3.0.0.tgz 2920ms (cache miss)
4930 http fetch GET 200 https://registry.npmjs.org/gtoken/-/gtoken-7.1.0.tgz 2918ms (cache miss)
4931 http fetch GET 200 https://registry.npmjs.org/compress-commons/-/compress-commons-6.0.2.tgz 3160ms (cache miss)
4932 http fetch GET 200 https://registry.npmjs.org/pg-types/-/pg-types-2.2.0.tgz 3036ms (cache miss)
4933 http fetch GET 200 https://registry.npmjs.org/node-emoji/-/node-emoji-2.2.0.tgz 3010ms (cache miss)
4934 http fetch GET 200 https://registry.npmjs.org/ecdsa-sig-formatter/-/ecdsa-sig-formatter-1.0.11.tgz 2956ms (cache miss)
4935 http fetch GET 200 https://registry.npmjs.org/package-json-from-dist/-/package-json-from-dist-1.0.1.tgz 2954ms (cache miss)
4936 http fetch GET 200 https://registry.npmjs.org/foreground-child/-/foreground-child-3.3.1.tgz 2953ms (cache miss)
4937 http fetch GET 200 https://registry.npmjs.org/json-bigint/-/json-bigint-1.0.0.tgz 2993ms (cache miss)
4938 http fetch GET 200 https://registry.npmjs.org/jws/-/jws-4.0.1.tgz 2995ms (cache miss)
4939 http fetch GET 200 https://registry.npmjs.org/has-symbols/-/has-symbols-1.1.0.tgz 2988ms (cache miss)
4940 http fetch GET 200 https://registry.npmjs.org/dunder-proto/-/dunder-proto-1.0.1.tgz 2989ms (cache miss)
4941 http fetch GET 200 https://registry.npmjs.org/gopd/-/gopd-1.2.0.tgz 2988ms (cache miss)
4942 http fetch GET 200 https://registry.npmjs.org/math-intrinsics/-/math-intrinsics-1.1.0.tgz 2989ms (cache miss)
4943 http fetch GET 200 https://registry.npmjs.org/get-proto/-/get-proto-1.0.1.tgz 2989ms (cache miss)
4944 http fetch GET 200 https://registry.npmjs.org/function-bind/-/function-bind-1.1.2.tgz 2988ms (cache miss)
4945 http fetch GET 200 https://registry.npmjs.org/base64-js/-/base64-js-1.5.1.tgz 3031ms (cache miss)
4946 http fetch GET 200 https://registry.npmjs.org/es-define-property/-/es-define-property-1.0.1.tgz 3026ms (cache miss)
4947 http fetch GET 200 https://registry.npmjs.org/call-bind-apply-helpers/-/call-bind-apply-helpers-1.0.2.tgz 3025ms (cache miss)
4948 http fetch GET 200 https://registry.npmjs.org/es-object-atoms/-/es-object-atoms-1.1.2.tgz 3027ms (cache miss)
4949 http fetch GET 200 https://registry.npmjs.org/ms/-/ms-2.1.3.tgz 3023ms (cache miss)
4950 http fetch GET 200 https://registry.npmjs.org/debug/-/debug-4.4.3.tgz 3025ms (cache miss)
4951 http fetch GET 200 https://registry.npmjs.org/@dabh/diagnostics/-/diagnostics-2.0.8.tgz 3260ms (cache miss)
4952 http fetch GET 200 https://registry.npmjs.org/chownr/-/chownr-3.0.0.tgz 3220ms (cache miss)
4953 http fetch GET 200 https://registry.npmjs.org/smart-buffer/-/smart-buffer-4.2.0.tgz 3193ms (cache miss)
4954 http fetch GET 200 https://registry.npmjs.org/emojilib/-/emojilib-2.4.0.tgz 3140ms (cache miss)
4955 http fetch GET 200 https://registry.npmjs.org/jsonfile/-/jsonfile-6.2.1.tgz 3064ms (cache miss)
4956 http fetch GET 200 https://registry.npmjs.org/get-intrinsic/-/get-intrinsic-1.3.0.tgz 3060ms (cache miss)
4957 http fetch GET 200 https://registry.npmjs.org/es-errors/-/es-errors-1.3.0.tgz 3060ms (cache miss)
4958 http fetch GET 200 https://registry.npmjs.org/hasown/-/hasown-2.0.4.tgz 3086ms (cache miss)
4959 http fetch GET 200 https://registry.npmjs.org/delayed-stream/-/delayed-stream-1.0.0.tgz 3088ms (cache miss)
4960 http fetch GET 200 https://registry.npmjs.org/has-tostringtag/-/has-tostringtag-1.0.2.tgz 3090ms (cache miss)
4961 http fetch GET 200 https://registry.npmjs.org/argparse/-/argparse-2.0.1.tgz 3154ms (cache miss)
4962 http fetch GET 200 https://registry.npmjs.org/universalify/-/universalify-2.0.1.tgz 3105ms (cache miss)
4963 http fetch GET 200 https://registry.npmjs.org/https-proxy-agent/-/https-proxy-agent-7.0.6.tgz 3107ms (cache miss)
4964 http fetch GET 200 https://registry.npmjs.org/es-set-tostringtag/-/es-set-tostringtag-2.1.0.tgz 3129ms (cache miss)
4965 http fetch GET 200 https://registry.npmjs.org/asynckit/-/asynckit-0.4.0.tgz 3129ms (cache miss)
4966 http fetch GET 200 https://registry.npmjs.org/combined-stream/-/combined-stream-1.0.8.tgz 3127ms (cache miss)
4967 http fetch GET 200 https://registry.npmjs.org/utils-merge/-/utils-merge-1.0.1.tgz 3127ms (cache miss)
4968 http fetch GET 200 https://registry.npmjs.org/statuses/-/statuses-2.0.2.tgz 3126ms (cache miss)
4969 http fetch GET 200 https://registry.npmjs.org/pg-cloudflare/-/pg-cloudflare-1.4.0.tgz 3239ms (cache miss)
4970 http fetch GET 200 https://registry.npmjs.org/to-regex-range/-/to-regex-range-5.0.1.tgz 3159ms (cache miss)
4971 http fetch GET 200 https://registry.npmjs.org/setprototypeof/-/setprototypeof-1.2.0.tgz 3155ms (cache miss)
4972 http fetch GET 200 https://registry.npmjs.org/safe-buffer/-/safe-buffer-5.2.1.tgz 3153ms (cache miss)
4973 http fetch GET 200 https://registry.npmjs.org/ms/-/ms-2.1.3.tgz 3155ms (cache miss)
4974 http fetch GET 200 https://registry.npmjs.org/mime-types/-/mime-types-2.1.35.tgz 3196ms (cache miss)
4975 http fetch GET 200 https://registry.npmjs.org/send/-/send-0.19.2.tgz 3194ms (cache miss)
4976 http fetch GET 200 https://registry.npmjs.org/parseurl/-/parseurl-1.3.3.tgz 3190ms (cache miss)
4977 http fetch GET 200 https://registry.npmjs.org/range-parser/-/range-parser-1.2.1.tgz 3193ms (cache miss)
4978 http fetch GET 200 https://registry.npmjs.org/merge-descriptors/-/merge-descriptors-1.0.3.tgz 3191ms (cache miss)
4979 http fetch GET 200 https://registry.npmjs.org/fresh/-/fresh-0.5.2.tgz 3190ms (cache miss)
4980 http fetch GET 200 https://registry.npmjs.org/finalhandler/-/finalhandler-1.3.2.tgz 3189ms (cache miss)
4981 http fetch GET 200 https://registry.npmjs.org/methods/-/methods-1.1.2.tgz 3190ms (cache miss)
4982 http fetch GET 200 https://registry.npmjs.org/yallist/-/yallist-5.0.0.tgz 3379ms (cache miss)
4983 http fetch GET 200 https://registry.npmjs.org/serve-static/-/serve-static-1.16.3.tgz 3229ms (cache miss)
4984 http fetch GET 200 https://registry.npmjs.org/proxy-addr/-/proxy-addr-2.0.7.tgz 3227ms (cache miss)
4985 http fetch GET 200 https://registry.npmjs.org/escape-html/-/escape-html-1.0.3.tgz 3223ms (cache miss)
4986 http fetch GET 200 https://registry.npmjs.org/content-disposition/-/content-disposition-0.5.4.tgz 3221ms (cache miss)
4987 http fetch GET 200 https://registry.npmjs.org/etag/-/etag-1.8.1.tgz 3223ms (cache miss)
4988 http fetch GET 200 https://registry.npmjs.org/encodeurl/-/encodeurl-2.0.0.tgz 3222ms (cache miss)
4989 http fetch GET 200 https://registry.npmjs.org/cookie-signature/-/cookie-signature-1.0.7.tgz 3223ms (cache miss)
4990 http fetch GET 200 https://registry.npmjs.org/accepts/-/accepts-1.3.8.tgz 3220ms (cache miss)
4991 http fetch GET 200 https://registry.npmjs.org/call-me-maybe/-/call-me-maybe-1.0.2.tgz 3228ms (cache miss)
4992 http fetch GET 200 https://registry.npmjs.org/openapi3-ts/-/openapi3-ts-3.2.0.tgz 3226ms (cache miss)
4993 http fetch GET 200 https://registry.npmjs.org/path-to-regexp/-/path-to-regexp-0.1.13.tgz 3277ms (cache miss)
4994 http fetch GET 200 https://registry.npmjs.org/cookie/-/cookie-0.7.2.tgz 3272ms (cache miss)
4995 http fetch GET 200 https://registry.npmjs.org/jju/-/jju-1.4.0.tgz 3355ms (cache miss)
4996 http fetch GET 200 https://registry.npmjs.org/events-listener/-/events-listener-1.1.0.tgz 3274ms (cache miss)
4997 http fetch GET 200 https://registry.npmjs.org/ms/-/ms-2.0.0.tgz 3273ms (cache miss)
4998 http fetch GET 200 https://registry.npmjs.org/is-obj/-/is-obj-2.0.0.tgz 3273ms (cache miss)
4999 http fetch GET 200 https://registry.npmjs.org/path-key/-/path-key-3.1.1.tgz 3270ms (cache miss)
5000 http fetch GET 200 https://registry.npmjs.org/which/-/which-2.0.2.tgz 3273ms (cache miss)
5001 http fetch GET 200 https://registry.npmjs.org/array-flatten/-/array-flatten-1.1.1.tgz 3312ms (cache miss)
5002 http fetch GET 200 https://registry.npmjs.org/@types/json-schema/-/json-schema-7.0.15.tgz 3318ms (cache miss)
5003 http fetch GET 200 https://registry.npmjs.org/deep-freeze/-/deep-freeze-0.0.1.tgz 3315ms (cache miss)
5004 http fetch GET 200 https://registry.npmjs.org/object-assign/-/object-assign-4.1.1.tgz 3309ms (cache miss)
5005 http fetch GET 200 https://registry.npmjs.org/make-dir/-/make-dir-3.1.0.tgz 3308ms (cache miss)
5006 http fetch GET 200 https://registry.npmjs.org/unique-string/-/unique-string-2.0.0.tgz 3308ms (cache miss)
5007 http fetch GET 200 https://registry.npmjs.org/negotiator/-/negotiator-0.6.3.tgz 3358ms (cache miss)
5008 http fetch GET 200 https://registry.npmjs.org/mime/-/mime-1.6.0.tgz 3354ms (cache miss)
5009 http fetch GET 200 https://registry.npmjs.org/minimist/-/minimist-1.2.8.tgz 3570ms (cache miss)
5010 http fetch GET 200 https://registry.npmjs.org/shebang-command/-/shebang-command-2.0.0.tgz 3344ms (cache miss)
5011 http fetch GET 200 https://registry.npmjs.org/vary/-/vary-1.1.2.tgz 3343ms (cache miss)
5012 http fetch GET 200 https://registry.npmjs.org/write-file-atomic/-/write-file-atomic-3.0.3.tgz 3342ms (cache miss)
5013 http fetch GET 200 https://registry.npmjs.org/string-width/-/string-width-4.2.3.tgz 3339ms (cache miss)
5014 http fetch GET 200 https://registry.npmjs.org/dot-prop/-/dot-prop-5.3.0.tgz 3340ms (cache miss)
5015 http fetch GET 200 https://registry.npmjs.org/ansi-regex/-/ansi-regex-5.0.1.tgz 3339ms (cache miss)
5016 http fetch GET 200 https://registry.npmjs.org/strip-ansi/-/strip-ansi-6.0.1.tgz 3339ms (cache miss)
5017 http fetch GET 200 https://registry.npmjs.org/xdg-basedir/-/xdg-basedir-4.0.0.tgz 3380ms (cache miss)
5018 http fetch GET 200 https://registry.npmjs.org/semver/-/semver-6.3.1.tgz 3379ms (cache miss)
5019 http fetch GET 200 https://registry.npmjs.org/json-parse-helpfulerror/-/json-parse-helpfulerror-1.0.3.tgz 3376ms (cache miss)
5020 http fetch GET 200 https://registry.npmjs.org/is-binary-path/-/is-binary-path-2.1.0.tgz 3374ms (cache miss)
5021 http fetch GET 200 https://registry.npmjs.org/is-glob/-/is-glob-4.0.3.tgz 3374ms (cache miss)
5022 http fetch GET 200 https://registry.npmjs.org/glob-parent/-/glob-parent-5.1.2.tgz 3373ms (cache miss)
5023 http fetch GET 200 https://registry.npmjs.org/fill-range/-/fill-range-7.1.1.tgz 3377ms (cache miss)
5024 http fetch GET 200 https://registry.npmjs.org/anymatch/-/anymatch-3.1.3.tgz 3373ms (cache miss)
5025 http fetch GET 200 https://registry.npmjs.org/braces/-/braces-3.0.3.tgz 3374ms (cache miss)
5026 http fetch GET 200 https://registry.npmjs.org/readdirp/-/readdirp-3.6.0.tgz 3377ms (cache miss)
5027 http fetch GET 200 https://registry.npmjs.org/on-finished/-/on-finished-2.4.1.tgz 3414ms (cache miss)
5028 http fetch GET 200 https://registry.npmjs.org/type-is/-/type-is-1.6.18.tgz 3416ms (cache miss)
5029 http fetch GET 200 https://registry.npmjs.org/unpipe/-/unpipe-1.0.0.tgz 3416ms (cache miss)
5030 http fetch GET 200 https://registry.npmjs.org/destroy/-/destroy-1.2.0.tgz 3415ms (cache miss)
5031 http fetch GET 200 https://registry.npmjs.org/http-errors/-/http-errors-2.0.1.tgz 3415ms (cache miss)
5032 http fetch GET 200 https://registry.npmjs.org/depd/-/depd-2.0.0.tgz 3481ms (cache miss)
5033 http fetch GET 200 https://registry.npmjs.org/string_decoder/-/string_decoder-1.1.1.tgz 3480ms (cache miss)
5034 http fetch GET 200 https://registry.npmjs.org/lazystream/-/lazystream-1.0.1.tgz 3480ms (cache miss)
5035 http fetch GET 200 https://registry.npmjs.org/bytes/-/bytes-3.1.2.tgz 3483ms (cache miss)
5036 http fetch GET 200 https://registry.npmjs.org/is-stream/-/is-stream-2.0.1.tgz 3480ms (cache miss)
5037 http fetch GET 200 https://registry.npmjs.org/teeny-request/-/teeny-request-10.1.3.tgz 3743ms (cache miss)
5038 http fetch GET 200 https://registry.npmjs.org/promise-breaker/-/promise-breaker-6.0.0.tgz 3587ms (cache miss)
5039 http fetch GET 200 https://registry.npmjs.org/normalize-path/-/normalize-path-3.0.0.tgz 3563ms (cache miss)
5040 http fetch GET 200 https://registry.npmjs.org/safe-buffer/-/safe-buffer-5.1.2.tgz 3562ms (cache miss)
5041 http fetch GET 200 https://registry.npmjs.org/tar-stream/-/tar-stream-3.2.0.tgz 3559ms (cache miss)
5042 http fetch GET 200 https://registry.npmjs.org/graceful-fs/-/graceful-fs-4.2.11.tgz 3561ms (cache miss)
5043 http fetch GET 200 https://registry.npmjs.org/signal-exit/-/signal-exit-3.0.7.tgz 3558ms (cache miss)
5044 http fetch GET 200 https://registry.npmjs.org/zip-stream/-/zip-stream-6.0.1.tgz 3561ms (cache miss)
5045 http fetch GET 200 https://registry.npmjs.org/brace-expansion/-/brace-expansion-2.1.1.tgz 3560ms (cache miss)
5046 http fetch GET 200 https://registry.npmjs.org/readdir-glob/-/readdir-glob-1.1.3.tgz 3593ms (cache miss)
5047 http fetch GET 200 https://registry.npmjs.org/archiver-utils/-/archiver-utils-5.0.2.tgz 3588ms (cache miss)
5048 http fetch GET 200 https://registry.npmjs.org/require-from-string/-/require-from-string-2.0.2.tgz 3588ms (cache miss)
5049 http fetch GET 200 https://registry.npmjs.org/json-schema-traverse/-/json-schema-traverse-1.0.0.tgz 3587ms (cache miss)
5050 http fetch GET 200 https://registry.npmjs.org/buffer-crc32/-/buffer-crc32-1.0.0.tgz 3591ms (cache miss)
5051 http fetch GET 200 https://registry.npmjs.org/buffer/-/buffer-6.0.3.tgz 3628ms (cache miss)
5052 http fetch GET 200 https://registry.npmjs.org/minimatch/-/minimatch-5.1.9.tgz 3630ms (cache miss)
5053 http fetch GET 200 https://registry.npmjs.org/fast-deep-equal/-/fast-deep-equal-3.1.3.tgz 3625ms (cache miss)
5054 http fetch GET 200 https://registry.npmjs.org/raw-body/-/raw-body-3.0.2.tgz 3624ms (cache miss)
5055 http fetch GET 200 https://registry.npmjs.org/pkce-challenge/-/pkce-challenge-5.0.1.tgz 3624ms (cache miss)
5056 http fetch GET 200 https://registry.npmjs.org/content-type/-/content-type-1.0.5.tgz 3650ms (cache miss)
5057 http fetch GET 200 https://registry.npmjs.org/ansi-regex/-/ansi-regex-5.0.1.tgz 3683ms (cache miss)
5058 http fetch GET 200 https://registry.npmjs.org/wrap-ansi/-/wrap-ansi-6.2.0.tgz 3684ms (cache miss)
5059 http fetch GET 200 https://registry.npmjs.org/strip-ansi/-/strip-ansi-6.0.1.tgz 3684ms (cache miss)
5060 http fetch GET 200 https://registry.npmjs.org/@inquirer/external-editor/-/external-editor-1.0.3.tgz 3686ms (cache miss)
5061 http fetch GET 200 https://registry.npmjs.org/mute-stream/-/mute-stream-2.0.0.tgz 3683ms (cache miss)
5062 http fetch GET 200 https://registry.npmjs.org/nearley/-/nearley-2.20.1.tgz 3923ms (cache miss)
5063 http fetch GET 200 https://registry.npmjs.org/yargs-parser/-/yargs-parser-20.2.9.tgz 3852ms (cache miss)
5064 http fetch GET 200 https://registry.npmjs.org/cli-width/-/cli-width-4.1.0.tgz 3714ms (cache miss)
5065 http fetch GET 200 https://registry.npmjs.org/yoctocolors-cjs/-/yoctocolors-cjs-2.1.3.tgz 3715ms (cache miss)
5066 http fetch GET 200 https://registry.npmjs.org/@inquirer/figures/-/figures-1.0.15.tgz 3715ms (cache miss)
5067 http fetch GET 200 https://registry.npmjs.org/@inquirer/ansi/-/ansi-1.0.2.tgz 3752ms (cache miss)
5068 http fetch GET 200 https://registry.npmjs.org/@inquirer/rawlist/-/rawlist-4.1.11.tgz 3751ms (cache miss)
5069 http fetch GET 200 https://registry.npmjs.org/@inquirer/type/-/type-3.0.10.tgz 3785ms (cache miss)
5070 http fetch GET 200 https://registry.npmjs.org/@inquirer/number/-/number-3.0.23.tgz 3782ms (cache miss)
5071 http fetch GET 200 https://registry.npmjs.org/@inquirer/password/-/password-4.0.23.tgz 3782ms (cache miss)
5072 http fetch GET 200 https://registry.npmjs.org/@inquirer/input/-/input-4.3.1.tgz 3782ms (cache miss)
5073 http fetch GET 200 https://registry.npmjs.org/@inquirer/expand/-/expand-4.0.23.tgz 3782ms (cache miss)
5074 http fetch GET 200 https://registry.npmjs.org/@inquirer/confirm/-/confirm-5.1.21.tgz 3781ms (cache miss)
5075 http fetch GET 200 https://registry.npmjs.org/@inquirer/editor/-/editor-4.2.23.tgz 3782ms (cache miss)
5076 http fetch GET 200 https://registry.npmjs.org/gcp-metadata/-/gcp-metadata-6.1.1.tgz 3914ms (cache miss)
5077 http fetch GET 200 https://registry.npmjs.org/data-uri-to-buffer/-/data-uri-to-buffer-4.0.1.tgz 3809ms (cache miss)
5078 http fetch GET 200 https://registry.npmjs.org/data-uri-to-buffer/-/data-uri-to-buffer-4.0.1.tgz 3818ms (cache miss)
5079 http fetch GET 200 https://registry.npmjs.org/gtoken/-/gtoken-8.0.0.tgz 3818ms (cache miss)
5080 http fetch GET 200 https://registry.npmjs.org/picomatch/-/picomatch-2.3.2.tgz 3893ms (cache miss)
5081 http fetch GET 200 https://registry.npmjs.org/@inquirer/search/-/search-3.2.2.tgz 3856ms (cache miss)
5082 http fetch GET 200 https://registry.npmjs.org/p-defer/-/p-defer-3.0.0.tgz 3848ms (cache miss)
5083 http fetch GET 200 https://registry.npmjs.org/@inquirer/select/-/select-4.4.2.tgz 3860ms (cache miss)
5084 http fetch GET 200 https://registry.npmjs.org/is-stream-ended/-/is-stream-ended-0.1.4.tgz 3847ms (cache miss)
5085 http fetch GET 200 https://registry.npmjs.org/lodash.snakecase/-/lodash.snakecase-4.1.1.tgz 3848ms (cache miss)
5086 http fetch GET 200 https://registry.npmjs.org/arrify/-/arrify-2.0.1.tgz 3925ms (cache miss)
5087 http fetch GET 200 https://registry.npmjs.org/gtoken/-/gtoken-8.0.0.tgz 3964ms (cache miss)
5088 http fetch GET 200 https://registry.npmjs.org/@google-cloud/projectify/-/projectify-5.0.1.tgz 3959ms (cache miss)
5089 http fetch GET 200 https://registry.npmjs.org/json-schema-typed/-/json-schema-typed-8.0.2.tgz 4033ms (cache miss)
5090 http fetch GET 200 https://registry.npmjs.org/extend/-/extend-3.0.2.tgz 4004ms (cache miss)
5091 http fetch GET 200 https://registry.npmjs.org/@google-cloud/promisify/-/promisify-5.0.1.tgz 4002ms (cache miss)
5092 http fetch GET 200 https://registry.npmjs.org/@google-cloud/paginator/-/paginator-6.0.2.tgz 4001ms (cache miss)
5093 http fetch GET 200 https://registry.npmjs.org/undici-types/-/undici-types-8.3.0.tgz 4243ms (cache miss)
5094 http fetch GET 200 https://registry.npmjs.org/@google-cloud/precise-date/-/precise-date-5.0.1.tgz 4035ms (cache miss)
5095 http fetch GET 200 https://registry.npmjs.org/update-notifier-cjs/-/update-notifier-cjs-5.1.7.tgz 4031ms (cache miss)
5096 http fetch GET 200 https://registry.npmjs.org/@pkgjs/parseargs/-/parseargs-0.11.0.tgz 4205ms (cache miss)
5097 http fetch GET 200 https://registry.npmjs.org/p-throttle/-/p-throttle-7.0.0.tgz 4076ms (cache miss)
5098 http fetch GET 200 https://registry.npmjs.org/@colors/colors/-/colors-1.6.0.tgz 4073ms (cache miss)
5099 http fetch GET 200 https://registry.npmjs.org/ms/-/ms-2.1.3.tgz 4072ms (cache miss)
5100 http fetch GET 200 https://registry.npmjs.org/debug/-/debug-4.4.3.tgz 4072ms (cache miss)
5101 http fetch GET 200 https://registry.npmjs.org/chalk/-/chalk-4.1.2.tgz 4119ms (cache miss)
5102 http fetch GET 200 https://registry.npmjs.org/ms/-/ms-2.1.2.tgz 4117ms (cache miss)
5103 http fetch GET 200 https://registry.npmjs.org/tmp/-/tmp-0.2.7.tgz 4118ms (cache miss)
5104 http fetch GET 200 https://registry.npmjs.org/isarray/-/isarray-0.0.1.tgz 4115ms (cache miss)
5105 http fetch GET 200 https://registry.npmjs.org/debug/-/debug-2.6.9.tgz 4213ms (cache miss)
5106 http fetch GET 200 https://registry.npmjs.org/brace-expansion/-/brace-expansion-2.1.1.tgz 4151ms (cache miss)
5107 http fetch GET 200 https://registry.npmjs.org/path-to-regexp/-/path-to-regexp-1.9.0.tgz 4150ms (cache miss)
5108 http fetch GET 200 https://registry.npmjs.org/tcp-port-used/-/tcp-port-used-1.0.3.tgz 4182ms (cache miss)
5109 http fetch GET 200 https://registry.npmjs.org/triple-beam/-/triple-beam-1.4.1.tgz 4183ms (cache miss)
5110 http fetch GET 200 https://registry.npmjs.org/debug/-/debug-4.3.1.tgz 4181ms (cache miss)
5111 http fetch GET 200 https://registry.npmjs.org/stream-chain/-/stream-chain-2.2.5.tgz 4177ms (cache miss)
5112 http fetch GET 200 https://registry.npmjs.org/proxy-agent/-/proxy-agent-6.5.0.tgz 4177ms (cache miss)
5113 http fetch GET 200 https://registry.npmjs.org/debug/-/debug-4.4.3.tgz 4176ms (cache miss)
5114 http fetch GET 200 https://registry.npmjs.org/debug/-/debug-4.4.3.tgz 4174ms (cache miss)
5115 http fetch GET 200 https://registry.npmjs.org/ms/-/ms-2.1.3.tgz 4178ms (cache miss)
5116 http fetch GET 200 https://registry.npmjs.org/ms/-/ms-2.1.3.tgz 4176ms (cache miss)
5117 http fetch GET 200 https://registry.npmjs.org/express-rate-limit/-/express-rate-limit-8.5.2.tgz 4267ms (cache miss)
5118 http fetch GET 200 https://registry.npmjs.org/progress/-/progress-2.0.3.tgz 4216ms (cache miss)
5119 http fetch GET 200 https://registry.npmjs.org/portfinder/-/portfinder-1.0.38.tgz 4215ms (cache miss)
5120 http fetch GET 200 https://registry.npmjs.org/ora/-/ora-5.4.1.tgz 4214ms (cache miss)
5121 http fetch GET 200 https://registry.npmjs.org/retry/-/retry-0.13.1.tgz 4255ms (cache miss)
5122 http fetch GET 200 https://registry.npmjs.org/lru-cache/-/lru-cache-7.18.3.tgz 4254ms (cache miss)
5123 http fetch GET 200 https://registry.npmjs.org/strip-ansi/-/strip-ansi-6.0.1.tgz 4250ms (cache miss)
5124 http fetch GET 200 https://registry.npmjs.org/chalk/-/chalk-4.1.2.tgz 4250ms (cache miss)
5125 http fetch GET 200 https://registry.npmjs.org/ansi-regex/-/ansi-regex-5.0.1.tgz 4250ms (cache miss)
5126 http fetch GET 200 https://registry.npmjs.org/open/-/open-6.4.0.tgz 4249ms (cache miss)
5127 http fetch GET 200 https://registry.npmjs.org/bignumber.js/-/bignumber.js-9.3.1.tgz 4463ms (cache miss)
5128 http fetch GET 200 https://registry.npmjs.org/morgan/-/morgan-1.11.0.tgz 4284ms (cache miss)
5129 http fetch GET 200 https://registry.npmjs.org/lsofi/-/lsofi-2.0.0.tgz 4282ms (cache miss)
5130 http fetch GET 200 https://registry.npmjs.org/@grpc/proto-loader/-/proto-loader-0.8.1.tgz 4453ms (cache miss)
5131 http fetch GET 200 https://registry.npmjs.org/ms/-/ms-2.1.3.tgz 4309ms (cache miss)
5132 http fetch GET 200 https://registry.npmjs.org/brace-expansion/-/brace-expansion-2.1.1.tgz 4331ms (cache miss)
5133 http fetch GET 200 https://registry.npmjs.org/ignore/-/ignore-7.0.5.tgz 4334ms (cache miss)
5134 http fetch GET 200 https://registry.npmjs.org/long/-/long-5.3.2.tgz 4395ms (cache miss)
5135 http fetch GET 200 https://registry.npmjs.org/exegesis-express/-/exegesis-express-4.0.0.tgz 4349ms (cache miss)
5136 http fetch GET 200 https://registry.npmjs.org/node-fetch/-/node-fetch-3.3.2.tgz 4636ms (cache miss)
5137 http fetch GET 200 https://registry.npmjs.org/raw-body/-/raw-body-2.5.3.tgz 4369ms (cache miss)
5138 http fetch GET 200 https://registry.npmjs.org/mime/-/mime-2.6.0.tgz 4395ms (cache miss)
5139 http fetch GET 200 https://registry.npmjs.org/cross-spawn/-/cross-spawn-7.0.6.tgz 4385ms (cache miss)
5140 http fetch GET 200 https://registry.npmjs.org/cors/-/cors-2.8.6.tgz 4383ms (cache miss)
5141 http fetch GET 200 https://registry.npmjs.org/configstore/-/configstore-5.0.1.tgz 4385ms (cache miss)
5142 http fetch GET 200 https://registry.npmjs.org/event-target-shim/-/event-target-shim-5.0.1.tgz 4481ms (cache miss)
5143 http fetch GET 200 https://registry.npmjs.org/colorette/-/colorette-2.0.20.tgz 4403ms (cache miss)
5144 http fetch GET 200 https://registry.npmjs.org/cli-table3/-/cli-table3-0.6.5.tgz 4404ms (cache miss)
5145 http fetch GET 200 https://registry.npmjs.org/cjson/-/cjson-0.3.3.tgz 4403ms (cache miss)
5146 http fetch GET 200 https://registry.npmjs.org/body-parser/-/body-parser-1.20.5.tgz 4402ms (cache miss)
5147 http fetch GET 200 https://registry.npmjs.org/minimatch/-/minimatch-3.1.5.tgz 4422ms (cache miss)
5148 http fetch GET 200 https://registry.npmjs.org/node-domexception/-/node-domexception-1.0.0.tgz 4788ms (cache miss)
5149 http fetch GET 200 https://registry.npmjs.org/@inquirer/checkbox/-/checkbox-4.3.2.tgz 4480ms (cache miss)
5150 http fetch GET 200 https://registry.npmjs.org/heap-js/-/heap-js-2.7.1.tgz 4472ms (cache miss)
5151 http fetch GET 200 https://registry.npmjs.org/node-fetch/-/node-fetch-2.7.0.tgz 4438ms (cache miss)
5152 http fetch GET 200 https://registry.npmjs.org/async-lock/-/async-lock-1.4.1.tgz 4419ms (cache miss)
5153 http fetch GET 200 https://registry.npmjs.org/archiver/-/archiver-7.0.1.tgz 4419ms (cache miss)
5154 http fetch GET 200 https://registry.npmjs.org/raw-body/-/raw-body-2.5.3.tgz 4433ms (cache miss)
5155 http fetch GET 200 https://registry.npmjs.org/commander/-/commander-5.1.0.tgz 4438ms (cache miss)
5156 http fetch GET 200 https://registry.npmjs.org/ms/-/ms-2.1.3.tgz 4430ms (cache miss)
5157 http fetch GET 200 https://registry.npmjs.org/media-typer/-/media-typer-1.1.0.tgz 4431ms (cache miss)
5158 http fetch GET 200 https://registry.npmjs.org/negotiator/-/negotiator-1.0.0.tgz 4430ms (cache miss)
5159 warn deprecated node-domexception@1.0.0: Use your platform's native DOMException instead
5160 http fetch GET 200 https://registry.npmjs.org/type-is/-/type-is-2.1.0.tgz 4450ms (cache miss)
5161 http fetch GET 200 https://registry.npmjs.org/content-type/-/content-type-2.0.0.tgz 4450ms (cache miss)
5162 http fetch GET 200 https://registry.npmjs.org/serve-static/-/serve-static-2.2.1.tgz 4450ms (cache miss)
5163 http fetch GET 200 https://registry.npmjs.org/mime-types/-/mime-types-3.0.2.tgz 4449ms (cache miss)
5164 http fetch GET 200 https://registry.npmjs.org/fuzzy/-/fuzzy-0.1.3.tgz 4469ms (cache miss)
5165 http fetch GET 200 https://registry.npmjs.org/gcp-metadata/-/gcp-metadata-8.1.3.tgz 4532ms (cache miss)
5166 http fetch GET 200 https://registry.npmjs.org/merge-descriptors/-/merge-descriptors-2.0.0.tgz 4466ms (cache miss)
5167 http fetch GET 200 https://registry.npmjs.org/cookie-signature/-/cookie-signature-1.2.2.tgz 4465ms (cache miss)
5168 http fetch GET 200 https://registry.npmjs.org/finalhandler/-/finalhandler-2.1.1.tgz 4466ms (cache miss)
5169 http fetch GET 200 https://registry.npmjs.org/debug/-/debug-4.4.3.tgz 4465ms (cache miss)
5170 http fetch GET 200 https://registry.npmjs.org/fresh/-/fresh-2.0.0.tgz 4467ms (cache miss)
5171 http fetch GET 200 https://registry.npmjs.org/content-disposition/-/content-disposition-1.1.0.tgz 4465ms (cache miss)
5172 http fetch GET 200 https://registry.npmjs.org/any-promise/-/any-promise-1.3.0.tgz 4715ms (cache miss)
5173 http fetch GET 200 https://registry.npmjs.org/body-parser/-/body-parser-2.3.0.tgz 4481ms (cache miss)
5174 http fetch GET 200 https://registry.npmjs.org/accepts/-/accepts-2.0.0.tgz 4481ms (cache miss)
5175 http fetch GET 200 https://registry.npmjs.org/form-data/-/form-data-4.0.6.tgz 4515ms (cache miss)
5176 http fetch GET 200 https://registry.npmjs.org/send/-/send-1.2.1.tgz 4500ms (cache miss)
5177 http fetch GET 200 https://registry.npmjs.org/data-uri-to-buffer/-/data-uri-to-buffer-4.0.1.tgz 4494ms (cache miss)
5178 http fetch GET 200 https://registry.npmjs.org/data-uri-to-buffer/-/data-uri-to-buffer-4.0.1.tgz 4491ms (cache miss)
5179 http fetch GET 200 https://registry.npmjs.org/@inquirer/prompts/-/prompts-7.10.1.tgz 4496ms (cache miss)
5180 http fetch GET 200 https://registry.npmjs.org/winston-transport/-/winston-transport-4.9.0.tgz 4563ms (cache miss)
5181 http fetch GET 200 https://registry.npmjs.org/libsodium-wrappers/-/libsodium-wrappers-0.7.16.tgz 4538ms (cache miss)
5182 http fetch GET 200 https://registry.npmjs.org/content-type/-/content-type-2.0.0.tgz 4511ms (cache miss)
5183 http fetch GET 200 https://registry.npmjs.org/events/-/events-3.3.0.tgz 4811ms (cache miss)
5184 http fetch GET 200 https://registry.npmjs.org/gcp-metadata/-/gcp-metadata-8.1.3.tgz 4591ms (cache miss)
5185 http fetch GET 200 https://registry.npmjs.org/chokidar/-/chokidar-3.6.0.tgz 4540ms (cache miss)
5186 http fetch GET 200 https://registry.npmjs.org/eventsource/-/eventsource-3.0.7.tgz 4630ms (cache miss)
5187 http fetch GET 200 https://registry.npmjs.org/@apphosting/common/-/common-0.0.8.tgz 4531ms (cache miss)
5188 http fetch GET 200 https://registry.npmjs.org/object-inspect/-/object-inspect-1.13.4.tgz 4844ms (cache miss)
5189 http fetch GET 200 https://registry.npmjs.org/mime-db/-/mime-db-1.54.0.tgz 4561ms (cache miss)
5190 http fetch GET 200 https://registry.npmjs.org/cross-env/-/cross-env-7.0.3.tgz 4583ms (cache miss)
5191 http fetch GET 200 https://registry.npmjs.org/google-logging-utils/-/google-logging-utils-0.0.2.tgz 4750ms (cache miss)
5192 http fetch GET 200 https://registry.npmjs.org/minizlib/-/minizlib-3.1.0.tgz 4914ms (cache miss)
5193 http fetch GET 200 https://registry.npmjs.org/commander/-/commander-10.0.1.tgz 4635ms (cache miss)
5194 http fetch GET 200 https://registry.npmjs.org/logform/-/logform-2.7.0.tgz 4967ms (cache miss)
5195 http fetch GET 200 https://registry.npmjs.org/get-uri/-/get-uri-6.0.5.tgz 4908ms (cache miss)
5196 http fetch GET 200 https://registry.npmjs.org/jsonwebtoken/-/jsonwebtoken-9.0.3.tgz 4680ms (cache miss)
5197 http fetch GET 200 https://registry.npmjs.org/abort-controller/-/abort-controller-3.0.0.tgz 4689ms (cache miss)
5198 http fetch GET 200 https://registry.npmjs.org/basic-ftp/-/basic-ftp-5.3.1.tgz 4984ms (cache miss)
5199 http fetch GET 200 https://registry.npmjs.org/readable-stream/-/readable-stream-2.3.8.tgz 4809ms (cache miss)
5200 http fetch GET 200 https://registry.npmjs.org/@js-sdsl/ordered-map/-/ordered-map-4.4.2.tgz 4895ms (cache miss)
5201 http fetch GET 200 https://registry.npmjs.org/@colors/colors/-/colors-1.5.0.tgz 4835ms (cache miss)
5202 http fetch GET 200 https://registry.npmjs.org/express/-/express-5.2.1.tgz 4716ms (cache miss)
5203 http fetch GET 200 https://registry.npmjs.org/ajv-formats/-/ajv-formats-2.1.1.tgz 4749ms (cache miss)
5204 http fetch GET 200 https://registry.npmjs.org/minipass/-/minipass-7.1.3.tgz 4911ms (cache miss)
5205 http fetch GET 200 https://registry.npmjs.org/qs/-/qs-6.15.3.tgz 4884ms (cache miss)
5206 http fetch GET 200 https://registry.npmjs.org/eventsource-parser/-/eventsource-parser-3.1.0.tgz 4863ms (cache miss)
5207 http fetch GET 200 https://registry.npmjs.org/ws/-/ws-7.5.11.tgz 4828ms (cache miss)
5208 http fetch GET 200 https://registry.npmjs.org/type-fest/-/type-fest-0.20.2.tgz 5143ms (cache miss)
5209 http fetch GET 200 https://registry.npmjs.org/gcp-metadata/-/gcp-metadata-8.1.2.tgz 4788ms (cache miss)
5210 http fetch GET 200 https://registry.npmjs.org/ajv-formats/-/ajv-formats-3.0.1.tgz 4815ms (cache miss)
5211 http fetch GET 200 https://registry.npmjs.org/gcp-metadata/-/gcp-metadata-8.1.2.tgz 4798ms (cache miss)
5212 http fetch GET 200 https://registry.npmjs.org/path-scurry/-/path-scurry-1.11.1.tgz 4997ms (cache miss)
5213 http fetch GET 200 https://registry.npmjs.org/google-logging-utils/-/google-logging-utils-1.1.3.tgz 4907ms (cache miss)
5214 http fetch GET 200 https://registry.npmjs.org/node-fetch/-/node-fetch-3.3.2.tgz 4918ms (cache miss)
5215 http fetch GET 200 https://registry.npmjs.org/google-logging-utils/-/google-logging-utils-1.1.3.tgz 4916ms (cache miss)
5216 http fetch GET 200 https://registry.npmjs.org/source-map/-/source-map-0.6.1.tgz 5151ms (cache miss)
5217 http fetch GET 200 https://registry.npmjs.org/node-fetch/-/node-fetch-3.3.2.tgz 4961ms (cache miss)
5218 http fetch GET 200 https://registry.npmjs.org/stream-json/-/stream-json-1.9.1.tgz 4942ms (cache miss)
5219 http fetch GET 200 https://registry.npmjs.org/universal-analytics/-/universal-analytics-0.5.4.tgz 4987ms (cache miss)
5220 http fetch GET 200 https://registry.npmjs.org/readable-stream/-/readable-stream-3.6.2.tgz 5190ms (cache miss)
5221 http fetch GET 200 https://registry.npmjs.org/readable-stream/-/readable-stream-3.6.2.tgz 5131ms (cache miss)
5222 http fetch GET 200 https://registry.npmjs.org/@apidevtools/json-schema-ref-parser/-/json-schema-ref-parser-9.1.2.tgz 5086ms (cache miss)
5223 http fetch GET 200 https://registry.npmjs.org/bare-os/-/bare-os-3.9.3.tgz 5307ms (cache miss)
5224 http fetch GET 200 https://registry.npmjs.org/libsodium/-/libsodium-0.7.16.tgz 5205ms (cache miss)
5225 http fetch GET 200 https://registry.npmjs.org/nan/-/nan-2.28.0.tgz 5319ms (cache miss)
5226 http fetch GET 200 https://registry.npmjs.org/pg/-/pg-8.22.0.tgz 5066ms (cache miss)
5227 http fetch GET 200 https://registry.npmjs.org/express/-/express-4.22.2.tgz 5070ms (cache miss)
5228 http fetch GET 200 https://registry.npmjs.org/google-logging-utils/-/google-logging-utils-1.1.3.tgz 5066ms (cache miss)
5229 http fetch GET 200 https://registry.npmjs.org/jackspeak/-/jackspeak-3.4.3.tgz 5251ms (cache miss)
5230 http fetch GET 200 https://registry.npmjs.org/google-logging-utils/-/google-logging-utils-1.1.3.tgz 5080ms (cache miss)
5231 http fetch GET 200 https://registry.npmjs.org/node-fetch/-/node-fetch-3.3.2.tgz 5100ms (cache miss)
5232 http fetch GET 200 https://registry.npmjs.org/node-fetch/-/node-fetch-3.3.2.tgz 5107ms (cache miss)
5233 http fetch GET 200 https://registry.npmjs.org/fast-uri/-/fast-uri-3.1.3.tgz 5259ms (cache miss)
5234 http fetch GET 200 https://registry.npmjs.org/socks/-/socks-2.8.9.tgz 5469ms (cache miss)
5235 http fetch GET 200 https://registry.npmjs.org/ip-address/-/ip-address-10.2.0.tgz 5360ms (cache miss)
5236 http fetch GET 200 https://registry.npmjs.org/lru-cache/-/lru-cache-10.4.3.tgz 5465ms (cache miss)
5237 http fetch GET 200 https://registry.npmjs.org/readable-stream/-/readable-stream-3.6.2.tgz 5273ms (cache miss)
5238 http fetch GET 200 https://registry.npmjs.org/pg-protocol/-/pg-protocol-1.15.0.tgz 5507ms (cache miss)
5239 http fetch GET 200 https://registry.npmjs.org/readable-stream/-/readable-stream-3.6.2.tgz 5304ms (cache miss)
5240 http fetch GET 200 https://registry.npmjs.org/googleapis-common/-/googleapis-common-8.0.2.tgz 5357ms (cache miss)
5241 http fetch GET 200 https://registry.npmjs.org/iconv-lite/-/iconv-lite-0.7.2.tgz 5383ms (cache miss)
5242 http fetch GET 200 https://registry.npmjs.org/gaxios/-/gaxios-6.7.1.tgz 5317ms (cache miss)
5243 http fetch GET 200 https://registry.npmjs.org/parse5/-/parse5-6.0.1.tgz 5544ms (cache miss)
5244 http fetch GET 200 https://registry.npmjs.org/bare-fs/-/bare-fs-4.7.2.tgz 5648ms (cache miss)
5245 http fetch GET 200 https://registry.npmjs.org/marked/-/marked-13.0.3.tgz 5355ms (cache miss)
5246 http fetch GET 200 https://registry.npmjs.org/parse5/-/parse5-5.1.1.tgz 5569ms (cache miss)
5247 http fetch GET 200 https://registry.npmjs.org/iconv-lite/-/iconv-lite-0.4.24.tgz 5421ms (cache miss)
5248 http fetch GET 200 https://registry.npmjs.org/signal-exit/-/signal-exit-4.1.0.tgz 5500ms (cache miss)
5249 http fetch GET 200 https://registry.npmjs.org/iconv-lite/-/iconv-lite-0.4.24.tgz 5422ms (cache miss)
5250 http fetch GET 200 https://registry.npmjs.org/isexe/-/isexe-4.0.0.tgz 5843ms (cache miss)
5251 http fetch GET 200 https://registry.npmjs.org/pac-resolver/-/pac-resolver-7.0.1.tgz 5806ms (cache miss)
5252 http fetch GET 200 https://registry.npmjs.org/json-ptr/-/json-ptr-3.1.1.tgz 5666ms (cache miss)
5253 http fetch GET 200 https://registry.npmjs.org/bare-url/-/bare-url-2.4.5.tgz 5888ms (cache miss)
5254 warn deprecated json-ptr@3.1.1: Package no longer supported. Contact Support at https://www.npmjs.com/support for more info.
5255 http fetch GET 200 https://registry.npmjs.org/fs-extra/-/fs-extra-10.1.0.tgz 5578ms (cache miss)
5256 http fetch GET 200 https://registry.npmjs.org/marked-terminal/-/marked-terminal-7.3.0.tgz 5615ms (cache miss)
5257 http fetch GET 200 https://registry.npmjs.org/ast-types/-/ast-types-0.13.4.tgz 5875ms (cache miss)
5258 http fetch GET 200 https://registry.npmjs.org/semver/-/semver-7.8.5.tgz 5638ms (cache miss)
5259 http fetch GET 200 https://registry.npmjs.org/chardet/-/chardet-2.2.0.tgz 5737ms (cache miss)
5260 http fetch GET 200 https://registry.npmjs.org/proto3-json-serializer/-/proto3-json-serializer-3.0.4.tgz 5863ms (cache miss)
5261 http fetch GET 200 https://registry.npmjs.org/@jsdevtools/ono/-/ono-7.1.3.tgz 5825ms (cache miss)
5262 http fetch GET 200 https://registry.npmjs.org/exponential-backoff/-/exponential-backoff-3.1.3.tgz 6068ms (cache miss)
5263 http fetch GET 200 https://registry.npmjs.org/@hono/node-server/-/node-server-1.19.14.tgz 5862ms (cache miss)
5264 http fetch GET 200 https://registry.npmjs.org/yargs/-/yargs-16.2.2.tgz 6020ms (cache miss)
5265 http fetch GET 200 https://registry.npmjs.org/readable-stream/-/readable-stream-4.7.0.tgz 5915ms (cache miss)
5266 http fetch GET 200 https://registry.npmjs.org/@googleapis/sqladmin/-/sqladmin-37.0.0.tgz 5907ms (cache miss)
5267 http fetch GET 200 https://registry.npmjs.org/uuid/-/uuid-14.0.1.tgz 5923ms (cache miss)
5268 http fetch GET 200 https://registry.npmjs.org/@electric-sql/pglite-tools/-/pglite-tools-0.2.21.tgz 5871ms (cache miss)
5269 http fetch GET 200 https://registry.npmjs.org/js-yaml/-/js-yaml-4.3.0.tgz 5918ms (cache miss)
5270 http fetch GET 200 https://registry.npmjs.org/minimatch/-/minimatch-6.2.3.tgz 5947ms (cache miss)
5271 http fetch GET 200 https://registry.npmjs.org/yargs/-/yargs-17.7.3.tgz 6117ms (cache miss)
5272 http fetch GET 200 https://registry.npmjs.org/winston/-/winston-3.19.0.tgz 6001ms (cache miss)
5273 http fetch GET 200 https://registry.npmjs.org/csv-parse/-/csv-parse-5.6.0.tgz 5988ms (cache miss)
5274 http fetch GET 200 https://registry.npmjs.org/superstatic/-/superstatic-10.0.0.tgz 6053ms (cache miss)
5275 http fetch GET 200 https://registry.npmjs.org/async/-/async-3.2.6.tgz 6137ms (cache miss)
5276 http fetch GET 200 https://registry.npmjs.org/pg-gateway/-/pg-gateway-0.3.0-beta.4.tgz 6071ms (cache miss)
5277 http fetch GET 200 https://registry.npmjs.org/uuid/-/uuid-9.0.1.tgz 6385ms (cache miss)
5278 warn deprecated uuid@9.0.1: uuid@10 and below is no longer supported.  For ESM codebases, update to uuid@latest.  For CommonJS codebases, use uuid@11 (but be aware this version will likely be deprecated in 2028).
5279 http fetch GET 200 https://registry.npmjs.org/@types/node/-/node-26.1.0.tgz 6527ms (cache miss)
5280 http fetch GET 200 https://registry.npmjs.org/minimatch/-/minimatch-9.0.9.tgz 6283ms (cache miss)
5281 http fetch GET 200 https://registry.npmjs.org/@tootallnate/quickjs-emscripten/-/quickjs-emscripten-0.23.0.tgz 6560ms (cache miss)
5282 http fetch GET 200 https://registry.npmjs.org/glob/-/glob-10.5.0.tgz 6503ms (cache miss)
5283 warn deprecated glob@10.5.0: Old versions of glob are not supported, and contain widely publicized security vulnerabilities, which have been fixed in the current version. Please update. Support for old versions may be purchased (at exorbitant rates) by contacting i@izs.me
5284 http fetch GET 200 https://registry.npmjs.org/protobufjs/-/protobufjs-7.6.4.tgz 6951ms (cache miss)
5285 http fetch GET 200 https://registry.npmjs.org/@inquirer/core/-/core-10.3.2.tgz 7004ms (cache miss)
5286 http fetch GET 200 https://registry.npmjs.org/google-auth-library/-/google-auth-library-10.5.0.tgz 7112ms (cache miss)
5287 http fetch GET 200 https://registry.npmjs.org/google-auth-library/-/google-auth-library-10.5.0.tgz 7111ms (cache miss)
5288 http fetch GET 200 https://registry.npmjs.org/gaxios/-/gaxios-7.1.3.tgz 7129ms (cache miss)
5289 http fetch GET 200 https://registry.npmjs.org/gaxios/-/gaxios-7.1.5.tgz 7130ms (cache miss)
5290 http fetch GET 200 https://registry.npmjs.org/gaxios/-/gaxios-7.1.3.tgz 7162ms (cache miss)
5291 http fetch GET 200 https://registry.npmjs.org/google-auth-library/-/google-auth-library-9.15.1.tgz 7131ms (cache miss)
5292 http fetch GET 200 https://registry.npmjs.org/gaxios/-/gaxios-7.1.5.tgz 7137ms (cache miss)
5293 http fetch GET 200 https://registry.npmjs.org/gaxios/-/gaxios-7.1.5.tgz 7147ms (cache miss)
5294 http fetch GET 200 https://registry.npmjs.org/jose/-/jose-6.2.3.tgz 7321ms (cache miss)
5295 http fetch GET 200 https://registry.npmjs.org/rimraf/-/rimraf-5.0.10.tgz 7502ms (cache miss)
5296 http fetch GET 200 https://registry.npmjs.org/node-gyp/-/node-gyp-13.0.0.tgz 7674ms (cache miss)
5297 http fetch GET 200 https://registry.npmjs.org/web-streams-polyfill/-/web-streams-polyfill-3.3.3.tgz 7751ms (cache miss)
5298 http fetch GET 200 https://registry.npmjs.org/@google-cloud/cloud-sql-connector/-/cloud-sql-connector-1.11.2.tgz 7353ms (cache miss)
5299 http fetch GET 200 https://registry.npmjs.org/google-auth-library/-/google-auth-library-10.9.0.tgz 7385ms (cache miss)
5300 http fetch GET 200 https://registry.npmjs.org/google-auth-library/-/google-auth-library-10.9.0.tgz 7393ms (cache miss)
5301 http fetch GET 200 https://registry.npmjs.org/zod-to-json-schema/-/zod-to-json-schema-3.25.2.tgz 7610ms (cache miss)
5302 http fetch GET 200 https://registry.npmjs.org/exegesis/-/exegesis-4.3.0.tgz 7637ms (cache miss)
5303 http fetch GET 200 https://registry.npmjs.org/undici/-/undici-6.27.0.tgz 8111ms (cache miss)
5304 http fetch GET 200 https://registry.npmjs.org/@google-cloud/pubsub/-/pubsub-5.3.1.tgz 7858ms (cache miss)
5305 http fetch GET 200 https://registry.npmjs.org/@opentelemetry/semantic-conventions/-/semantic-conventions-1.28.0.tgz 7976ms (cache miss)
5306 http fetch GET 200 https://registry.npmjs.org/yaml/-/yaml-2.9.0.tgz 8448ms (cache miss)
5307 http fetch GET 200 https://registry.npmjs.org/tar/-/tar-7.5.19.tgz 8448ms (cache miss)
5308 http fetch GET 200 https://registry.npmjs.org/@opentelemetry/semantic-conventions/-/semantic-conventions-1.39.0.tgz 8504ms (cache miss)
5309 http fetch GET 200 https://registry.npmjs.org/highlight.js/-/highlight.js-10.7.3.tgz 8929ms (cache miss)
5310 http fetch GET 200 https://registry.npmjs.org/lodash/-/lodash-4.18.1.tgz 8991ms (cache miss)
5311 http fetch GET 200 https://registry.npmjs.org/google-gax/-/google-gax-5.0.7.tgz 9312ms (cache miss)
5312 http fetch GET 200 https://registry.npmjs.org/@electric-sql/pglite/-/pglite-0.2.17.tgz 9628ms (cache miss)
5313 http fetch GET 200 https://registry.npmjs.org/ajv/-/ajv-8.20.0.tgz 9822ms (cache miss)
5314 http fetch GET 200 https://registry.npmjs.org/@electric-sql/pglite/-/pglite-0.3.16.tgz 9810ms (cache miss)
5315 http fetch GET 200 https://registry.npmjs.org/@opentelemetry/core/-/core-1.30.1.tgz 10141ms (cache miss)
5316 http fetch GET 200 https://registry.npmjs.org/@opentelemetry/api/-/api-1.9.1.tgz 10381ms (cache miss)
5317 http fetch GET 200 https://registry.npmjs.org/hono/-/hono-4.12.27.tgz 10436ms (cache miss)
5318 http fetch GET 200 https://registry.npmjs.org/zod/-/zod-4.4.3.tgz 10537ms (cache miss)
5319 http fetch GET 200 https://registry.npmjs.org/sql-formatter/-/sql-formatter-15.8.2.tgz 10524ms (cache miss)
5320 http fetch GET 200 https://registry.npmjs.org/@grpc/grpc-js/-/grpc-js-1.14.4.tgz 10902ms (cache miss)
5321 http fetch GET 200 https://registry.npmjs.org/@modelcontextprotocol/sdk/-/sdk-1.29.0.tgz 10763ms (cache miss)
5322 http fetch GET 200 https://registry.npmjs.org/firebase-tools/-/firebase-tools-15.22.4.tgz 10765ms (cache miss)
5323 http fetch GET 200 https://registry.npmjs.org/re2/-/re2-1.25.0.tgz 12733ms (cache miss)
5324 info run re2@1.25.0 install node_modules/firebase-tools/node_modules/re2 install-from-cache --artifact build/Release/re2.node --host-var RE2_DOWNLOAD_MIRROR --skip-path-var RE2_DOWNLOAD_SKIP_PATH --skip-ver-var RE2_DOWNLOAD_SKIP_VER || node-gyp -j max rebuild
5325 info run re2@1.25.0 install { code: 0, signal: null }
5326 info run protobufjs@7.6.4 postinstall node_modules/firebase-tools/node_modules/protobufjs node scripts/postinstall
5327 info run protobufjs@7.6.4 postinstall { code: 0, signal: null }
5328 silly ADD node_modules/firebase-tools
5329 silly ADD node_modules/firebase-tools/node_modules/process-nextick-args
5330 silly ADD node_modules/firebase-tools/node_modules/isarray
5331 silly ADD node_modules/firebase-tools/node_modules/core-util-is
5332 silly ADD node_modules/firebase-tools/node_modules/util-deprecate
5333 silly ADD node_modules/firebase-tools/node_modules/eastasianwidth
5334 silly ADD node_modules/firebase-tools/node_modules/web-streams-polyfill
5335 silly ADD node_modules/firebase-tools/node_modules/node-domexception
5336 silly ADD node_modules/firebase-tools/node_modules/formdata-polyfill
5337 silly ADD node_modules/firebase-tools/node_modules/fetch-blob
5338 silly ADD node_modules/firebase-tools/node_modules/crc32-stream
5339 silly ADD node_modules/firebase-tools/node_modules/crc-32
5340 silly ADD node_modules/firebase-tools/node_modules/compress-commons
5341 silly ADD node_modules/firebase-tools/node_modules/yargs-parser
5342 silly ADD node_modules/firebase-tools/node_modules/y18n
5343 silly ADD node_modules/firebase-tools/node_modules/require-directory
5344 silly ADD node_modules/firebase-tools/node_modules/get-caller-file
5345 silly ADD node_modules/firebase-tools/node_modules/escalade
5346 silly ADD node_modules/firebase-tools/node_modules/cliui
5347 silly ADD node_modules/firebase-tools/node_modules/cliui/node_modules/ansi-regex
5348 silly ADD node_modules/firebase-tools/node_modules/cliui/node_modules/wrap-ansi
5349 silly ADD node_modules/firebase-tools/node_modules/cliui/node_modules/strip-ansi
5350 silly ADD node_modules/firebase-tools/node_modules/typedarray-to-buffer
5351 silly ADD node_modules/firebase-tools/node_modules/is-typedarray
5352 silly ADD node_modules/firebase-tools/node_modules/imurmurhash
5353 silly ADD node_modules/firebase-tools/node_modules/ansi-styles
5354 silly ADD node_modules/firebase-tools/node_modules/ansi-styles/node_modules/color-name
5355 silly ADD node_modules/firebase-tools/node_modules/ansi-styles/node_modules/color-convert
5356 silly ADD node_modules/firebase-tools/node_modules/fn.name
5357 silly ADD node_modules/firebase-tools/node_modules/fecha
5358 silly ADD node_modules/firebase-tools/node_modules/@types/triple-beam
5359 silly ADD node_modules/firebase-tools/node_modules/color-name
5360 silly ADD node_modules/firebase-tools/node_modules/color-string
5361 silly ADD node_modules/firebase-tools/node_modules/color-convert
5362 silly ADD node_modules/firebase-tools/node_modules/text-hex
5363 silly ADD node_modules/firebase-tools/node_modules/color
5364 silly ADD node_modules/firebase-tools/node_modules/kuler
5365 silly ADD node_modules/firebase-tools/node_modules/enabled
5366 silly ADD node_modules/firebase-tools/node_modules/@so-ric/colorspace
5367 silly ADD node_modules/firebase-tools/node_modules/stack-trace
5368 silly ADD node_modules/firebase-tools/node_modules/safe-stable-stringify
5369 silly ADD node_modules/firebase-tools/node_modules/one-time
5370 silly ADD node_modules/firebase-tools/node_modules/logform
5371 silly ADD node_modules/firebase-tools/node_modules/logform/node_modules/ms
5372 silly ADD node_modules/firebase-tools/node_modules/logform/node_modules/@colors/colors
5373 silly ADD node_modules/firebase-tools/node_modules/@dabh/diagnostics
5374 silly ADD node_modules/firebase-tools/node_modules/isexe
5375 silly ADD node_modules/firebase-tools/node_modules/webidl-conversions
5376 silly ADD node_modules/firebase-tools/node_modules/tr46
5377 silly ADD node_modules/firebase-tools/node_modules/clone
5378 silly ADD node_modules/firebase-tools/node_modules/defaults
5379 silly ADD node_modules/firebase-tools/node_modules/strip-json-comments
5380 silly ADD node_modules/firebase-tools/node_modules/minimist
5381 silly ADD node_modules/firebase-tools/node_modules/deep-extend
5382 silly ADD node_modules/firebase-tools/node_modules/rc
5383 silly ADD node_modules/firebase-tools/node_modules/rc/node_modules/ini
5384 silly ADD node_modules/firebase-tools/node_modules/proto-list
5385 silly ADD node_modules/firebase-tools/node_modules/config-chain
5386 silly ADD node_modules/firebase-tools/node_modules/config-chain/node_modules/ini
5387 silly ADD node_modules/firebase-tools/node_modules/@pnpm/network.ca-file
5388 silly ADD node_modules/firebase-tools/node_modules/@pnpm/network.ca-file/node_modules/graceful-fs
5389 silly ADD node_modules/firebase-tools/node_modules/@pnpm/config.env-replace
5390 silly ADD node_modules/firebase-tools/node_modules/@pnpm/npm-conf
5391 silly ADD node_modules/firebase-tools/node_modules/escape-goat
5392 silly ADD node_modules/firebase-tools/node_modules/whatwg-fetch
5393 silly ADD node_modules/firebase-tools/node_modules/ini
5394 silly ADD node_modules/firebase-tools/node_modules/is-path-inside
5395 silly ADD node_modules/firebase-tools/node_modules/global-dirs
5396 silly ADD node_modules/firebase-tools/node_modules/ci-info
5397 silly ADD node_modules/firebase-tools/node_modules/widest-line
5398 silly ADD node_modules/firebase-tools/node_modules/type-fest
5399 silly ADD node_modules/firebase-tools/node_modules/cli-boxes
5400 silly ADD node_modules/firebase-tools/node_modules/camelcase
5401 silly ADD node_modules/firebase-tools/node_modules/ansi-align
5402 silly ADD node_modules/firebase-tools/node_modules/semver-diff
5403 silly ADD node_modules/firebase-tools/node_modules/semver-diff/node_modules/semver
5404 silly ADD node_modules/firebase-tools/node_modules/registry-url
5405 silly ADD node_modules/firebase-tools/node_modules/registry-auth-token
5406 silly ADD node_modules/firebase-tools/node_modules/pupa
5407 silly ADD node_modules/firebase-tools/node_modules/isomorphic-fetch
5408 silly ADD node_modules/firebase-tools/node_modules/is-yarn-global
5409 silly ADD node_modules/firebase-tools/node_modules/is-npm
5410 silly ADD node_modules/firebase-tools/node_modules/is-installed-globally
5411 silly ADD node_modules/firebase-tools/node_modules/is-ci
5412 silly ADD node_modules/firebase-tools/node_modules/import-lazy
5413 silly ADD node_modules/firebase-tools/node_modules/has-yarn
5414 silly ADD node_modules/firebase-tools/node_modules/boxen
5415 silly ADD node_modules/firebase-tools/node_modules/boxen/node_modules/ansi-regex
5416 silly ADD node_modules/firebase-tools/node_modules/boxen/node_modules/strip-ansi
5417 silly ADD node_modules/firebase-tools/node_modules/boxen/node_modules/wrap-ansi
5418 silly ADD node_modules/firebase-tools/node_modules/boxen/node_modules/chalk
5419 silly ADD node_modules/firebase-tools/node_modules/crypto-random-string
5420 silly ADD node_modules/firebase-tools/node_modules/media-typer
5421 silly ADD node_modules/firebase-tools/node_modules/is-number
5422 silly ADD node_modules/firebase-tools/node_modules/thenify
5423 silly ADD node_modules/firebase-tools/node_modules/stubs
5424 silly ADD node_modules/firebase-tools/node_modules/stream-events
5425 silly ADD node_modules/firebase-tools/node_modules/ip-regex
5426 silly ADD node_modules/firebase-tools/node_modules/deep-is
5427 silly ADD node_modules/firebase-tools/node_modules/is2
5428 silly ADD node_modules/firebase-tools/node_modules/text-decoder
5429 silly ADD node_modules/firebase-tools/node_modules/events-universal
5430 silly ADD node_modules/firebase-tools/node_modules/teex
5431 silly ADD node_modules/firebase-tools/node_modules/bare-os
5432 silly ADD node_modules/firebase-tools/node_modules/bare-url
5433 silly ADD node_modules/firebase-tools/node_modules/bare-stream
5434 silly ADD node_modules/firebase-tools/node_modules/bare-path
5435 silly ADD node_modules/firebase-tools/node_modules/bare-events
5436 silly ADD node_modules/firebase-tools/node_modules/streamx
5437 silly ADD node_modules/firebase-tools/node_modules/fast-fifo
5438 silly ADD node_modules/firebase-tools/node_modules/bare-fs
5439 silly ADD node_modules/firebase-tools/node_modules/b4a
5440 silly ADD node_modules/firebase-tools/node_modules/yallist
5441 silly ADD node_modules/firebase-tools/node_modules/minizlib
5442 silly ADD node_modules/firebase-tools/node_modules/chownr
5443 silly ADD node_modules/firebase-tools/node_modules/@isaacs/fs-minipass
5444 silly ADD node_modules/firebase-tools/node_modules/supports-color
5445 silly ADD node_modules/firebase-tools/node_modules/has-flag
5446 silly ADD node_modules/firebase-tools/node_modules/is-promise
5447 silly ADD node_modules/firebase-tools/node_modules/abbrev
5448 silly ADD node_modules/firebase-tools/node_modules/undici
5449 silly ADD node_modules/firebase-tools/node_modules/tinyglobby
5450 silly ADD node_modules/firebase-tools/node_modules/tinyglobby/node_modules/picomatch
5451 silly ADD node_modules/firebase-tools/node_modules/tinyglobby/node_modules/fdir
5452 silly ADD node_modules/firebase-tools/node_modules/proc-log
5453 silly ADD node_modules/firebase-tools/node_modules/nopt
5454 silly ADD node_modules/firebase-tools/node_modules/exponential-backoff
5455 silly ADD node_modules/firebase-tools/node_modules/env-paths
5456 silly ADD node_modules/firebase-tools/node_modules/node-gyp
5457 silly ADD node_modules/firebase-tools/node_modules/node-gyp/node_modules/isexe
5458 silly ADD node_modules/firebase-tools/node_modules/node-gyp/node_modules/which
5459 silly ADD node_modules/firebase-tools/node_modules/nan
5460 silly ADD node_modules/firebase-tools/node_modules/install-artifact-from-github
5461 silly ADD node_modules/firebase-tools/node_modules/lodash._objecttypes
5462 silly ADD node_modules/firebase-tools/node_modules/valid-url
5463 silly ADD node_modules/firebase-tools/node_modules/url-join
5464 silly ADD node_modules/firebase-tools/node_modules/as-array
5465 silly ADD node_modules/firebase-tools/node_modules/toxic
5466 silly ADD node_modules/firebase-tools/node_modules/lodash.isobject
5467 silly ADD node_modules/firebase-tools/node_modules/glob-slash
5468 silly ADD node_modules/firebase-tools/node_modules/compressible
5469 silly ADD node_modules/firebase-tools/node_modules/tsscmp
5470 silly ADD node_modules/firebase-tools/node_modules/router
5471 silly ADD node_modules/firebase-tools/node_modules/router/node_modules/ms
5472 silly ADD node_modules/firebase-tools/node_modules/router/node_modules/path-to-regexp
5473 silly ADD node_modules/firebase-tools/node_modules/router/node_modules/debug
5474 silly ADD node_modules/firebase-tools/node_modules/re2
5475 silly ADD node_modules/firebase-tools/node_modules/join-path
5476 silly ADD node_modules/firebase-tools/node_modules/is-url
5477 silly ADD node_modules/firebase-tools/node_modules/glob-slasher
5478 silly ADD node_modules/firebase-tools/node_modules/connect
5479 silly ADD node_modules/firebase-tools/node_modules/connect/node_modules/statuses
5480 silly ADD node_modules/firebase-tools/node_modules/connect/node_modules/on-finished
5481 silly ADD node_modules/firebase-tools/node_modules/connect/node_modules/encodeurl
5482 silly ADD node_modules/firebase-tools/node_modules/connect/node_modules/finalhandler
5483 silly ADD node_modules/firebase-tools/node_modules/compression
5484 silly ADD node_modules/firebase-tools/node_modules/compression/node_modules/negotiator
5485 silly ADD node_modules/firebase-tools/node_modules/basic-auth-connect
5486 silly ADD node_modules/firebase-tools/node_modules/is-fullwidth-code-point
5487 silly ADD node_modules/firebase-tools/node_modules/emoji-regex
5488 silly ADD node_modules/firebase-tools/node_modules/ret
5489 silly ADD node_modules/firebase-tools/node_modules/discontinuous-range
5490 silly ADD node_modules/firebase-tools/node_modules/randexp
5491 silly ADD node_modules/firebase-tools/node_modules/railroad-diagrams
5492 silly ADD node_modules/firebase-tools/node_modules/moo
5493 silly ADD node_modules/firebase-tools/node_modules/nearley
5494 silly ADD node_modules/firebase-tools/node_modules/nearley/node_modules/commander
5495 silly ADD node_modules/firebase-tools/node_modules/smart-buffer
5496 silly ADD node_modules/firebase-tools/node_modules/socks
5497 silly ADD node_modules/firebase-tools/node_modules/unicode-emoji-modifier-base
5498 silly ADD node_modules/firebase-tools/node_modules/call-bound
5499 silly ADD node_modules/firebase-tools/node_modules/side-channel-weakmap
5500 silly ADD node_modules/firebase-tools/node_modules/side-channel-map
5501 silly ADD node_modules/firebase-tools/node_modules/side-channel-list
5502 silly ADD node_modules/firebase-tools/node_modules/object-inspect
5503 silly ADD node_modules/firebase-tools/node_modules/shebang-regex
5504 silly ADD node_modules/firebase-tools/node_modules/teeny-request
5505 silly ADD node_modules/firebase-tools/node_modules/teeny-request/node_modules/data-uri-to-buffer
5506 silly ADD node_modules/firebase-tools/node_modules/teeny-request/node_modules/node-fetch
5507 silly ADD node_modules/firebase-tools/node_modules/mimic-fn
5508 silly ADD node_modules/firebase-tools/node_modules/onetime
5509 silly ADD node_modules/firebase-tools/node_modules/string_decoder
5510 silly ADD node_modules/firebase-tools/node_modules/process
5511 silly ADD node_modules/firebase-tools/node_modules/events
5512 silly ADD node_modules/firebase-tools/node_modules/side-channel
5513 silly ADD node_modules/firebase-tools/node_modules/source-map
5514 silly ADD node_modules/firebase-tools/node_modules/esutils
5515 silly ADD node_modules/firebase-tools/node_modules/estraverse
5516 silly ADD node_modules/firebase-tools/node_modules/tslib
5517 silly ADD node_modules/firebase-tools/node_modules/esprima
5518 silly ADD node_modules/firebase-tools/node_modules/escodegen
5519 silly ADD node_modules/firebase-tools/node_modules/ast-types
5520 silly ADD node_modules/firebase-tools/node_modules/netmask
5521 silly ADD node_modules/firebase-tools/node_modules/degenerator
5522 silly ADD node_modules/firebase-tools/node_modules/data-uri-to-buffer
5523 silly ADD node_modules/firebase-tools/node_modules/basic-ftp
5524 silly ADD node_modules/firebase-tools/node_modules/pac-resolver
5525 silly ADD node_modules/firebase-tools/node_modules/get-uri
5526 silly ADD node_modules/firebase-tools/node_modules/get-uri/node_modules/ms
5527 silly ADD node_modules/firebase-tools/node_modules/get-uri/node_modules/debug
5528 silly ADD node_modules/firebase-tools/node_modules/@tootallnate/quickjs-emscripten
5529 silly ADD node_modules/firebase-tools/node_modules/socks-proxy-agent
5530 silly ADD node_modules/firebase-tools/node_modules/socks-proxy-agent/node_modules/ms
5531 silly ADD node_modules/firebase-tools/node_modules/socks-proxy-agent/node_modules/debug
5532 silly ADD node_modules/firebase-tools/node_modules/proxy-from-env
5533 silly ADD node_modules/firebase-tools/node_modules/pac-proxy-agent
5534 silly ADD node_modules/firebase-tools/node_modules/pac-proxy-agent/node_modules/ms
5535 silly ADD node_modules/firebase-tools/node_modules/pac-proxy-agent/node_modules/debug
5536 silly ADD node_modules/firebase-tools/node_modules/http-proxy-agent
5537 silly ADD node_modules/firebase-tools/node_modules/http-proxy-agent/node_modules/ms
5538 silly ADD node_modules/firebase-tools/node_modules/http-proxy-agent/node_modules/debug
5539 silly ADD node_modules/firebase-tools/node_modules/ipaddr.js
5540 silly ADD node_modules/firebase-tools/node_modules/forwarded
5541 silly ADD node_modules/firebase-tools/node_modules/undici-types
5542 silly ADD node_modules/firebase-tools/node_modules/@types/node
5543 silly ADD node_modules/firebase-tools/node_modules/@protobufjs/utf8
5544 silly ADD node_modules/firebase-tools/node_modules/@protobufjs/pool
5545 silly ADD node_modules/firebase-tools/node_modules/@protobufjs/path
5546 silly ADD node_modules/firebase-tools/node_modules/@protobufjs/float
5547 silly ADD node_modules/firebase-tools/node_modules/@protobufjs/fetch
5548 silly ADD node_modules/firebase-tools/node_modules/@protobufjs/eventemitter
5549 silly ADD node_modules/firebase-tools/node_modules/@protobufjs/codegen
5550 silly ADD node_modules/firebase-tools/node_modules/@protobufjs/base64
5551 silly ADD node_modules/firebase-tools/node_modules/@protobufjs/aspromise
5552 silly ADD node_modules/firebase-tools/node_modules/xtend
5553 silly ADD node_modules/firebase-tools/node_modules/split2
5554 silly ADD node_modules/firebase-tools/node_modules/postgres-interval
5555 silly ADD node_modules/firebase-tools/node_modules/postgres-date
5556 silly ADD node_modules/firebase-tools/node_modules/postgres-bytea
5557 silly ADD node_modules/firebase-tools/node_modules/postgres-array
5558 silly ADD node_modules/firebase-tools/node_modules/pg-int8
5559 silly ADD node_modules/firebase-tools/node_modules/pgpass
5560 silly ADD node_modules/firebase-tools/node_modules/pg-types
5561 silly ADD node_modules/firebase-tools/node_modules/pg-protocol
5562 silly ADD node_modules/firebase-tools/node_modules/pg-pool
5563 silly ADD node_modules/firebase-tools/node_modules/pg-connection-string
5564 silly ADD node_modules/firebase-tools/node_modules/pg-cloudflare
5565 silly ADD node_modules/firebase-tools/node_modules/lru-cache
5566 silly ADD node_modules/firebase-tools/node_modules/restore-cursor
5567 silly ADD node_modules/firebase-tools/node_modules/restore-cursor/node_modules/signal-exit
5568 silly ADD node_modules/firebase-tools/node_modules/ieee754
5569 silly ADD node_modules/firebase-tools/node_modules/buffer
5570 silly ADD node_modules/firebase-tools/node_modules/wcwidth
5571 silly ADD node_modules/firebase-tools/node_modules/log-symbols
5572 silly ADD node_modules/firebase-tools/node_modules/log-symbols/node_modules/chalk
5573 silly ADD node_modules/firebase-tools/node_modules/is-unicode-supported
5574 silly ADD node_modules/firebase-tools/node_modules/is-interactive
5575 silly ADD node_modules/firebase-tools/node_modules/cli-spinners
5576 silly ADD node_modules/firebase-tools/node_modules/cli-cursor
5577 silly ADD node_modules/firebase-tools/node_modules/bl
5578 silly ADD node_modules/firebase-tools/node_modules/bl/node_modules/readable-stream
5579 silly ADD node_modules/firebase-tools/node_modules/is-wsl
5580 silly ADD node_modules/firebase-tools/node_modules/wrappy
5581 silly ADD node_modules/firebase-tools/node_modules/ee-first
5582 silly ADD node_modules/firebase-tools/node_modules/whatwg-url
5583 silly ADD node_modules/firebase-tools/node_modules/skin-tone
5584 silly ADD node_modules/firebase-tools/node_modules/emojilib
5585 silly ADD node_modules/firebase-tools/node_modules/char-regex
5586 silly ADD node_modules/firebase-tools/node_modules/@sindresorhus/is
5587 silly ADD node_modules/firebase-tools/node_modules/thenify-all
5588 silly ADD node_modules/firebase-tools/node_modules/any-promise
5589 silly ADD node_modules/firebase-tools/node_modules/on-headers
5590 silly ADD node_modules/firebase-tools/node_modules/basic-auth
5591 silly ADD node_modules/firebase-tools/node_modules/basic-auth/node_modules/safe-buffer
5592 silly ADD node_modules/firebase-tools/node_modules/concat-map
5593 silly ADD node_modules/firebase-tools/node_modules/balanced-match
5594 silly ADD node_modules/firebase-tools/node_modules/brace-expansion
5595 silly ADD node_modules/firebase-tools/node_modules/mime-db
5596 silly ADD node_modules/firebase-tools/node_modules/parse5-htmlparser2-tree-adapter
5597 silly ADD node_modules/firebase-tools/node_modules/parse5-htmlparser2-tree-adapter/node_modules/parse5
5598 silly ADD node_modules/firebase-tools/node_modules/parse5
5599 silly ADD node_modules/firebase-tools/node_modules/mz
5600 silly ADD node_modules/firebase-tools/node_modules/highlight.js
5601 silly ADD node_modules/firebase-tools/node_modules/environment
5602 silly ADD node_modules/firebase-tools/node_modules/supports-hyperlinks
5603 silly ADD node_modules/firebase-tools/node_modules/node-emoji
5604 silly ADD node_modules/firebase-tools/node_modules/cli-highlight
5605 silly ADD node_modules/firebase-tools/node_modules/cli-highlight/node_modules/ansi-regex
5606 silly ADD node_modules/firebase-tools/node_modules/cli-highlight/node_modules/wrap-ansi
5607 silly ADD node_modules/firebase-tools/node_modules/cli-highlight/node_modules/strip-ansi
5608 silly ADD node_modules/firebase-tools/node_modules/cli-highlight/node_modules/yargs-parser
5609 silly ADD node_modules/firebase-tools/node_modules/cli-highlight/node_modules/cliui
5610 silly ADD node_modules/firebase-tools/node_modules/cli-highlight/node_modules/yargs
5611 silly ADD node_modules/firebase-tools/node_modules/cli-highlight/node_modules/chalk
5612 silly ADD node_modules/firebase-tools/node_modules/chalk
5613 silly ADD node_modules/firebase-tools/node_modules/ansi-regex
5614 silly ADD node_modules/firebase-tools/node_modules/ansi-escapes
5615 silly ADD node_modules/firebase-tools/node_modules/libsodium
5616 silly ADD node_modules/firebase-tools/node_modules/buffer-equal-constant-time
5617 silly ADD node_modules/firebase-tools/node_modules/jwa
5618 silly ADD node_modules/firebase-tools/node_modules/lodash.once
5619 silly ADD node_modules/firebase-tools/node_modules/lodash.isstring
5620 silly ADD node_modules/firebase-tools/node_modules/lodash.isplainobject
5621 silly ADD node_modules/firebase-tools/node_modules/lodash.isnumber
5622 silly ADD node_modules/firebase-tools/node_modules/lodash.isinteger
5623 silly ADD node_modules/firebase-tools/node_modules/lodash.isboolean
5624 silly ADD node_modules/firebase-tools/node_modules/lodash.includes
5625 silly ADD node_modules/firebase-tools/node_modules/jju
5626 silly ADD node_modules/firebase-tools/node_modules/bignumber.js
5627 silly ADD node_modules/firebase-tools/node_modules/argparse
5628 silly ADD node_modules/firebase-tools/node_modules/wrap-ansi-cjs
5629 silly ADD node_modules/firebase-tools/node_modules/wrap-ansi-cjs/node_modules/ansi-regex
5630 silly ADD node_modules/firebase-tools/node_modules/wrap-ansi-cjs/node_modules/strip-ansi
5631 silly ADD node_modules/firebase-tools/node_modules/strip-ansi-cjs
5632 silly ADD node_modules/firebase-tools/node_modules/strip-ansi-cjs/node_modules/ansi-regex
5633 silly ADD node_modules/firebase-tools/node_modules/strip-ansi
5634 silly ADD node_modules/firebase-tools/node_modules/string-width-cjs
5635 silly ADD node_modules/firebase-tools/node_modules/string-width-cjs/node_modules/ansi-regex
5636 silly ADD node_modules/firebase-tools/node_modules/string-width-cjs/node_modules/strip-ansi
5637 silly ADD node_modules/firebase-tools/node_modules/@pkgjs/parseargs
5638 silly ADD node_modules/firebase-tools/node_modules/@isaacs/cliui
5639 silly ADD node_modules/firebase-tools/node_modules/@isaacs/cliui/node_modules/ansi-styles
5640 silly ADD node_modules/firebase-tools/node_modules/@isaacs/cliui/node_modules/emoji-regex
5641 silly ADD node_modules/firebase-tools/node_modules/@isaacs/cliui/node_modules/wrap-ansi
5642 silly ADD node_modules/firebase-tools/node_modules/@isaacs/cliui/node_modules/string-width
5643 silly ADD node_modules/firebase-tools/node_modules/is-extglob
5644 silly ADD node_modules/firebase-tools/node_modules/binary-extensions
5645 silly ADD node_modules/firebase-tools/node_modules/safer-buffer
5646 silly ADD node_modules/firebase-tools/node_modules/agent-base
5647 silly ADD node_modules/firebase-tools/node_modules/toidentifier
5648 silly ADD node_modules/firebase-tools/node_modules/url-template
5649 silly ADD node_modules/firebase-tools/node_modules/once
5650 silly ADD node_modules/firebase-tools/node_modules/stream-shift
5651 silly ADD node_modules/firebase-tools/node_modules/inherits
5652 silly ADD node_modules/firebase-tools/node_modules/end-of-stream
5653 silly ADD node_modules/firebase-tools/node_modules/yargs
5654 silly ADD node_modules/firebase-tools/node_modules/lodash.camelcase
5655 silly ADD node_modules/firebase-tools/node_modules/@js-sdsl/ordered-map
5656 silly ADD node_modules/firebase-tools/node_modules/rimraf
5657 silly ADD node_modules/firebase-tools/node_modules/retry-request
5658 silly ADD node_modules/firebase-tools/node_modules/protobufjs
5659 silly ADD node_modules/firebase-tools/node_modules/proto3-json-serializer
5660 silly ADD node_modules/firebase-tools/node_modules/object-hash
5661 silly ADD node_modules/firebase-tools/node_modules/duplexify
5662 silly ADD node_modules/firebase-tools/node_modules/duplexify/node_modules/readable-stream
5663 silly ADD node_modules/firebase-tools/node_modules/@grpc/proto-loader
5664 silly ADD node_modules/firebase-tools/node_modules/@grpc/grpc-js
5665 silly ADD node_modules/firebase-tools/node_modules/json-bigint
5666 silly ADD node_modules/firebase-tools/node_modules/jws
5667 silly ADD node_modules/firebase-tools/node_modules/gtoken
5668 silly ADD node_modules/firebase-tools/node_modules/gcp-metadata
5669 silly ADD node_modules/firebase-tools/node_modules/gcp-metadata/node_modules/google-logging-utils
5670 silly ADD node_modules/firebase-tools/node_modules/ecdsa-sig-formatter
5671 silly ADD node_modules/firebase-tools/node_modules/base64-js
5672 silly ADD node_modules/firebase-tools/node_modules/path-scurry
5673 silly ADD node_modules/firebase-tools/node_modules/package-json-from-dist
5674 silly ADD node_modules/firebase-tools/node_modules/minipass
5675 silly ADD node_modules/firebase-tools/node_modules/jackspeak
5676 silly ADD node_modules/firebase-tools/node_modules/foreground-child
5677 silly ADD node_modules/firebase-tools/node_modules/dunder-proto
5678 silly ADD node_modules/firebase-tools/node_modules/math-intrinsics
5679 silly ADD node_modules/firebase-tools/node_modules/has-symbols
5680 silly ADD node_modules/firebase-tools/node_modules/gopd
5681 silly ADD node_modules/firebase-tools/node_modules/get-proto
5682 silly ADD node_modules/firebase-tools/node_modules/function-bind
5683 silly ADD node_modules/firebase-tools/node_modules/es-object-atoms
5684 silly ADD node_modules/firebase-tools/node_modules/es-define-property
5685 silly ADD node_modules/firebase-tools/node_modules/call-bind-apply-helpers
5686 silly ADD node_modules/firebase-tools/node_modules/uuid
5687 silly ADD node_modules/firebase-tools/node_modules/https-proxy-agent
5688 silly ADD node_modules/firebase-tools/node_modules/https-proxy-agent/node_modules/ms
5689 silly ADD node_modules/firebase-tools/node_modules/https-proxy-agent/node_modules/debug
5690 silly ADD node_modules/firebase-tools/node_modules/universalify
5691 silly ADD node_modules/firebase-tools/node_modules/jsonfile
5692 silly ADD node_modules/firebase-tools/node_modules/has-tostringtag
5693 silly ADD node_modules/firebase-tools/node_modules/get-intrinsic
5694 silly ADD node_modules/firebase-tools/node_modules/es-errors
5695 silly ADD node_modules/firebase-tools/node_modules/delayed-stream
5696 silly ADD node_modules/firebase-tools/node_modules/hasown
5697 silly ADD node_modules/firebase-tools/node_modules/es-set-tostringtag
5698 silly ADD node_modules/firebase-tools/node_modules/combined-stream
5699 silly ADD node_modules/firebase-tools/node_modules/asynckit
5700 silly ADD node_modules/firebase-tools/node_modules/to-regex-range
5701 silly ADD node_modules/firebase-tools/node_modules/ip-address
5702 silly ADD node_modules/firebase-tools/node_modules/negotiator
5703 silly ADD node_modules/firebase-tools/node_modules/mime-types
5704 silly ADD node_modules/firebase-tools/node_modules/utils-merge
5705 silly ADD node_modules/firebase-tools/node_modules/statuses
5706 silly ADD node_modules/firebase-tools/node_modules/setprototypeof
5707 silly ADD node_modules/firebase-tools/node_modules/serve-static
5708 silly ADD node_modules/firebase-tools/node_modules/send
5709 silly ADD node_modules/firebase-tools/node_modules/send/node_modules/ms
5710 silly ADD node_modules/firebase-tools/node_modules/send/node_modules/mime
5711 silly ADD node_modules/firebase-tools/node_modules/safe-buffer
5712 silly ADD node_modules/firebase-tools/node_modules/range-parser
5713 silly ADD node_modules/firebase-tools/node_modules/proxy-addr
5714 silly ADD node_modules/firebase-tools/node_modules/path-to-regexp
5715 silly ADD node_modules/firebase-tools/node_modules/parseurl
5716 silly ADD node_modules/firebase-tools/node_modules/methods
5717 silly ADD node_modules/firebase-tools/node_modules/merge-descriptors
5718 silly ADD node_modules/firebase-tools/node_modules/fresh
5719 silly ADD node_modules/firebase-tools/node_modules/finalhandler
5720 silly ADD node_modules/firebase-tools/node_modules/etag
5721 silly ADD node_modules/firebase-tools/node_modules/escape-html
5722 silly ADD node_modules/firebase-tools/node_modules/encodeurl
5723 silly ADD node_modules/firebase-tools/node_modules/cookie-signature
5724 silly ADD node_modules/firebase-tools/node_modules/cookie
5725 silly ADD node_modules/firebase-tools/node_modules/content-disposition
5726 silly ADD node_modules/firebase-tools/node_modules/array-flatten
5727 silly ADD node_modules/firebase-tools/node_modules/accepts
5728 silly ADD node_modules/firebase-tools/node_modules/call-me-maybe
5729 silly ADD node_modules/firebase-tools/node_modules/@types/json-schema
5730 silly ADD node_modules/firebase-tools/node_modules/@jsdevtools/ono
5731 silly ADD node_modules/firebase-tools/node_modules/promise-breaker
5732 silly ADD node_modules/firebase-tools/node_modules/openapi3-ts
5733 silly ADD node_modules/firebase-tools/node_modules/json-ptr
5734 silly ADD node_modules/firebase-tools/node_modules/events-listener
5735 silly ADD node_modules/firebase-tools/node_modules/deep-freeze
5736 silly ADD node_modules/firebase-tools/node_modules/@apidevtools/json-schema-ref-parser
5737 silly ADD node_modules/firebase-tools/node_modules/is-obj
5738 silly ADD node_modules/firebase-tools/node_modules/ms
5739 silly ADD node_modules/firebase-tools/node_modules/which
5740 silly ADD node_modules/firebase-tools/node_modules/shebang-command
5741 silly ADD node_modules/firebase-tools/node_modules/path-key
5742 silly ADD node_modules/firebase-tools/node_modules/vary
5743 silly ADD node_modules/firebase-tools/node_modules/object-assign
5744 silly ADD node_modules/firebase-tools/node_modules/xdg-basedir
5745 silly ADD node_modules/firebase-tools/node_modules/write-file-atomic
5746 silly ADD node_modules/firebase-tools/node_modules/write-file-atomic/node_modules/signal-exit
5747 silly ADD node_modules/firebase-tools/node_modules/unique-string
5748 silly ADD node_modules/firebase-tools/node_modules/make-dir
5749 silly ADD node_modules/firebase-tools/node_modules/make-dir/node_modules/semver
5750 silly ADD node_modules/firebase-tools/node_modules/dot-prop
5751 silly ADD node_modules/firebase-tools/node_modules/string-width
5752 silly ADD node_modules/firebase-tools/node_modules/string-width/node_modules/ansi-regex
5753 silly ADD node_modules/firebase-tools/node_modules/string-width/node_modules/strip-ansi
5754 silly ADD node_modules/firebase-tools/node_modules/@colors/colors
5755 silly ADD node_modules/firebase-tools/node_modules/json-parse-helpfulerror
5756 silly ADD node_modules/firebase-tools/node_modules/fill-range
5757 silly ADD node_modules/firebase-tools/node_modules/picomatch
5758 silly ADD node_modules/firebase-tools/node_modules/readdirp
5759 silly ADD node_modules/firebase-tools/node_modules/is-glob
5760 silly ADD node_modules/firebase-tools/node_modules/is-binary-path
5761 silly ADD node_modules/firebase-tools/node_modules/glob-parent
5762 silly ADD node_modules/firebase-tools/node_modules/braces
5763 silly ADD node_modules/firebase-tools/node_modules/anymatch
5764 silly ADD node_modules/firebase-tools/node_modules/unpipe
5765 silly ADD node_modules/firebase-tools/node_modules/type-is
5766 silly ADD node_modules/firebase-tools/node_modules/qs
5767 silly ADD node_modules/firebase-tools/node_modules/on-finished
5768 silly ADD node_modules/firebase-tools/node_modules/http-errors
5769 silly ADD node_modules/firebase-tools/node_modules/destroy
5770 silly ADD node_modules/firebase-tools/node_modules/depd
5771 silly ADD node_modules/firebase-tools/node_modules/debug
5772 silly ADD node_modules/firebase-tools/node_modules/bytes
5773 silly ADD node_modules/firebase-tools/node_modules/normalize-path
5774 silly ADD node_modules/firebase-tools/node_modules/lazystream
5775 silly ADD node_modules/firebase-tools/node_modules/lazystream/node_modules/string_decoder
5776 silly ADD node_modules/firebase-tools/node_modules/lazystream/node_modules/safe-buffer
5777 silly ADD node_modules/firebase-tools/node_modules/lazystream/node_modules/readable-stream
5778 silly ADD node_modules/firebase-tools/node_modules/is-stream
5779 silly ADD node_modules/firebase-tools/node_modules/graceful-fs
5780 silly ADD node_modules/firebase-tools/node_modules/zip-stream
5781 silly ADD node_modules/firebase-tools/node_modules/tar-stream
5782 silly ADD node_modules/firebase-tools/node_modules/readdir-glob
5783 silly ADD node_modules/firebase-tools/node_modules/readdir-glob/node_modules/brace-expansion
5784 silly ADD node_modules/firebase-tools/node_modules/readdir-glob/node_modules/minimatch
5785 silly ADD node_modules/firebase-tools/node_modules/readable-stream
5786 silly ADD node_modules/firebase-tools/node_modules/readable-stream/node_modules/buffer
5787 silly ADD node_modules/firebase-tools/node_modules/buffer-crc32
5788 silly ADD node_modules/firebase-tools/node_modules/async
5789 silly ADD node_modules/firebase-tools/node_modules/archiver-utils
5790 silly ADD node_modules/firebase-tools/node_modules/require-from-string
5791 silly ADD node_modules/firebase-tools/node_modules/json-schema-traverse
5792 silly ADD node_modules/firebase-tools/node_modules/fast-uri
5793 silly ADD node_modules/firebase-tools/node_modules/fast-deep-equal
5794 silly ADD node_modules/firebase-tools/node_modules/event-target-shim
5795 silly ADD node_modules/firebase-tools/node_modules/zod-to-json-schema
5796 silly ADD node_modules/firebase-tools/node_modules/raw-body
5797 silly ADD node_modules/firebase-tools/node_modules/pkce-challenge
5798 silly ADD node_modules/firebase-tools/node_modules/json-schema-typed
5799 silly ADD node_modules/firebase-tools/node_modules/jose
5800 silly ADD node_modules/firebase-tools/node_modules/express-rate-limit
5801 silly ADD node_modules/firebase-tools/node_modules/eventsource-parser
5802 silly ADD node_modules/firebase-tools/node_modules/eventsource
5803 silly ADD node_modules/firebase-tools/node_modules/content-type
5804 silly ADD node_modules/firebase-tools/node_modules/hono
5805 silly ADD node_modules/firebase-tools/node_modules/@hono/node-server
5806 silly ADD node_modules/firebase-tools/node_modules/iconv-lite
5807 silly ADD node_modules/firebase-tools/node_modules/chardet
5808 silly ADD node_modules/firebase-tools/node_modules/@inquirer/external-editor
5809 silly ADD node_modules/firebase-tools/node_modules/wrap-ansi
5810 silly ADD node_modules/firebase-tools/node_modules/wrap-ansi/node_modules/ansi-regex
5811 silly ADD node_modules/firebase-tools/node_modules/wrap-ansi/node_modules/strip-ansi
5812 silly ADD node_modules/firebase-tools/node_modules/signal-exit
5813 silly ADD node_modules/firebase-tools/node_modules/mute-stream
5814 silly ADD node_modules/firebase-tools/node_modules/cli-width
5815 silly ADD node_modules/firebase-tools/node_modules/yoctocolors-cjs
5816 silly ADD node_modules/firebase-tools/node_modules/@inquirer/type
5817 silly ADD node_modules/firebase-tools/node_modules/@inquirer/figures
5818 silly ADD node_modules/firebase-tools/node_modules/@inquirer/core
5819 silly ADD node_modules/firebase-tools/node_modules/@inquirer/ansi
5820 silly ADD node_modules/firebase-tools/node_modules/@inquirer/select
5821 silly ADD node_modules/firebase-tools/node_modules/@inquirer/search
5822 silly ADD node_modules/firebase-tools/node_modules/@inquirer/rawlist
5823 silly ADD node_modules/firebase-tools/node_modules/@inquirer/password
5824 silly ADD node_modules/firebase-tools/node_modules/@inquirer/number
5825 silly ADD node_modules/firebase-tools/node_modules/@inquirer/input
5826 silly ADD node_modules/firebase-tools/node_modules/@inquirer/expand
5827 silly ADD node_modules/firebase-tools/node_modules/@inquirer/editor
5828 silly ADD node_modules/firebase-tools/node_modules/@inquirer/confirm
5829 silly ADD node_modules/firebase-tools/node_modules/@inquirer/checkbox
5830 silly ADD node_modules/firebase-tools/node_modules/googleapis-common
5831 silly ADD node_modules/firebase-tools/node_modules/googleapis-common/node_modules/data-uri-to-buffer
5832 silly ADD node_modules/firebase-tools/node_modules/googleapis-common/node_modules/gtoken
5833 silly ADD node_modules/firebase-tools/node_modules/googleapis-common/node_modules/gcp-metadata
5834 silly ADD node_modules/firebase-tools/node_modules/googleapis-common/node_modules/node-fetch
5835 silly ADD node_modules/firebase-tools/node_modules/googleapis-common/node_modules/google-logging-utils
5836 silly ADD node_modules/firebase-tools/node_modules/googleapis-common/node_modules/google-auth-library
5837 silly ADD node_modules/firebase-tools/node_modules/googleapis-common/node_modules/gaxios
5838 silly ADD node_modules/firebase-tools/node_modules/p-defer
5839 silly ADD node_modules/firebase-tools/node_modules/long
5840 silly ADD node_modules/firebase-tools/node_modules/lodash.snakecase
5841 silly ADD node_modules/firebase-tools/node_modules/is-stream-ended
5842 silly ADD node_modules/firebase-tools/node_modules/heap-js
5843 silly ADD node_modules/firebase-tools/node_modules/google-gax
5844 silly ADD node_modules/firebase-tools/node_modules/google-gax/node_modules/data-uri-to-buffer
5845 silly ADD node_modules/firebase-tools/node_modules/google-gax/node_modules/gtoken
5846 silly ADD node_modules/firebase-tools/node_modules/google-gax/node_modules/gcp-metadata
5847 silly ADD node_modules/firebase-tools/node_modules/google-gax/node_modules/gcp-metadata/node_modules/gaxios
5848 silly ADD node_modules/firebase-tools/node_modules/google-gax/node_modules/gaxios
5849 silly ADD node_modules/firebase-tools/node_modules/google-gax/node_modules/node-fetch
5850 silly ADD node_modules/firebase-tools/node_modules/google-gax/node_modules/google-logging-utils
5851 silly ADD node_modules/firebase-tools/node_modules/google-gax/node_modules/google-auth-library
5852 silly ADD node_modules/firebase-tools/node_modules/extend
5853 silly ADD node_modules/firebase-tools/node_modules/arrify
5854 silly ADD node_modules/firebase-tools/node_modules/@opentelemetry/semantic-conventions
5855 silly ADD node_modules/firebase-tools/node_modules/@opentelemetry/core
5856 silly ADD node_modules/firebase-tools/node_modules/@opentelemetry/core/node_modules/@opentelemetry/semantic-conventions
5857 silly ADD node_modules/firebase-tools/node_modules/@opentelemetry/api
5858 silly ADD node_modules/firebase-tools/node_modules/@google-cloud/promisify
5859 silly ADD node_modules/firebase-tools/node_modules/@google-cloud/projectify
5860 silly ADD node_modules/firebase-tools/node_modules/@google-cloud/precise-date
5861 silly ADD node_modules/firebase-tools/node_modules/@google-cloud/paginator
5862 silly ADD node_modules/firebase-tools/node_modules/p-throttle
5863 silly ADD node_modules/firebase-tools/node_modules/@googleapis/sqladmin
5864 silly ADD node_modules/firebase-tools/node_modules/zod
5865 silly ADD node_modules/firebase-tools/node_modules/yaml
5866 silly ADD node_modules/firebase-tools/node_modules/ws
5867 silly ADD node_modules/firebase-tools/node_modules/winston-transport
5868 silly ADD node_modules/firebase-tools/node_modules/winston-transport/node_modules/readable-stream
5869 silly ADD node_modules/firebase-tools/node_modules/winston
5870 silly ADD node_modules/firebase-tools/node_modules/winston/node_modules/readable-stream
5871 silly ADD node_modules/firebase-tools/node_modules/winston/node_modules/@colors/colors
5872 silly ADD node_modules/firebase-tools/node_modules/update-notifier-cjs
5873 silly ADD node_modules/firebase-tools/node_modules/update-notifier-cjs/node_modules/chalk
5874 silly ADD node_modules/firebase-tools/node_modules/universal-analytics
5875 silly ADD node_modules/firebase-tools/node_modules/universal-analytics/node_modules/ms
5876 silly ADD node_modules/firebase-tools/node_modules/universal-analytics/node_modules/uuid
5877 silly ADD node_modules/firebase-tools/node_modules/universal-analytics/node_modules/debug
5878 silly ADD node_modules/firebase-tools/node_modules/triple-beam
5879 silly ADD node_modules/firebase-tools/node_modules/tmp
5880 silly ADD node_modules/firebase-tools/node_modules/tcp-port-used
5881 silly ADD node_modules/firebase-tools/node_modules/tcp-port-used/node_modules/ms
5882 silly ADD node_modules/firebase-tools/node_modules/tcp-port-used/node_modules/debug
5883 silly ADD node_modules/firebase-tools/node_modules/tar
5884 silly ADD node_modules/firebase-tools/node_modules/superstatic
5885 silly ADD node_modules/firebase-tools/node_modules/superstatic/node_modules/isarray
5886 silly ADD node_modules/firebase-tools/node_modules/superstatic/node_modules/brace-expansion
5887 silly ADD node_modules/firebase-tools/node_modules/superstatic/node_modules/path-to-regexp
5888 silly ADD node_modules/firebase-tools/node_modules/superstatic/node_modules/minimatch
5889 silly ADD node_modules/firebase-tools/node_modules/superstatic/node_modules/commander
5890 silly ADD node_modules/firebase-tools/node_modules/stream-json
5891 silly ADD node_modules/firebase-tools/node_modules/stream-chain
5892 silly ADD node_modules/firebase-tools/node_modules/sql-formatter
5893 silly ADD node_modules/firebase-tools/node_modules/semver
5894 silly ADD node_modules/firebase-tools/node_modules/retry
5895 silly ADD node_modules/firebase-tools/node_modules/proxy-agent
5896 silly ADD node_modules/firebase-tools/node_modules/proxy-agent/node_modules/ms
5897 silly ADD node_modules/firebase-tools/node_modules/proxy-agent/node_modules/lru-cache
5898 silly ADD node_modules/firebase-tools/node_modules/proxy-agent/node_modules/debug
5899 silly ADD node_modules/firebase-tools/node_modules/progress
5900 silly ADD node_modules/firebase-tools/node_modules/portfinder
5901 silly ADD node_modules/firebase-tools/node_modules/portfinder/node_modules/ms
5902 silly ADD node_modules/firebase-tools/node_modules/portfinder/node_modules/debug
5903 silly ADD node_modules/firebase-tools/node_modules/pglite-2
5904 silly ADD node_modules/firebase-tools/node_modules/pg-gateway
5905 silly ADD node_modules/firebase-tools/node_modules/pg
5906 silly ADD node_modules/firebase-tools/node_modules/ora
5907 silly ADD node_modules/firebase-tools/node_modules/ora/node_modules/ansi-regex
5908 silly ADD node_modules/firebase-tools/node_modules/ora/node_modules/strip-ansi
5909 silly ADD node_modules/firebase-tools/node_modules/ora/node_modules/chalk
5910 silly ADD node_modules/firebase-tools/node_modules/open
5911 silly ADD node_modules/firebase-tools/node_modules/node-fetch
5912 silly ADD node_modules/firebase-tools/node_modules/morgan
5913 silly ADD node_modules/firebase-tools/node_modules/minimatch
5914 silly ADD node_modules/firebase-tools/node_modules/mime
5915 silly ADD node_modules/firebase-tools/node_modules/marked-terminal
5916 silly ADD node_modules/firebase-tools/node_modules/marked
5917 silly ADD node_modules/firebase-tools/node_modules/lsofi
5918 silly ADD node_modules/firebase-tools/node_modules/lodash
5919 silly ADD node_modules/firebase-tools/node_modules/libsodium-wrappers
5920 silly ADD node_modules/firebase-tools/node_modules/jsonwebtoken
5921 silly ADD node_modules/firebase-tools/node_modules/jsonwebtoken/node_modules/ms
5922 silly ADD node_modules/firebase-tools/node_modules/js-yaml
5923 silly ADD node_modules/firebase-tools/node_modules/ignore
5924 silly ADD node_modules/firebase-tools/node_modules/google-auth-library
5925 silly ADD node_modules/firebase-tools/node_modules/glob
5926 silly ADD node_modules/firebase-tools/node_modules/glob/node_modules/brace-expansion
5927 silly ADD node_modules/firebase-tools/node_modules/glob/node_modules/minimatch
5928 silly ADD node_modules/firebase-tools/node_modules/gaxios
5929 silly ADD node_modules/firebase-tools/node_modules/fuzzy
5930 silly ADD node_modules/firebase-tools/node_modules/fs-extra
5931 silly ADD node_modules/firebase-tools/node_modules/form-data
5932 silly ADD node_modules/firebase-tools/node_modules/express
5933 silly ADD node_modules/firebase-tools/node_modules/exegesis-express
5934 silly ADD node_modules/firebase-tools/node_modules/exegesis
5935 silly ADD node_modules/firebase-tools/node_modules/exegesis/node_modules/iconv-lite
5936 silly ADD node_modules/firebase-tools/node_modules/exegesis/node_modules/raw-body
5937 silly ADD node_modules/firebase-tools/node_modules/exegesis/node_modules/ajv-formats
5938 silly ADD node_modules/firebase-tools/node_modules/csv-parse
5939 silly ADD node_modules/firebase-tools/node_modules/cross-spawn
5940 silly ADD node_modules/firebase-tools/node_modules/cross-env
5941 silly ADD node_modules/firebase-tools/node_modules/cors
5942 silly ADD node_modules/firebase-tools/node_modules/configstore
5943 silly ADD node_modules/firebase-tools/node_modules/commander
5944 silly ADD node_modules/firebase-tools/node_modules/colorette
5945 silly ADD node_modules/firebase-tools/node_modules/cli-table3
5946 silly ADD node_modules/firebase-tools/node_modules/cjson
5947 silly ADD node_modules/firebase-tools/node_modules/chokidar
5948 silly ADD node_modules/firebase-tools/node_modules/body-parser
5949 silly ADD node_modules/firebase-tools/node_modules/body-parser/node_modules/raw-body
5950 silly ADD node_modules/firebase-tools/node_modules/body-parser/node_modules/iconv-lite
5951 silly ADD node_modules/firebase-tools/node_modules/async-lock
5952 silly ADD node_modules/firebase-tools/node_modules/archiver
5953 silly ADD node_modules/firebase-tools/node_modules/ajv-formats
5954 silly ADD node_modules/firebase-tools/node_modules/ajv
5955 silly ADD node_modules/firebase-tools/node_modules/abort-controller
5956 silly ADD node_modules/firebase-tools/node_modules/@modelcontextprotocol/sdk
5957 silly ADD node_modules/firebase-tools/node_modules/@modelcontextprotocol/sdk/node_modules/media-typer
5958 silly ADD node_modules/firebase-tools/node_modules/@modelcontextprotocol/sdk/node_modules/mime-db
5959 silly ADD node_modules/firebase-tools/node_modules/@modelcontextprotocol/sdk/node_modules/ms
5960 silly ADD node_modules/firebase-tools/node_modules/@modelcontextprotocol/sdk/node_modules/negotiator
5961 silly ADD node_modules/firebase-tools/node_modules/@modelcontextprotocol/sdk/node_modules/type-is
5962 silly ADD node_modules/firebase-tools/node_modules/@modelcontextprotocol/sdk/node_modules/type-is/node_modules/content-type
5963 silly ADD node_modules/firebase-tools/node_modules/@modelcontextprotocol/sdk/node_modules/serve-static
5964 silly ADD node_modules/firebase-tools/node_modules/@modelcontextprotocol/sdk/node_modules/send
5965 silly ADD node_modules/firebase-tools/node_modules/@modelcontextprotocol/sdk/node_modules/mime-types
5966 silly ADD node_modules/firebase-tools/node_modules/@modelcontextprotocol/sdk/node_modules/merge-descriptors
5967 silly ADD node_modules/firebase-tools/node_modules/@modelcontextprotocol/sdk/node_modules/fresh
5968 silly ADD node_modules/firebase-tools/node_modules/@modelcontextprotocol/sdk/node_modules/finalhandler
5969 silly ADD node_modules/firebase-tools/node_modules/@modelcontextprotocol/sdk/node_modules/debug
5970 silly ADD node_modules/firebase-tools/node_modules/@modelcontextprotocol/sdk/node_modules/cookie-signature
5971 silly ADD node_modules/firebase-tools/node_modules/@modelcontextprotocol/sdk/node_modules/content-disposition
5972 silly ADD node_modules/firebase-tools/node_modules/@modelcontextprotocol/sdk/node_modules/body-parser
5973 silly ADD node_modules/firebase-tools/node_modules/@modelcontextprotocol/sdk/node_modules/body-parser/node_modules/content-type
5974 silly ADD node_modules/firebase-tools/node_modules/@modelcontextprotocol/sdk/node_modules/accepts
5975 silly ADD node_modules/firebase-tools/node_modules/@modelcontextprotocol/sdk/node_modules/express
5976 silly ADD node_modules/firebase-tools/node_modules/@inquirer/prompts
5977 silly ADD node_modules/firebase-tools/node_modules/@google-cloud/pubsub
5978 silly ADD node_modules/firebase-tools/node_modules/@google-cloud/pubsub/node_modules/data-uri-to-buffer
5979 silly ADD node_modules/firebase-tools/node_modules/@google-cloud/pubsub/node_modules/node-fetch
5980 silly ADD node_modules/firebase-tools/node_modules/@google-cloud/pubsub/node_modules/google-logging-utils
5981 silly ADD node_modules/firebase-tools/node_modules/@google-cloud/pubsub/node_modules/gcp-metadata
5982 silly ADD node_modules/firebase-tools/node_modules/@google-cloud/pubsub/node_modules/gaxios
5983 silly ADD node_modules/firebase-tools/node_modules/@google-cloud/pubsub/node_modules/google-auth-library
5984 silly ADD node_modules/firebase-tools/node_modules/@google-cloud/cloud-sql-connector
5985 silly ADD node_modules/firebase-tools/node_modules/@google-cloud/cloud-sql-connector/node_modules/data-uri-to-buffer
5986 silly ADD node_modules/firebase-tools/node_modules/@google-cloud/cloud-sql-connector/node_modules/google-logging-utils
5987 silly ADD node_modules/firebase-tools/node_modules/@google-cloud/cloud-sql-connector/node_modules/gcp-metadata
5988 silly ADD node_modules/firebase-tools/node_modules/@google-cloud/cloud-sql-connector/node_modules/node-fetch
5989 silly ADD node_modules/firebase-tools/node_modules/@google-cloud/cloud-sql-connector/node_modules/google-auth-library
5990 silly ADD node_modules/firebase-tools/node_modules/@google-cloud/cloud-sql-connector/node_modules/gaxios
5991 silly ADD node_modules/firebase-tools/node_modules/@electric-sql/pglite-tools
5992 silly ADD node_modules/firebase-tools/node_modules/@electric-sql/pglite
5993 silly ADD node_modules/firebase-tools/node_modules/@apphosting/common
5994 warn allow-scripts 2 packages have install scripts not yet covered by allowScripts:
5994 warn allow-scripts   protobufjs@7.6.4 (postinstall: node scripts/postinstall)
5994 warn allow-scripts   re2@1.25.0 (install: install-from-cache --artifact build/Release/re2.node --host-var RE2_DOWNLOAD_MIRROR --skip-path-var RE2_DOWNLOAD_SKIP_PATH --skip-ver-var RE2_DOWNLOAD_SKIP_VER || node-gyp -j max rebuild)
5994 warn allow-scripts
5994 warn allow-scripts Run `npm install -g --allow-scripts=protobufjs,re2` to allow these scripts once, or `npm config set allow-scripts=protobufjs,re2 --location=user` to allow them for all global installs.
5995 verbose cwd /home/facundogonzalezsolanoyt
5996 verbose os Linux 6.6.137+
5997 verbose node v24.16.0
5998 verbose npm  v11.17.0
5999 notice
5999 notice New [33mminor[39m version of npm available! [33m11.17.0[39m -> [34m11.18.0[39m
5999 notice Changelog: [34mhttps://github.com/npm/cli/releases/tag/v11.18.0[39m
5999 notice To update run: [4mnpm install -g npm@11.18.0[24m
5999 notice  { force: true, Symbol(proc-log.meta): true }
6000 verbose exit 0
6001 info ok
